{
	"type": 9,
	"id": "9:a5ae30f2-fcbc-4a12-ab45-da3a3eb3f4d7",
	"layerId": "default:9c365ed7-f327-49ea-9a44-a94a00c6b013",
	"properties":
	{
		"customAttributes": null,
		"reportTime": 1535459798987,
		"lastHeartbeat": null,
		"correlationExpression": null,
		"tags": [],
		"symbolCode": "SFGPUCI----H***",
		"style": null,
		"c2Attributes":
		{
			"type": 3,
			"name": "1BDE",
			"reportingOrganisationName": "GMUOrg",
			"classification": null,
			"effectiveFrom": null,
			"effectiveTo": null,
			"comment": "",
			"staffComment": null,
			"alternateName": "First Brigade",
			"operationalStatus": 1,
			"operationalStatusQualifier": 0,
			"orbatPath": "1BDE/3Div",
			"accuracy": 0,
			"reliability": 0,
			"affiliation": 0,
			"speed": null,
			"direction": null,
			"leftOrganisationName": null,
			"rightOrganisationName": null,
			"maxAltitude": null,
			"minAltitude": null,
			"priority": 1,
			"altitudeType": null,
			"aliases": null,
			"addresses": null,
			"subTypeCode": "",
			"reinforcement": null,
			"serviceCode": null,
			"hullNumber": null,
			"fillPattern": null	
		},
		"c2AttributesExt": null,
		"c2AttributesIed": null,
		"c2AttributesGuardZone": null,
		"c2AttributesRangeFanExt": null,
		"installationAttributes": null,
		"geometry":
		{
			"type": "point",
			"coordinates": 
			[
				-76.38571166992188,	
				37.6703981628418
			]	
		},
		"dafssAttributes": null,
		"issuingAuthority": null,
		"additionalInformation": null,
		"weaponType": null,
		"quantity": null,
		"c2Guid": null,
		"lastClientUpdateDiff": null	
	}	
}