{"filterLayers":{"id":"filterlayer","index":-1,"presentationName":"Smart Layers","presentationPath":"","restrictedByUser":"","rolesWithReadAccess":null,"rolesWithWriteAccess":null,"rolesWithOwnerAccess":[],"organisationOwnerId":null,"organisationOwnerSymbolCode":null,"organisationOwnerFqn":null,"hasOwnerAccess":false,"isOwnRepOrg":true,"parent":null,"category":null,"lastUpdateTime":null,"customAttributes":null,"groupType":"Track","items":[],"fullyQualifiedName":"Smart Layers"},"privateLayers":{"id":"private","index":-1,"presentationName":"private","presentationPath":"","restrictedByUser":"","rolesWithReadAccess":null,"rolesWithWriteAccess":null,"rolesWithOwnerAccess":[],"organisationOwnerId":null,"organisationOwnerSymbolCode":null,"organisationOwnerFqn":null,"hasOwnerAccess":false,"isOwnRepOrg":true,"parent":null,"category":null,"lastUpdateTime":null,"customAttributes":null,"groupType":"Track","items":[],"fullyQualifiedName":"private"},"ownOrganizationTrackLayers":[{"id":"aggregated:layer","index":-1,"presentationName":"Aggregated Layer","presentationPath":"","restrictedByUser":"","rolesWithReadAccess":[],"rolesWithWriteAccess":[],"rolesWithOwnerAccess":[],"organisationOwnerId":null,"organisationOwnerSymbolCode":null,"organisationOwnerFqn":null,"hasOwnerAccess":true,"isOwnRepOrg":true,"parent":null,"category":"Aggregation","lastUpdateTime":null,"customAttributes":null,"layerType":"C2","securityClassification":"Null","securityClassificationPrefix":null,"securityClassificationPostfix":null,"hasReadAccess":true,"hasWriteAccess":false,"orgName":null,"layerAnnotation":null,"situationOverlayGroupItem":null,"sourceLayers":[],"alarmEnabled":false,"trackDecorationDescriptionInfo":null,"shcUsage":null,"planName":null,"shcStatus":null,"overlayCreator":"UNKNOWN","tags":[],"c2Settings":null,"fullyQualifiedName":"Aggregated Layer"},{"id":"nffi:bec4-2pd7mdfqfky6j","index":-1,"presentationName":"GMU_Track","presentationPath":"","restrictedByUser":"","rolesWithReadAccess":[],"rolesWithWriteAccess":[],"rolesWithOwnerAccess":[],"organisationOwnerId":null,"organisationOwnerSymbolCode":null,"organisationOwnerFqn":null,"hasOwnerAccess":true,"isOwnRepOrg":true,"parent":null,"category":"No Category","lastUpdateTime":null,"customAttributes":null,"layerType":"NFFI","securityClassification":"Null","securityClassificationPrefix":null,"securityClassificationPostfix":null,"hasReadAccess":true,"hasWriteAccess":true,"orgName":null,"layerAnnotation":null,"situationOverlayGroupItem":null,"sourceLayers":[],"alarmEnabled":false,"trackDecorationDescriptionInfo":null,"shcUsage":null,"planName":null,"shcStatus":null,"overlayCreator":"UNKNOWN","tags":[],"c2Settings":null,"fullyQualifiedName":"GMU_Track"}],"ownOrganizationC2Layers":{"id":"9e5a698f-0187-446b-b404-0adddcf2374b","index":-1,"presentationName":"GMUOrg","presentationPath":"","restrictedByUser":"","rolesWithReadAccess":null,"rolesWithWriteAccess":null,"rolesWithOwnerAccess":[],"organisationOwnerId":"9e5a698f-0187-446b-b404-0adddcf2374b","organisationOwnerSymbolCode":"SFG-U----------","organisationOwnerFqn":"GMUOrg","hasOwnerAccess":false,"isOwnRepOrg":true,"parent":null,"category":null,"lastUpdateTime":null,"customAttributes":null,"groupType":"Owner","items":[{"id":"af9b3d05-cdf8-4faa-b45d-a96b01649f0b","index":-1,"presentationName":"UncorrelatedEnemyAndUnknown","presentationPath":"GMUOrg","restrictedByUser":"","rolesWithReadAccess":null,"rolesWithWriteAccess":null,"rolesWithOwnerAccess":[],"organisationOwnerId":"9e5a698f-0187-446b-b404-0adddcf2374b","organisationOwnerSymbolCode":null,"organisationOwnerFqn":null,"hasOwnerAccess":true,"isOwnRepOrg":true,"parent":"9e5a698f-0187-446b-b404-0adddcf2374b","category":"UncorrelatedEnemyAndUnknown","lastUpdateTime":1538343505107,"customAttributes":null,"groupType":"C2SIT","items":[{"id":"default:dbdd66de-6005-452c-9276-a96b01649f07","index":9534685,"presentationName":"SpotReports","presentationPath":"GMUOrg/UncorrelatedEnemyAndUnknown","restrictedByUser":"","rolesWithReadAccess":null,"rolesWithWriteAccess":null,"rolesWithOwnerAccess":[],"organisationOwnerId":"9e5a698f-0187-446b-b404-0adddcf2374b","organisationOwnerSymbolCode":null,"organisationOwnerFqn":null,"hasOwnerAccess":true,"isOwnRepOrg":true,"parent":"af9b3d05-cdf8-4faa-b45d-a96b01649f0b","category":"UncorrelatedEnemyAndUnknown","lastUpdateTime":1538343505107,"customAttributes":null,"layerType":"C2","securityClassification":"Unmarked","securityClassificationPrefix":"","securityClassificationPostfix":"","hasReadAccess":true,"hasWriteAccess":true,"orgName":"GMUOrg","layerAnnotation":null,"situationOverlayGroupItem":"90c6b6b7-edaa-4349-95bc-a96b01649f07","sourceLayers":[],"alarmEnabled":false,"trackDecorationDescriptionInfo":null,"shcUsage":null,"planName":null,"shcStatus":null,"overlayCreator":"UNKNOWN","tags":[],"c2Settings":{"accessMode":1,"mip":true},"fullyQualifiedName":"GMUOrg/UncorrelatedEnemyAndUnknown/SpotReports"}],"fullyQualifiedName":"GMUOrg/UncorrelatedEnemyAndUnknown"},{"id":"87f28aaf-f3bf-4797-9afd-a94a00c6b016","index":-1,"presentationName":"GloballySignificant","presentationPath":"GMUOrg","restrictedByUser":"","rolesWithReadAccess":null,"rolesWithWriteAccess":null,"rolesWithOwnerAccess":[],"organisationOwnerId":"9e5a698f-0187-446b-b404-0adddcf2374b","organisationOwnerSymbolCode":null,"organisationOwnerFqn":null,"hasOwnerAccess":true,"isOwnRepOrg":true,"parent":"9e5a698f-0187-446b-b404-0adddcf2374b","category":"GloballySignificant","lastUpdateTime":1535457804027,"customAttributes":null,"groupType":"C2SIT","items":[{"id":"default:9c365ed7-f327-49ea-9a44-a94a00c6b013","index":9648670,"presentationName":"GMU_Main","presentationPath":"GMUOrg/GloballySignificant","restrictedByUser":"","rolesWithReadAccess":null,"rolesWithWriteAccess":null,"rolesWithOwnerAccess":[],"organisationOwnerId":"9e5a698f-0187-446b-b404-0adddcf2374b","organisationOwnerSymbolCode":null,"organisationOwnerFqn":null,"hasOwnerAccess":true,"isOwnRepOrg":true,"parent":"87f28aaf-f3bf-4797-9afd-a94a00c6b016","category":"GloballySignificant","lastUpdateTime":1535457804027,"customAttributes":null,"layerType":"C2","securityClassification":"Unmarked","securityClassificationPrefix":"","securityClassificationPostfix":"","hasReadAccess":true,"hasWriteAccess":true,"orgName":"GMUOrg","layerAnnotation":null,"situationOverlayGroupItem":"4dab9590-815c-4b59-a321-a94a00c6b013","sourceLayers":[],"alarmEnabled":false,"trackDecorationDescriptionInfo":null,"shcUsage":null,"planName":null,"shcStatus":null,"overlayCreator":"UNKNOWN","tags":[],"c2Settings":{"accessMode":1,"mip":true},"fullyQualifiedName":"GMUOrg/GloballySignificant/GMU_Main"}],"fullyQualifiedName":"GMUOrg/GloballySignificant"}],"fullyQualifiedName":"GMUOrg"},"missions":[],"externalOrganizationLayers":[],"plansAndOrders":{"id":"88bdaf0e-5bf8-4058-ab36-31407b72bb95","index":-1,"presentationName":"PLANS AND ORDERS","presentationPath":"GMUOrg","restrictedByUser":"","rolesWithReadAccess":null,"rolesWithWriteAccess":null,"rolesWithOwnerAccess":[],"organisationOwnerId":"9e5a698f-0187-446b-b404-0adddcf2374b","organisationOwnerSymbolCode":null,"organisationOwnerFqn":null,"hasOwnerAccess":false,"isOwnRepOrg":true,"parent":"9e5a698f-0187-446b-b404-0adddcf2374b","category":"Plans and Orders","lastUpdateTime":null,"customAttributes":null,"groupType":"PlansAndOrders","items":[{"id":"group:R01VT3JnL1BMQU5TIEFORCBPUkRFUlNQTEFOUyBBTkQgT1JERVJT","index":-2,"presentationName":"PLANS AND ORDERS","presentationPath":"GMUOrg/PLANS AND ORDERS","restrictedByUser":"","rolesWithReadAccess":null,"rolesWithWriteAccess":null,"rolesWithOwnerAccess":[],"organisationOwnerId":"9e5a698f-0187-446b-b404-0adddcf2374b","organisationOwnerSymbolCode":null,"organisationOwnerFqn":null,"hasOwnerAccess":true,"isOwnRepOrg":true,"parent":"88bdaf0e-5bf8-4058-ab36-31407b72bb95","category":"Plans and Orders","lastUpdateTime":null,"customAttributes":null,"groupType":"PlanGroup","items":[{"id":"external-folder-id-1038134325","index":-2,"presentationName":"EXTERNAL","presentationPath":"GMUOrg/PLANS AND ORDERS/PLANS AND ORDERS","restrictedByUser":"","rolesWithReadAccess":null,"rolesWithWriteAccess":null,"rolesWithOwnerAccess":[],"organisationOwnerId":"9e5a698f-0187-446b-b404-0adddcf2374b","organisationOwnerSymbolCode":null,"organisationOwnerFqn":null,"hasOwnerAccess":true,"isOwnRepOrg":true,"parent":"group:R01VT3JnL1BMQU5TIEFORCBPUkRFUlNQTEFOUyBBTkQgT1JERVJT","category":"Plans and Orders","lastUpdateTime":null,"customAttributes":null,"groupType":"PlanGroup","items":[],"fullyQualifiedName":"GMUOrg/PLANS AND ORDERS/PLANS AND ORDERS/EXTERNAL"},{"id":"dc02e6ad-64a3-4fb2-ad0b-46911a79db42","index":-2,"presentationName":"Plan Templates","presentationPath":"GMUOrg/PLANS AND ORDERS/PLANS AND ORDERS","restrictedByUser":"","rolesWithReadAccess":null,"rolesWithWriteAccess":null,"rolesWithOwnerAccess":[],"organisationOwnerId":"9e5a698f-0187-446b-b404-0adddcf2374b","organisationOwnerSymbolCode":null,"organisationOwnerFqn":null,"hasOwnerAccess":true,"isOwnRepOrg":true,"parent":"group:R01VT3JnL1BMQU5TIEFORCBPUkRFUlNQTEFOUyBBTkQgT1JERVJT","category":"Plans and Orders","lastUpdateTime":null,"customAttributes":null,"groupType":"PlanGroup","items":[{"id":"487fb7a7-8c33-46a4-8f4f-a949012d0007","index":-2,"presentationName":"WNGO Template","presentationPath":"GMUOrg/PLANS AND ORDERS/PLANS AND ORDERS/Plan Templates","restrictedByUser":"","rolesWithReadAccess":null,"rolesWithWriteAccess":null,"rolesWithOwnerAccess":[],"organisationOwnerId":"9e5a698f-0187-446b-b404-0adddcf2374b","organisationOwnerSymbolCode":null,"organisationOwnerFqn":null,"hasOwnerAccess":true,"isOwnRepOrg":true,"parent":"dc02e6ad-64a3-4fb2-ad0b-46911a79db42","category":"Plans and Orders","lastUpdateTime":null,"customAttributes":null,"groupType":"Plan","items":[],"fullyQualifiedName":"GMUOrg/PLANS AND ORDERS/PLANS AND ORDERS/Plan Templates/WNGO Template"},{"id":"cea672e5-f288-4d16-84e2-a949012cfba9","index":-2,"presentationName":"FRAGO Template","presentationPath":"GMUOrg/PLANS AND ORDERS/PLANS AND ORDERS/Plan Templates","restrictedByUser":"","rolesWithReadAccess":null,"rolesWithWriteAccess":null,"rolesWithOwnerAccess":[],"organisationOwnerId":"9e5a698f-0187-446b-b404-0adddcf2374b","organisationOwnerSymbolCode":null,"organisationOwnerFqn":null,"hasOwnerAccess":true,"isOwnRepOrg":true,"parent":"dc02e6ad-64a3-4fb2-ad0b-46911a79db42","category":"Plans and Orders","lastUpdateTime":null,"customAttributes":null,"groupType":"Plan","items":[],"fullyQualifiedName":"GMUOrg/PLANS AND ORDERS/PLANS AND ORDERS/Plan Templates/FRAGO Template"},{"id":"77b21238-a800-434c-b3b0-a949012cfd56","index":-2,"presentationName":"OPORD Template","presentationPath":"GMUOrg/PLANS AND ORDERS/PLANS AND ORDERS/Plan Templates","restrictedByUser":"","rolesWithReadAccess":null,"rolesWithWriteAccess":null,"rolesWithOwnerAccess":[],"organisationOwnerId":"9e5a698f-0187-446b-b404-0adddcf2374b","organisationOwnerSymbolCode":null,"organisationOwnerFqn":null,"hasOwnerAccess":true,"isOwnRepOrg":true,"parent":"dc02e6ad-64a3-4fb2-ad0b-46911a79db42","category":"Plans and Orders","lastUpdateTime":null,"customAttributes":null,"groupType":"Plan","items":[{"id":"92701e84-d3aa-4187-a15f-1d688d27797f","index":-2,"presentationName":"Annex  A - Concept of Operations","presentationPath":"GMUOrg/PLANS AND ORDERS/PLANS AND ORDERS/Plan Templates/OPORD Template","restrictedByUser":"","rolesWithReadAccess":null,"rolesWithWriteAccess":null,"rolesWithOwnerAccess":[],"organisationOwnerId":"9e5a698f-0187-446b-b404-0adddcf2374b","organisationOwnerSymbolCode":null,"organisationOwnerFqn":null,"hasOwnerAccess":true,"isOwnRepOrg":true,"parent":"77b21238-a800-434c-b3b0-a949012cfd56","category":"Plans and Orders","lastUpdateTime":null,"customAttributes":null,"groupType":"PlanLayerGroup","items":[{"id":"default:9963bb9e-40e1-4c41-b6b5-a949012cfe42","index":0,"presentationName":"A-1  Ops Overlay","presentationPath":"PLANS AND ORDERS/Plan Templates/OPORD Template/Annex  A - Concept of Operations","restrictedByUser":"","rolesWithReadAccess":null,"rolesWithWriteAccess":null,"rolesWithOwnerAccess":[],"organisationOwnerId":"9e5a698f-0187-446b-b404-0adddcf2374b","organisationOwnerSymbolCode":null,"organisationOwnerFqn":null,"hasOwnerAccess":true,"isOwnRepOrg":false,"parent":"92701e84-d3aa-4187-a15f-1d688d27797f","category":"Plans and Orders","lastUpdateTime":null,"customAttributes":null,"layerType":"C2","securityClassification":"Unmarked","securityClassificationPrefix":"","securityClassificationPostfix":"","hasReadAccess":true,"hasWriteAccess":true,"orgName":"1BDE","layerAnnotation":null,"situationOverlayGroupItem":null,"sourceLayers":[],"alarmEnabled":false,"trackDecorationDescriptionInfo":null,"shcUsage":null,"planName":"OPORD Template","shcStatus":null,"overlayCreator":"UNKNOWN","tags":[],"c2Settings":{"accessMode":null,"mip":null},"fullyQualifiedName":"PLANS AND ORDERS/Plan Templates/OPORD Template/Annex  A - Concept of Operations/A-1  Ops Overlay"},{"id":"default:0f6695de-d260-425a-81cf-a949012cff51","index":2,"presentationName":"A-3  Ops Schematic","presentationPath":"PLANS AND ORDERS/Plan Templates/OPORD Template/Annex  A - Concept of Operations","restrictedByUser":"","rolesWithReadAccess":null,"rolesWithWriteAccess":null,"rolesWithOwnerAccess":[],"organisationOwnerId":"9e5a698f-0187-446b-b404-0adddcf2374b","organisationOwnerSymbolCode":null,"organisationOwnerFqn":null,"hasOwnerAccess":true,"isOwnRepOrg":false,"parent":"92701e84-d3aa-4187-a15f-1d688d27797f","category":"Plans and Orders","lastUpdateTime":null,"customAttributes":null,"layerType":"C2","securityClassification":"Unmarked","securityClassificationPrefix":"","securityClassificationPostfix":"","hasReadAccess":true,"hasWriteAccess":true,"orgName":"1BDE","layerAnnotation":null,"situationOverlayGroupItem":null,"sourceLayers":[],"alarmEnabled":false,"trackDecorationDescriptionInfo":null,"shcUsage":null,"planName":"OPORD Template","shcStatus":null,"overlayCreator":"UNKNOWN","tags":[],"c2Settings":{"accessMode":null,"mip":null},"fullyQualifiedName":"PLANS AND ORDERS/Plan Templates/OPORD Template/Annex  A - Concept of Operations/A-3  Ops Schematic"},{"id":"default:96ab6ded-5ae0-4308-8ccb-a949012cfebd","index":1,"presentationName":"A-2  Decision Support Overlay","presentationPath":"PLANS AND ORDERS/Plan Templates/OPORD Template/Annex  A - Concept of Operations","restrictedByUser":"","rolesWithReadAccess":null,"rolesWithWriteAccess":null,"rolesWithOwnerAccess":[],"organisationOwnerId":"9e5a698f-0187-446b-b404-0adddcf2374b","organisationOwnerSymbolCode":null,"organisationOwnerFqn":null,"hasOwnerAccess":true,"isOwnRepOrg":false,"parent":"92701e84-d3aa-4187-a15f-1d688d27797f","category":"Plans and Orders","lastUpdateTime":null,"customAttributes":null,"layerType":"C2","securityClassification":"Unmarked","securityClassificationPrefix":"","securityClassificationPostfix":"","hasReadAccess":true,"hasWriteAccess":true,"orgName":"1BDE","layerAnnotation":null,"situationOverlayGroupItem":null,"sourceLayers":[],"alarmEnabled":false,"trackDecorationDescriptionInfo":null,"shcUsage":null,"planName":"OPORD Template","shcStatus":null,"overlayCreator":"UNKNOWN","tags":[],"c2Settings":{"accessMode":null,"mip":null},"fullyQualifiedName":"PLANS AND ORDERS/Plan Templates/OPORD Template/Annex  A - Concept of Operations/A-2  Decision Support Overlay"}],"fullyQualifiedName":"GMUOrg/PLANS AND ORDERS/PLANS AND ORDERS/Plan Templates/OPORD Template/Annex  A - Concept of Operations"},{"id":"13208e48-40fa-4920-9bb3-5def5aff197f","index":-2,"presentationName":"Annex  B - Task Organisation and Command Relationships","presentationPath":"GMUOrg/PLANS AND ORDERS/PLANS AND ORDERS/Plan Templates/OPORD Template","restrictedByUser":"","rolesWithReadAccess":null,"rolesWithWriteAccess":null,"rolesWithOwnerAccess":[],"organisationOwnerId":"9e5a698f-0187-446b-b404-0adddcf2374b","organisationOwnerSymbolCode":null,"organisationOwnerFqn":null,"hasOwnerAccess":true,"isOwnRepOrg":true,"parent":"77b21238-a800-434c-b3b0-a949012cfd56","category":"Plans and Orders","lastUpdateTime":null,"customAttributes":null,"groupType":"PlanLayerGroup","items":[],"fullyQualifiedName":"GMUOrg/PLANS AND ORDERS/PLANS AND ORDERS/Plan Templates/OPORD Template/Annex  B - Task Organisation and Command Relationships"},{"id":"c1f7eca4-ab42-41b0-b417-cce19bc9c210","index":-2,"presentationName":"Annex  C - Forces - Missions and Tasks","presentationPath":"GMUOrg/PLANS AND ORDERS/PLANS AND ORDERS/Plan Templates/OPORD Template","restrictedByUser":"","rolesWithReadAccess":null,"rolesWithWriteAccess":null,"rolesWithOwnerAccess":[],"organisationOwnerId":"9e5a698f-0187-446b-b404-0adddcf2374b","organisationOwnerSymbolCode":null,"organisationOwnerFqn":null,"hasOwnerAccess":true,"isOwnRepOrg":true,"parent":"77b21238-a800-434c-b3b0-a949012cfd56","category":"Plans and Orders","lastUpdateTime":null,"customAttributes":null,"groupType":"PlanLayerGroup","items":[],"fullyQualifiedName":"GMUOrg/PLANS AND ORDERS/PLANS AND ORDERS/Plan Templates/OPORD Template/Annex  C - Forces - Missions and Tasks"},{"id":"5a8de784-7782-446c-b0a3-878484a1bcb9","index":-2,"presentationName":"Annex  D - Intelligence","presentationPath":"GMUOrg/PLANS AND ORDERS/PLANS AND ORDERS/Plan Templates/OPORD Template","restrictedByUser":"","rolesWithReadAccess":null,"rolesWithWriteAccess":null,"rolesWithOwnerAccess":[],"organisationOwnerId":"9e5a698f-0187-446b-b404-0adddcf2374b","organisationOwnerSymbolCode":null,"organisationOwnerFqn":null,"hasOwnerAccess":true,"isOwnRepOrg":true,"parent":"77b21238-a800-434c-b3b0-a949012cfd56","category":"Plans and Orders","lastUpdateTime":null,"customAttributes":null,"groupType":"PlanLayerGroup","items":[{"id":"default:fd3e9a9a-c646-4961-b5b4-a949012cfec4","index":5,"presentationName":"D-5  SIT Schematic","presentationPath":"PLANS AND ORDERS/Plan Templates/OPORD Template/Annex  D - Intelligence","restrictedByUser":"","rolesWithReadAccess":null,"rolesWithWriteAccess":null,"rolesWithOwnerAccess":[],"organisationOwnerId":"9e5a698f-0187-446b-b404-0adddcf2374b","organisationOwnerSymbolCode":null,"organisationOwnerFqn":null,"hasOwnerAccess":true,"isOwnRepOrg":false,"parent":"5a8de784-7782-446c-b0a3-878484a1bcb9","category":"Plans and Orders","lastUpdateTime":null,"customAttributes":null,"layerType":"C2","securityClassification":"Unmarked","securityClassificationPrefix":"","securityClassificationPostfix":"","hasReadAccess":true,"hasWriteAccess":true,"orgName":"1BDE","layerAnnotation":null,"situationOverlayGroupItem":null,"sourceLayers":[],"alarmEnabled":false,"trackDecorationDescriptionInfo":null,"shcUsage":null,"planName":"OPORD Template","shcStatus":null,"overlayCreator":"UNKNOWN","tags":[],"c2Settings":{"accessMode":null,"mip":null},"fullyQualifiedName":"PLANS AND ORDERS/Plan Templates/OPORD Template/Annex  D - Intelligence/D-5  SIT Schematic"},{"id":"default:f080313e-3a2d-4c30-89c4-a949012cfef4","index":6,"presentationName":"D-6  ACOA Schematic","presentationPath":"PLANS AND ORDERS/Plan Templates/OPORD Template/Annex  D - Intelligence","restrictedByUser":"","rolesWithReadAccess":null,"rolesWithWriteAccess":null,"rolesWithOwnerAccess":[],"organisationOwnerId":"9e5a698f-0187-446b-b404-0adddcf2374b","organisationOwnerSymbolCode":null,"organisationOwnerFqn":null,"hasOwnerAccess":true,"isOwnRepOrg":false,"parent":"5a8de784-7782-446c-b0a3-878484a1bcb9","category":"Plans and Orders","lastUpdateTime":null,"customAttributes":null,"layerType":"C2","securityClassification":"Unmarked","securityClassificationPrefix":"","securityClassificationPostfix":"","hasReadAccess":true,"hasWriteAccess":true,"orgName":"1BDE","layerAnnotation":null,"situationOverlayGroupItem":null,"sourceLayers":[],"alarmEnabled":false,"trackDecorationDescriptionInfo":null,"shcUsage":null,"planName":"OPORD Template","shcStatus":null,"overlayCreator":"UNKNOWN","tags":[],"c2Settings":{"accessMode":null,"mip":null},"fullyQualifiedName":"PLANS AND ORDERS/Plan Templates/OPORD Template/Annex  D - Intelligence/D-6  ACOA Schematic"},{"id":"default:f161bed5-7722-4544-814c-a949012cfe26","index":1,"presentationName":"D-1  Areas of Intelligence Responsibility and Interest","presentationPath":"PLANS AND ORDERS/Plan Templates/OPORD Template/Annex  D - Intelligence","restrictedByUser":"","rolesWithReadAccess":null,"rolesWithWriteAccess":null,"rolesWithOwnerAccess":[],"organisationOwnerId":"9e5a698f-0187-446b-b404-0adddcf2374b","organisationOwnerSymbolCode":null,"organisationOwnerFqn":null,"hasOwnerAccess":true,"isOwnRepOrg":false,"parent":"5a8de784-7782-446c-b0a3-878484a1bcb9","category":"Plans and Orders","lastUpdateTime":null,"customAttributes":null,"layerType":"C2","securityClassification":"Unmarked","securityClassificationPrefix":"","securityClassificationPostfix":"","hasReadAccess":true,"hasWriteAccess":true,"orgName":"1BDE","layerAnnotation":null,"situationOverlayGroupItem":null,"sourceLayers":[],"alarmEnabled":false,"trackDecorationDescriptionInfo":null,"shcUsage":null,"planName":"OPORD Template","shcStatus":null,"overlayCreator":"UNKNOWN","tags":[],"c2Settings":{"accessMode":null,"mip":null},"fullyQualifiedName":"PLANS AND ORDERS/Plan Templates/OPORD Template/Annex  D - Intelligence/D-1  Areas of Intelligence Responsibility and Interest"},{"id":"default:cb8c1e95-bfed-4980-8589-a949012cfe4e","index":3,"presentationName":"D-3 NAI-TAI overlay","presentationPath":"PLANS AND ORDERS/Plan Templates/OPORD Template/Annex  D - Intelligence","restrictedByUser":"","rolesWithReadAccess":null,"rolesWithWriteAccess":null,"rolesWithOwnerAccess":[],"organisationOwnerId":"9e5a698f-0187-446b-b404-0adddcf2374b","organisationOwnerSymbolCode":null,"organisationOwnerFqn":null,"hasOwnerAccess":true,"isOwnRepOrg":false,"parent":"5a8de784-7782-446c-b0a3-878484a1bcb9","category":"Plans and Orders","lastUpdateTime":null,"customAttributes":null,"layerType":"C2","securityClassification":"Unmarked","securityClassificationPrefix":"","securityClassificationPostfix":"","hasReadAccess":true,"hasWriteAccess":true,"orgName":"1BDE","layerAnnotation":null,"situationOverlayGroupItem":null,"sourceLayers":[],"alarmEnabled":false,"trackDecorationDescriptionInfo":null,"shcUsage":null,"planName":"OPORD Template","shcStatus":null,"overlayCreator":"UNKNOWN","tags":[],"c2Settings":{"accessMode":null,"mip":null},"fullyQualifiedName":"PLANS AND ORDERS/Plan Templates/OPORD Template/Annex  D - Intelligence/D-3 NAI-TAI overlay"}],"fullyQualifiedName":"GMUOrg/PLANS AND ORDERS/PLANS AND ORDERS/Plan Templates/OPORD Template/Annex  D - Intelligence"},{"id":"a5e6ba01-18bf-4ee0-8bb8-265044d5a9fa","index":-2,"presentationName":"Annex  E - Rules of Engagement","presentationPath":"GMUOrg/PLANS AND ORDERS/PLANS AND ORDERS/Plan Templates/OPORD Template","restrictedByUser":"","rolesWithReadAccess":null,"rolesWithWriteAccess":null,"rolesWithOwnerAccess":[],"organisationOwnerId":"9e5a698f-0187-446b-b404-0adddcf2374b","organisationOwnerSymbolCode":null,"organisationOwnerFqn":null,"hasOwnerAccess":true,"isOwnRepOrg":true,"parent":"77b21238-a800-434c-b3b0-a949012cfd56","category":"Plans and Orders","lastUpdateTime":null,"customAttributes":null,"groupType":"PlanLayerGroup","items":[],"fullyQualifiedName":"GMUOrg/PLANS AND ORDERS/PLANS AND ORDERS/Plan Templates/OPORD Template/Annex  E - Rules of Engagement"},{"id":"f7b4179d-4b1e-4279-b6ee-3b48c5397c5e","index":-2,"presentationName":"Annex  F - Maritime Operations","presentationPath":"GMUOrg/PLANS AND ORDERS/PLANS AND ORDERS/Plan Templates/OPORD Template","restrictedByUser":"","rolesWithReadAccess":null,"rolesWithWriteAccess":null,"rolesWithOwnerAccess":[],"organisationOwnerId":"9e5a698f-0187-446b-b404-0adddcf2374b","organisationOwnerSymbolCode":null,"organisationOwnerFqn":null,"hasOwnerAccess":true,"isOwnRepOrg":true,"parent":"77b21238-a800-434c-b3b0-a949012cfd56","category":"Plans and Orders","lastUpdateTime":null,"customAttributes":null,"groupType":"PlanLayerGroup","items":[{"id":"default:2e5d39fd-8587-48d9-b9b6-a949012cfe22","index":1,"presentationName":"F-1 Maritime Overlay","presentationPath":"PLANS AND ORDERS/Plan Templates/OPORD Template/Annex  F - Maritime Operations","restrictedByUser":"","rolesWithReadAccess":null,"rolesWithWriteAccess":null,"rolesWithOwnerAccess":[],"organisationOwnerId":"9e5a698f-0187-446b-b404-0adddcf2374b","organisationOwnerSymbolCode":null,"organisationOwnerFqn":null,"hasOwnerAccess":true,"isOwnRepOrg":false,"parent":"f7b4179d-4b1e-4279-b6ee-3b48c5397c5e","category":"Plans and Orders","lastUpdateTime":null,"customAttributes":null,"layerType":"C2","securityClassification":"Unmarked","securityClassificationPrefix":"","securityClassificationPostfix":"","hasReadAccess":true,"hasWriteAccess":true,"orgName":"1BDE","layerAnnotation":null,"situationOverlayGroupItem":null,"sourceLayers":[],"alarmEnabled":false,"trackDecorationDescriptionInfo":null,"shcUsage":null,"planName":"OPORD Template","shcStatus":null,"overlayCreator":"UNKNOWN","tags":[],"c2Settings":{"accessMode":null,"mip":null},"fullyQualifiedName":"PLANS AND ORDERS/Plan Templates/OPORD Template/Annex  F - Maritime Operations/F-1 Maritime Overlay"}],"fullyQualifiedName":"GMUOrg/PLANS AND ORDERS/PLANS AND ORDERS/Plan Templates/OPORD Template/Annex  F - Maritime Operations"},{"id":"d151cd85-40df-44b3-8f84-f1270ba92c88","index":-2,"presentationName":"Annex  G - Land Operations","presentationPath":"GMUOrg/PLANS AND ORDERS/PLANS AND ORDERS/Plan Templates/OPORD Template","restrictedByUser":"","rolesWithReadAccess":null,"rolesWithWriteAccess":null,"rolesWithOwnerAccess":[],"organisationOwnerId":"9e5a698f-0187-446b-b404-0adddcf2374b","organisationOwnerSymbolCode":null,"organisationOwnerFqn":null,"hasOwnerAccess":true,"isOwnRepOrg":true,"parent":"77b21238-a800-434c-b3b0-a949012cfd56","category":"Plans and Orders","lastUpdateTime":null,"customAttributes":null,"groupType":"PlanLayerGroup","items":[{"id":"default:491eb38c-54ec-4b05-9069-a949012cfee3","index":1,"presentationName":"G-1 Land Overlay","presentationPath":"PLANS AND ORDERS/Plan Templates/OPORD Template/Annex  G - Land Operations","restrictedByUser":"","rolesWithReadAccess":null,"rolesWithWriteAccess":null,"rolesWithOwnerAccess":[],"organisationOwnerId":"9e5a698f-0187-446b-b404-0adddcf2374b","organisationOwnerSymbolCode":null,"organisationOwnerFqn":null,"hasOwnerAccess":true,"isOwnRepOrg":false,"parent":"d151cd85-40df-44b3-8f84-f1270ba92c88","category":"Plans and Orders","lastUpdateTime":null,"customAttributes":null,"layerType":"C2","securityClassification":"Unmarked","securityClassificationPrefix":"","securityClassificationPostfix":"","hasReadAccess":true,"hasWriteAccess":true,"orgName":"1BDE","layerAnnotation":null,"situationOverlayGroupItem":null,"sourceLayers":[],"alarmEnabled":false,"trackDecorationDescriptionInfo":null,"shcUsage":null,"planName":"OPORD Template","shcStatus":null,"overlayCreator":"UNKNOWN","tags":[],"c2Settings":{"accessMode":null,"mip":null},"fullyQualifiedName":"PLANS AND ORDERS/Plan Templates/OPORD Template/Annex  G - Land Operations/G-1 Land Overlay"},{"id":"default:e3a2cc95-6e93-4218-850b-a949012cfeaa","index":3,"presentationName":"G-3 Aviation Support Overlay","presentationPath":"PLANS AND ORDERS/Plan Templates/OPORD Template/Annex  G - Land Operations","restrictedByUser":"","rolesWithReadAccess":null,"rolesWithWriteAccess":null,"rolesWithOwnerAccess":[],"organisationOwnerId":"9e5a698f-0187-446b-b404-0adddcf2374b","organisationOwnerSymbolCode":null,"organisationOwnerFqn":null,"hasOwnerAccess":true,"isOwnRepOrg":false,"parent":"d151cd85-40df-44b3-8f84-f1270ba92c88","category":"Plans and Orders","lastUpdateTime":null,"customAttributes":null,"layerType":"C2","securityClassification":"Unmarked","securityClassificationPrefix":"","securityClassificationPostfix":"","hasReadAccess":true,"hasWriteAccess":true,"orgName":"1BDE","layerAnnotation":null,"situationOverlayGroupItem":null,"sourceLayers":[],"alarmEnabled":false,"trackDecorationDescriptionInfo":null,"shcUsage":null,"planName":"OPORD Template","shcStatus":null,"overlayCreator":"UNKNOWN","tags":[],"c2Settings":{"accessMode":null,"mip":null},"fullyQualifiedName":"PLANS AND ORDERS/Plan Templates/OPORD Template/Annex  G - Land Operations/G-3 Aviation Support Overlay"},{"id":"default:be95bcb0-e12c-445a-b210-a949012cfecf","index":5,"presentationName":"G-5 Naval Support Overlay","presentationPath":"PLANS AND ORDERS/Plan Templates/OPORD Template/Annex  G - Land Operations","restrictedByUser":"","rolesWithReadAccess":null,"rolesWithWriteAccess":null,"rolesWithOwnerAccess":[],"organisationOwnerId":"9e5a698f-0187-446b-b404-0adddcf2374b","organisationOwnerSymbolCode":null,"organisationOwnerFqn":null,"hasOwnerAccess":true,"isOwnRepOrg":false,"parent":"d151cd85-40df-44b3-8f84-f1270ba92c88","category":"Plans and Orders","lastUpdateTime":null,"customAttributes":null,"layerType":"C2","securityClassification":"Unmarked","securityClassificationPrefix":"","securityClassificationPostfix":"","hasReadAccess":true,"hasWriteAccess":true,"orgName":"1BDE","layerAnnotation":null,"situationOverlayGroupItem":null,"sourceLayers":[],"alarmEnabled":false,"trackDecorationDescriptionInfo":null,"shcUsage":null,"planName":"OPORD Template","shcStatus":null,"overlayCreator":"UNKNOWN","tags":[],"c2Settings":{"accessMode":null,"mip":null},"fullyQualifiedName":"PLANS AND ORDERS/Plan Templates/OPORD Template/Annex  G - Land Operations/G-5 Naval Support Overlay"}],"fullyQualifiedName":"GMUOrg/PLANS AND ORDERS/PLANS AND ORDERS/Plan Templates/OPORD Template/Annex  G - Land Operations"},{"id":"b50b2fb3-3044-478d-808c-a2457512f738","index":-2,"presentationName":"Annex  H - Air Operations","presentationPath":"GMUOrg/PLANS AND ORDERS/PLANS AND ORDERS/Plan Templates/OPORD Template","restrictedByUser":"","rolesWithReadAccess":null,"rolesWithWriteAccess":null,"rolesWithOwnerAccess":[],"organisationOwnerId":"9e5a698f-0187-446b-b404-0adddcf2374b","organisationOwnerSymbolCode":null,"organisationOwnerFqn":null,"hasOwnerAccess":true,"isOwnRepOrg":true,"parent":"77b21238-a800-434c-b3b0-a949012cfd56","category":"Plans and Orders","lastUpdateTime":null,"customAttributes":null,"groupType":"PlanLayerGroup","items":[{"id":"default:ce6b9697-4978-4223-a84b-a949012cfef8","index":2,"presentationName":"H-2  UAV and HEL routes","presentationPath":"PLANS AND ORDERS/Plan Templates/OPORD Template/Annex  H - Air Operations","restrictedByUser":"","rolesWithReadAccess":null,"rolesWithWriteAccess":null,"rolesWithOwnerAccess":[],"organisationOwnerId":"9e5a698f-0187-446b-b404-0adddcf2374b","organisationOwnerSymbolCode":null,"organisationOwnerFqn":null,"hasOwnerAccess":true,"isOwnRepOrg":false,"parent":"b50b2fb3-3044-478d-808c-a2457512f738","category":"Plans and Orders","lastUpdateTime":null,"customAttributes":null,"layerType":"C2","securityClassification":"Unmarked","securityClassificationPrefix":"","securityClassificationPostfix":"","hasReadAccess":true,"hasWriteAccess":true,"orgName":"1BDE","layerAnnotation":null,"situationOverlayGroupItem":null,"sourceLayers":[],"alarmEnabled":false,"trackDecorationDescriptionInfo":null,"shcUsage":null,"planName":"OPORD Template","shcStatus":null,"overlayCreator":"UNKNOWN","tags":[],"c2Settings":{"accessMode":null,"mip":null},"fullyQualifiedName":"PLANS AND ORDERS/Plan Templates/OPORD Template/Annex  H - Air Operations/H-2  UAV and HEL routes"},{"id":"default:8964d4c4-11a9-42a2-a694-a949012cfe8f","index":1,"presentationName":"H-1 Airspace Command and Control Overlay","presentationPath":"PLANS AND ORDERS/Plan Templates/OPORD Template/Annex  H - Air Operations","restrictedByUser":"","rolesWithReadAccess":null,"rolesWithWriteAccess":null,"rolesWithOwnerAccess":[],"organisationOwnerId":"9e5a698f-0187-446b-b404-0adddcf2374b","organisationOwnerSymbolCode":null,"organisationOwnerFqn":null,"hasOwnerAccess":true,"isOwnRepOrg":false,"parent":"b50b2fb3-3044-478d-808c-a2457512f738","category":"Plans and Orders","lastUpdateTime":null,"customAttributes":null,"layerType":"C2","securityClassification":"Unmarked","securityClassificationPrefix":"","securityClassificationPostfix":"","hasReadAccess":true,"hasWriteAccess":true,"orgName":"1BDE","layerAnnotation":null,"situationOverlayGroupItem":null,"sourceLayers":[],"alarmEnabled":false,"trackDecorationDescriptionInfo":null,"shcUsage":null,"planName":"OPORD Template","shcStatus":null,"overlayCreator":"UNKNOWN","tags":[],"c2Settings":{"accessMode":null,"mip":null},"fullyQualifiedName":"PLANS AND ORDERS/Plan Templates/OPORD Template/Annex  H - Air Operations/H-1 Airspace Command and Control Overlay"}],"fullyQualifiedName":"GMUOrg/PLANS AND ORDERS/PLANS AND ORDERS/Plan Templates/OPORD Template/Annex  H - Air Operations"},{"id":"744b5e42-9059-4994-aea3-1cfd12120668","index":-2,"presentationName":"Annex  I - Amphibious Operations","presentationPath":"GMUOrg/PLANS AND ORDERS/PLANS AND ORDERS/Plan Templates/OPORD Template","restrictedByUser":"","rolesWithReadAccess":null,"rolesWithWriteAccess":null,"rolesWithOwnerAccess":[],"organisationOwnerId":"9e5a698f-0187-446b-b404-0adddcf2374b","organisationOwnerSymbolCode":null,"organisationOwnerFqn":null,"hasOwnerAccess":true,"isOwnRepOrg":true,"parent":"77b21238-a800-434c-b3b0-a949012cfd56","category":"Plans and Orders","lastUpdateTime":null,"customAttributes":null,"groupType":"PlanLayerGroup","items":[{"id":"default:22c04ae0-ec47-4e0b-8815-a949012cff62","index":2,"presentationName":"I-1 Amphibious Overlay","presentationPath":"PLANS AND ORDERS/Plan Templates/OPORD Template/Annex  I - Amphibious Operations","restrictedByUser":"","rolesWithReadAccess":null,"rolesWithWriteAccess":null,"rolesWithOwnerAccess":[],"organisationOwnerId":"9e5a698f-0187-446b-b404-0adddcf2374b","organisationOwnerSymbolCode":null,"organisationOwnerFqn":null,"hasOwnerAccess":true,"isOwnRepOrg":false,"parent":"744b5e42-9059-4994-aea3-1cfd12120668","category":"Plans and Orders","lastUpdateTime":null,"customAttributes":null,"layerType":"C2","securityClassification":"Unmarked","securityClassificationPrefix":"","securityClassificationPostfix":"","hasReadAccess":true,"hasWriteAccess":true,"orgName":"1BDE","layerAnnotation":null,"situationOverlayGroupItem":null,"sourceLayers":[],"alarmEnabled":false,"trackDecorationDescriptionInfo":null,"shcUsage":null,"planName":"OPORD Template","shcStatus":null,"overlayCreator":"UNKNOWN","tags":[],"c2Settings":{"accessMode":null,"mip":null},"fullyQualifiedName":"PLANS AND ORDERS/Plan Templates/OPORD Template/Annex  I - Amphibious Operations/I-1 Amphibious Overlay"}],"fullyQualifiedName":"GMUOrg/PLANS AND ORDERS/PLANS AND ORDERS/Plan Templates/OPORD Template/Annex  I - Amphibious Operations"},{"id":"9ef71fb6-dce9-48eb-b1cc-b9a47d5b1933","index":-2,"presentationName":"Annex  J - Force Protection","presentationPath":"GMUOrg/PLANS AND ORDERS/PLANS AND ORDERS/Plan Templates/OPORD Template","restrictedByUser":"","rolesWithReadAccess":null,"rolesWithWriteAccess":null,"rolesWithOwnerAccess":[],"organisationOwnerId":"9e5a698f-0187-446b-b404-0adddcf2374b","organisationOwnerSymbolCode":null,"organisationOwnerFqn":null,"hasOwnerAccess":true,"isOwnRepOrg":true,"parent":"77b21238-a800-434c-b3b0-a949012cfd56","category":"Plans and Orders","lastUpdateTime":null,"customAttributes":null,"groupType":"PlanLayerGroup","items":[],"fullyQualifiedName":"GMUOrg/PLANS AND ORDERS/PLANS AND ORDERS/Plan Templates/OPORD Template/Annex  J - Force Protection"},{"id":"ed9bfa1b-9955-4109-a223-2c8d857fcdc9","index":-2,"presentationName":"Annex  K - Special Operations","presentationPath":"GMUOrg/PLANS AND ORDERS/PLANS AND ORDERS/Plan Templates/OPORD Template","restrictedByUser":"","rolesWithReadAccess":null,"rolesWithWriteAccess":null,"rolesWithOwnerAccess":[],"organisationOwnerId":"9e5a698f-0187-446b-b404-0adddcf2374b","organisationOwnerSymbolCode":null,"organisationOwnerFqn":null,"hasOwnerAccess":true,"isOwnRepOrg":true,"parent":"77b21238-a800-434c-b3b0-a949012cfd56","category":"Plans and Orders","lastUpdateTime":null,"customAttributes":null,"groupType":"PlanLayerGroup","items":[],"fullyQualifiedName":"GMUOrg/PLANS AND ORDERS/PLANS AND ORDERS/Plan Templates/OPORD Template/Annex  K - Special Operations"},{"id":"261c2b18-d66e-4e45-bd64-38f6ceb1d0b2","index":-2,"presentationName":"Annex  L - Psychological Operations","presentationPath":"GMUOrg/PLANS AND ORDERS/PLANS AND ORDERS/Plan Templates/OPORD Template","restrictedByUser":"","rolesWithReadAccess":null,"rolesWithWriteAccess":null,"rolesWithOwnerAccess":[],"organisationOwnerId":"9e5a698f-0187-446b-b404-0adddcf2374b","organisationOwnerSymbolCode":null,"organisationOwnerFqn":null,"hasOwnerAccess":true,"isOwnRepOrg":true,"parent":"77b21238-a800-434c-b3b0-a949012cfd56","category":"Plans and Orders","lastUpdateTime":null,"customAttributes":null,"groupType":"PlanLayerGroup","items":[{"id":"default:1df271ef-af17-48d8-bbfd-a949012cfecc","index":1,"presentationName":"L-1 PSYOPS Overlay","presentationPath":"PLANS AND ORDERS/Plan Templates/OPORD Template/Annex  L - Psychological Operations","restrictedByUser":"","rolesWithReadAccess":null,"rolesWithWriteAccess":null,"rolesWithOwnerAccess":[],"organisationOwnerId":"9e5a698f-0187-446b-b404-0adddcf2374b","organisationOwnerSymbolCode":null,"organisationOwnerFqn":null,"hasOwnerAccess":true,"isOwnRepOrg":false,"parent":"261c2b18-d66e-4e45-bd64-38f6ceb1d0b2","category":"Plans and Orders","lastUpdateTime":null,"customAttributes":null,"layerType":"C2","securityClassification":"Unmarked","securityClassificationPrefix":"","securityClassificationPostfix":"","hasReadAccess":true,"hasWriteAccess":true,"orgName":"1BDE","layerAnnotation":null,"situationOverlayGroupItem":null,"sourceLayers":[],"alarmEnabled":false,"trackDecorationDescriptionInfo":null,"shcUsage":null,"planName":"OPORD Template","shcStatus":null,"overlayCreator":"UNKNOWN","tags":[],"c2Settings":{"accessMode":null,"mip":null},"fullyQualifiedName":"PLANS AND ORDERS/Plan Templates/OPORD Template/Annex  L - Psychological Operations/L-1 PSYOPS Overlay"}],"fullyQualifiedName":"GMUOrg/PLANS AND ORDERS/PLANS AND ORDERS/Plan Templates/OPORD Template/Annex  L - Psychological Operations"},{"id":"461f0466-ad9f-4bb9-9d45-31df079d0c3f","index":-2,"presentationName":"Annex  O - Information Operations","presentationPath":"GMUOrg/PLANS AND ORDERS/PLANS AND ORDERS/Plan Templates/OPORD Template","restrictedByUser":"","rolesWithReadAccess":null,"rolesWithWriteAccess":null,"rolesWithOwnerAccess":[],"organisationOwnerId":"9e5a698f-0187-446b-b404-0adddcf2374b","organisationOwnerSymbolCode":null,"organisationOwnerFqn":null,"hasOwnerAccess":true,"isOwnRepOrg":true,"parent":"77b21238-a800-434c-b3b0-a949012cfd56","category":"Plans and Orders","lastUpdateTime":null,"customAttributes":null,"groupType":"PlanLayerGroup","items":[{"id":"default:b198b2fa-2cc4-4ad6-95ee-a949012cfe5e","index":1,"presentationName":"O-1 INFO OPS Overlay","presentationPath":"PLANS AND ORDERS/Plan Templates/OPORD Template/Annex  O - Information Operations","restrictedByUser":"","rolesWithReadAccess":null,"rolesWithWriteAccess":null,"rolesWithOwnerAccess":[],"organisationOwnerId":"9e5a698f-0187-446b-b404-0adddcf2374b","organisationOwnerSymbolCode":null,"organisationOwnerFqn":null,"hasOwnerAccess":true,"isOwnRepOrg":false,"parent":"461f0466-ad9f-4bb9-9d45-31df079d0c3f","category":"Plans and Orders","lastUpdateTime":null,"customAttributes":null,"layerType":"C2","securityClassification":"Unmarked","securityClassificationPrefix":"","securityClassificationPostfix":"","hasReadAccess":true,"hasWriteAccess":true,"orgName":"1BDE","layerAnnotation":null,"situationOverlayGroupItem":null,"sourceLayers":[],"alarmEnabled":false,"trackDecorationDescriptionInfo":null,"shcUsage":null,"planName":"OPORD Template","shcStatus":null,"overlayCreator":"UNKNOWN","tags":[],"c2Settings":{"accessMode":null,"mip":null},"fullyQualifiedName":"PLANS AND ORDERS/Plan Templates/OPORD Template/Annex  O - Information Operations/O-1 INFO OPS Overlay"}],"fullyQualifiedName":"GMUOrg/PLANS AND ORDERS/PLANS AND ORDERS/Plan Templates/OPORD Template/Annex  O - Information Operations"},{"id":"ad5b66e7-5efa-4e25-b5cd-19076dd7f01b","index":-2,"presentationName":"Annex  P - Electronic Warfare","presentationPath":"GMUOrg/PLANS AND ORDERS/PLANS AND ORDERS/Plan Templates/OPORD Template","restrictedByUser":"","rolesWithReadAccess":null,"rolesWithWriteAccess":null,"rolesWithOwnerAccess":[],"organisationOwnerId":"9e5a698f-0187-446b-b404-0adddcf2374b","organisationOwnerSymbolCode":null,"organisationOwnerFqn":null,"hasOwnerAccess":true,"isOwnRepOrg":true,"parent":"77b21238-a800-434c-b3b0-a949012cfd56","category":"Plans and Orders","lastUpdateTime":null,"customAttributes":null,"groupType":"PlanLayerGroup","items":[],"fullyQualifiedName":"GMUOrg/PLANS AND ORDERS/PLANS AND ORDERS/Plan Templates/OPORD Template/Annex  P - Electronic Warfare"},{"id":"170e8abe-87eb-45b1-8093-9afe943ad3af","index":-2,"presentationName":"Annex  Q - Communications and Information Systems","presentationPath":"GMUOrg/PLANS AND ORDERS/PLANS AND ORDERS/Plan Templates/OPORD Template","restrictedByUser":"","rolesWithReadAccess":null,"rolesWithWriteAccess":null,"rolesWithOwnerAccess":[],"organisationOwnerId":"9e5a698f-0187-446b-b404-0adddcf2374b","organisationOwnerSymbolCode":null,"organisationOwnerFqn":null,"hasOwnerAccess":true,"isOwnRepOrg":true,"parent":"77b21238-a800-434c-b3b0-a949012cfd56","category":"Plans and Orders","lastUpdateTime":null,"customAttributes":null,"groupType":"PlanLayerGroup","items":[{"id":"default:bc50e3f2-c91b-4dd8-8a07-a949012cfef4","index":1,"presentationName":"Q-1 CIS Overlay","presentationPath":"PLANS AND ORDERS/Plan Templates/OPORD Template/Annex  Q - Communications and Information Systems","restrictedByUser":"","rolesWithReadAccess":null,"rolesWithWriteAccess":null,"rolesWithOwnerAccess":[],"organisationOwnerId":"9e5a698f-0187-446b-b404-0adddcf2374b","organisationOwnerSymbolCode":null,"organisationOwnerFqn":null,"hasOwnerAccess":true,"isOwnRepOrg":false,"parent":"170e8abe-87eb-45b1-8093-9afe943ad3af","category":"Plans and Orders","lastUpdateTime":null,"customAttributes":null,"layerType":"C2","securityClassification":"Unmarked","securityClassificationPrefix":"","securityClassificationPostfix":"","hasReadAccess":true,"hasWriteAccess":true,"orgName":"1BDE","layerAnnotation":null,"situationOverlayGroupItem":null,"sourceLayers":[],"alarmEnabled":false,"trackDecorationDescriptionInfo":null,"shcUsage":null,"planName":"OPORD Template","shcStatus":null,"overlayCreator":"UNKNOWN","tags":[],"c2Settings":{"accessMode":null,"mip":null},"fullyQualifiedName":"PLANS AND ORDERS/Plan Templates/OPORD Template/Annex  Q - Communications and Information Systems/Q-1 CIS Overlay"}],"fullyQualifiedName":"GMUOrg/PLANS AND ORDERS/PLANS AND ORDERS/Plan Templates/OPORD Template/Annex  Q - Communications and Information Systems"},{"id":"376f95e4-bf45-4386-aa95-514f838d0920","index":-2,"presentationName":"Annex  R - Logistics","presentationPath":"GMUOrg/PLANS AND ORDERS/PLANS AND ORDERS/Plan Templates/OPORD Template","restrictedByUser":"","rolesWithReadAccess":null,"rolesWithWriteAccess":null,"rolesWithOwnerAccess":[],"organisationOwnerId":"9e5a698f-0187-446b-b404-0adddcf2374b","organisationOwnerSymbolCode":null,"organisationOwnerFqn":null,"hasOwnerAccess":true,"isOwnRepOrg":true,"parent":"77b21238-a800-434c-b3b0-a949012cfd56","category":"Plans and Orders","lastUpdateTime":null,"customAttributes":null,"groupType":"PlanLayerGroup","items":[{"id":"default:406de72c-eb9d-47b5-a29a-a949012cfe63","index":3,"presentationName":"R-3 Traffic Circulation Overlay","presentationPath":"PLANS AND ORDERS/Plan Templates/OPORD Template/Annex  R - Logistics","restrictedByUser":"","rolesWithReadAccess":null,"rolesWithWriteAccess":null,"rolesWithOwnerAccess":[],"organisationOwnerId":"9e5a698f-0187-446b-b404-0adddcf2374b","organisationOwnerSymbolCode":null,"organisationOwnerFqn":null,"hasOwnerAccess":true,"isOwnRepOrg":false,"parent":"376f95e4-bf45-4386-aa95-514f838d0920","category":"Plans and Orders","lastUpdateTime":null,"customAttributes":null,"layerType":"C2","securityClassification":"Unmarked","securityClassificationPrefix":"","securityClassificationPostfix":"","hasReadAccess":true,"hasWriteAccess":true,"orgName":"1BDE","layerAnnotation":null,"situationOverlayGroupItem":null,"sourceLayers":[],"alarmEnabled":false,"trackDecorationDescriptionInfo":null,"shcUsage":null,"planName":"OPORD Template","shcStatus":null,"overlayCreator":"UNKNOWN","tags":[],"c2Settings":{"accessMode":null,"mip":null},"fullyQualifiedName":"PLANS AND ORDERS/Plan Templates/OPORD Template/Annex  R - Logistics/R-3 Traffic Circulation Overlay"},{"id":"default:badefa9a-846f-49f3-91ca-a949012cfe55","index":1,"presentationName":"R-1 Logistics Overlay","presentationPath":"PLANS AND ORDERS/Plan Templates/OPORD Template/Annex  R - Logistics","restrictedByUser":"","rolesWithReadAccess":null,"rolesWithWriteAccess":null,"rolesWithOwnerAccess":[],"organisationOwnerId":"9e5a698f-0187-446b-b404-0adddcf2374b","organisationOwnerSymbolCode":null,"organisationOwnerFqn":null,"hasOwnerAccess":true,"isOwnRepOrg":false,"parent":"376f95e4-bf45-4386-aa95-514f838d0920","category":"Plans and Orders","lastUpdateTime":null,"customAttributes":null,"layerType":"C2","securityClassification":"Unmarked","securityClassificationPrefix":"","securityClassificationPostfix":"","hasReadAccess":true,"hasWriteAccess":true,"orgName":"1BDE","layerAnnotation":null,"situationOverlayGroupItem":null,"sourceLayers":[],"alarmEnabled":false,"trackDecorationDescriptionInfo":null,"shcUsage":null,"planName":"OPORD Template","shcStatus":null,"overlayCreator":"UNKNOWN","tags":[],"c2Settings":{"accessMode":null,"mip":null},"fullyQualifiedName":"PLANS AND ORDERS/Plan Templates/OPORD Template/Annex  R - Logistics/R-1 Logistics Overlay"}],"fullyQualifiedName":"GMUOrg/PLANS AND ORDERS/PLANS AND ORDERS/Plan Templates/OPORD Template/Annex  R - Logistics"},{"id":"63afb233-47e4-4c61-b7e6-7bf7d4c84646","index":-2,"presentationName":"Annex  S - Movements","presentationPath":"GMUOrg/PLANS AND ORDERS/PLANS AND ORDERS/Plan Templates/OPORD Template","restrictedByUser":"","rolesWithReadAccess":null,"rolesWithWriteAccess":null,"rolesWithOwnerAccess":[],"organisationOwnerId":"9e5a698f-0187-446b-b404-0adddcf2374b","organisationOwnerSymbolCode":null,"organisationOwnerFqn":null,"hasOwnerAccess":true,"isOwnRepOrg":true,"parent":"77b21238-a800-434c-b3b0-a949012cfd56","category":"Plans and Orders","lastUpdateTime":null,"customAttributes":null,"groupType":"PlanLayerGroup","items":[{"id":"default:c80a02cd-be66-45c3-802b-a949012cfe7c","index":1,"presentationName":"S-1  Movement Overlay","presentationPath":"PLANS AND ORDERS/Plan Templates/OPORD Template/Annex  S - Movements","restrictedByUser":"","rolesWithReadAccess":null,"rolesWithWriteAccess":null,"rolesWithOwnerAccess":[],"organisationOwnerId":"9e5a698f-0187-446b-b404-0adddcf2374b","organisationOwnerSymbolCode":null,"organisationOwnerFqn":null,"hasOwnerAccess":true,"isOwnRepOrg":false,"parent":"63afb233-47e4-4c61-b7e6-7bf7d4c84646","category":"Plans and Orders","lastUpdateTime":null,"customAttributes":null,"layerType":"C2","securityClassification":"Unmarked","securityClassificationPrefix":"","securityClassificationPostfix":"","hasReadAccess":true,"hasWriteAccess":true,"orgName":"1BDE","layerAnnotation":null,"situationOverlayGroupItem":null,"sourceLayers":[],"alarmEnabled":false,"trackDecorationDescriptionInfo":null,"shcUsage":null,"planName":"OPORD Template","shcStatus":null,"overlayCreator":"UNKNOWN","tags":[],"c2Settings":{"accessMode":null,"mip":null},"fullyQualifiedName":"PLANS AND ORDERS/Plan Templates/OPORD Template/Annex  S - Movements/S-1  Movement Overlay"},{"id":"default:ed4e9a5f-77aa-4030-9cb1-a949012cfee3","index":2,"presentationName":"S-2  Road- Waterway and Rail Network","presentationPath":"PLANS AND ORDERS/Plan Templates/OPORD Template/Annex  S - Movements","restrictedByUser":"","rolesWithReadAccess":null,"rolesWithWriteAccess":null,"rolesWithOwnerAccess":[],"organisationOwnerId":"9e5a698f-0187-446b-b404-0adddcf2374b","organisationOwnerSymbolCode":null,"organisationOwnerFqn":null,"hasOwnerAccess":true,"isOwnRepOrg":false,"parent":"63afb233-47e4-4c61-b7e6-7bf7d4c84646","category":"Plans and Orders","lastUpdateTime":null,"customAttributes":null,"layerType":"C2","securityClassification":"Unmarked","securityClassificationPrefix":"","securityClassificationPostfix":"","hasReadAccess":true,"hasWriteAccess":true,"orgName":"1BDE","layerAnnotation":null,"situationOverlayGroupItem":null,"sourceLayers":[],"alarmEnabled":false,"trackDecorationDescriptionInfo":null,"shcUsage":null,"planName":"OPORD Template","shcStatus":null,"overlayCreator":"UNKNOWN","tags":[],"c2Settings":{"accessMode":null,"mip":null},"fullyQualifiedName":"PLANS AND ORDERS/Plan Templates/OPORD Template/Annex  S - Movements/S-2  Road- Waterway and Rail Network"}],"fullyQualifiedName":"GMUOrg/PLANS AND ORDERS/PLANS AND ORDERS/Plan Templates/OPORD Template/Annex  S - Movements"},{"id":"59402d75-3505-47b9-b3ef-1452a55edb3d","index":-2,"presentationName":"Annex  T - Environmental Support","presentationPath":"GMUOrg/PLANS AND ORDERS/PLANS AND ORDERS/Plan Templates/OPORD Template","restrictedByUser":"","rolesWithReadAccess":null,"rolesWithWriteAccess":null,"rolesWithOwnerAccess":[],"organisationOwnerId":"9e5a698f-0187-446b-b404-0adddcf2374b","organisationOwnerSymbolCode":null,"organisationOwnerFqn":null,"hasOwnerAccess":true,"isOwnRepOrg":true,"parent":"77b21238-a800-434c-b3b0-a949012cfd56","category":"Plans and Orders","lastUpdateTime":null,"customAttributes":null,"groupType":"PlanLayerGroup","items":[{"id":"default:98dc0542-d21d-43e2-86e6-a949012cfe67","index":0,"presentationName":"T-1 Environmental Overlay","presentationPath":"PLANS AND ORDERS/Plan Templates/OPORD Template/Annex  T - Environmental Support","restrictedByUser":"","rolesWithReadAccess":null,"rolesWithWriteAccess":null,"rolesWithOwnerAccess":[],"organisationOwnerId":"9e5a698f-0187-446b-b404-0adddcf2374b","organisationOwnerSymbolCode":null,"organisationOwnerFqn":null,"hasOwnerAccess":true,"isOwnRepOrg":false,"parent":"59402d75-3505-47b9-b3ef-1452a55edb3d","category":"Plans and Orders","lastUpdateTime":null,"customAttributes":null,"layerType":"C2","securityClassification":"Unmarked","securityClassificationPrefix":"","securityClassificationPostfix":"","hasReadAccess":true,"hasWriteAccess":true,"orgName":"1BDE","layerAnnotation":null,"situationOverlayGroupItem":null,"sourceLayers":[],"alarmEnabled":false,"trackDecorationDescriptionInfo":null,"shcUsage":null,"planName":"OPORD Template","shcStatus":null,"overlayCreator":"UNKNOWN","tags":[],"c2Settings":{"accessMode":null,"mip":null},"fullyQualifiedName":"PLANS AND ORDERS/Plan Templates/OPORD Template/Annex  T - Environmental Support/T-1 Environmental Overlay"}],"fullyQualifiedName":"GMUOrg/PLANS AND ORDERS/PLANS AND ORDERS/Plan Templates/OPORD Template/Annex  T - Environmental Support"},{"id":"8246bddd-4b39-4d91-8ed6-7b57aa296271","index":-2,"presentationName":"Annex  U - Operations in a NBC Weapons Environment","presentationPath":"GMUOrg/PLANS AND ORDERS/PLANS AND ORDERS/Plan Templates/OPORD Template","restrictedByUser":"","rolesWithReadAccess":null,"rolesWithWriteAccess":null,"rolesWithOwnerAccess":[],"organisationOwnerId":"9e5a698f-0187-446b-b404-0adddcf2374b","organisationOwnerSymbolCode":null,"organisationOwnerFqn":null,"hasOwnerAccess":true,"isOwnRepOrg":true,"parent":"77b21238-a800-434c-b3b0-a949012cfd56","category":"Plans and Orders","lastUpdateTime":null,"customAttributes":null,"groupType":"PlanLayerGroup","items":[{"id":"default:c257393a-e631-45bd-aeae-a949012cfecc","index":2,"presentationName":"U-2 NBC - Bases and Facilities","presentationPath":"PLANS AND ORDERS/Plan Templates/OPORD Template/Annex  U - Operations in a NBC Weapons Environment","restrictedByUser":"","rolesWithReadAccess":null,"rolesWithWriteAccess":null,"rolesWithOwnerAccess":[],"organisationOwnerId":"9e5a698f-0187-446b-b404-0adddcf2374b","organisationOwnerSymbolCode":null,"organisationOwnerFqn":null,"hasOwnerAccess":true,"isOwnRepOrg":false,"parent":"8246bddd-4b39-4d91-8ed6-7b57aa296271","category":"Plans and Orders","lastUpdateTime":null,"customAttributes":null,"layerType":"C2","securityClassification":"Unmarked","securityClassificationPrefix":"","securityClassificationPostfix":"","hasReadAccess":true,"hasWriteAccess":true,"orgName":"1BDE","layerAnnotation":null,"situationOverlayGroupItem":null,"sourceLayers":[],"alarmEnabled":false,"trackDecorationDescriptionInfo":null,"shcUsage":null,"planName":"OPORD Template","shcStatus":null,"overlayCreator":"UNKNOWN","tags":[],"c2Settings":{"accessMode":null,"mip":null},"fullyQualifiedName":"PLANS AND ORDERS/Plan Templates/OPORD Template/Annex  U - Operations in a NBC Weapons Environment/U-2 NBC - Bases and Facilities"},{"id":"default:b7e23dfd-dcff-45dd-8154-a949012cfe6a","index":1,"presentationName":"U-1 NBC Overlay","presentationPath":"PLANS AND ORDERS/Plan Templates/OPORD Template/Annex  U - Operations in a NBC Weapons Environment","restrictedByUser":"","rolesWithReadAccess":null,"rolesWithWriteAccess":null,"rolesWithOwnerAccess":[],"organisationOwnerId":"9e5a698f-0187-446b-b404-0adddcf2374b","organisationOwnerSymbolCode":null,"organisationOwnerFqn":null,"hasOwnerAccess":true,"isOwnRepOrg":false,"parent":"8246bddd-4b39-4d91-8ed6-7b57aa296271","category":"Plans and Orders","lastUpdateTime":null,"customAttributes":null,"layerType":"C2","securityClassification":"Unmarked","securityClassificationPrefix":"","securityClassificationPostfix":"","hasReadAccess":true,"hasWriteAccess":true,"orgName":"1BDE","layerAnnotation":null,"situationOverlayGroupItem":null,"sourceLayers":[],"alarmEnabled":false,"trackDecorationDescriptionInfo":null,"shcUsage":null,"planName":"OPORD Template","shcStatus":null,"overlayCreator":"UNKNOWN","tags":[],"c2Settings":{"accessMode":null,"mip":null},"fullyQualifiedName":"PLANS AND ORDERS/Plan Templates/OPORD Template/Annex  U - Operations in a NBC Weapons Environment/U-1 NBC Overlay"}],"fullyQualifiedName":"GMUOrg/PLANS AND ORDERS/PLANS AND ORDERS/Plan Templates/OPORD Template/Annex  U - Operations in a NBC Weapons Environment"},{"id":"02e3be4b-fe6b-4e54-82df-e78c17f689b8","index":-2,"presentationName":"Annex  V - Search, Rescue and Recovery","presentationPath":"GMUOrg/PLANS AND ORDERS/PLANS AND ORDERS/Plan Templates/OPORD Template","restrictedByUser":"","rolesWithReadAccess":null,"rolesWithWriteAccess":null,"rolesWithOwnerAccess":[],"organisationOwnerId":"9e5a698f-0187-446b-b404-0adddcf2374b","organisationOwnerSymbolCode":null,"organisationOwnerFqn":null,"hasOwnerAccess":true,"isOwnRepOrg":true,"parent":"77b21238-a800-434c-b3b0-a949012cfd56","category":"Plans and Orders","lastUpdateTime":null,"customAttributes":null,"groupType":"PlanLayerGroup","items":[{"id":"default:eda7f764-6917-481d-8d1d-a949012cfe72","index":1,"presentationName":"S-1 SSR Overlay","presentationPath":"PLANS AND ORDERS/Plan Templates/OPORD Template/Annex  V - Search, Rescue and Recovery","restrictedByUser":"","rolesWithReadAccess":null,"rolesWithWriteAccess":null,"rolesWithOwnerAccess":[],"organisationOwnerId":"9e5a698f-0187-446b-b404-0adddcf2374b","organisationOwnerSymbolCode":null,"organisationOwnerFqn":null,"hasOwnerAccess":true,"isOwnRepOrg":false,"parent":"02e3be4b-fe6b-4e54-82df-e78c17f689b8","category":"Plans and Orders","lastUpdateTime":null,"customAttributes":null,"layerType":"C2","securityClassification":"Unmarked","securityClassificationPrefix":"","securityClassificationPostfix":"","hasReadAccess":true,"hasWriteAccess":true,"orgName":"1BDE","layerAnnotation":null,"situationOverlayGroupItem":null,"sourceLayers":[],"alarmEnabled":false,"trackDecorationDescriptionInfo":null,"shcUsage":null,"planName":"OPORD Template","shcStatus":null,"overlayCreator":"UNKNOWN","tags":[],"c2Settings":{"accessMode":null,"mip":null},"fullyQualifiedName":"PLANS AND ORDERS/Plan Templates/OPORD Template/Annex  V - Search, Rescue and Recovery/S-1 SSR Overlay"}],"fullyQualifiedName":"GMUOrg/PLANS AND ORDERS/PLANS AND ORDERS/Plan Templates/OPORD Template/Annex  V - Search, Rescue and Recovery"},{"id":"75660047-dad0-488f-ba4e-6f1875c97d9d","index":-2,"presentationName":"Annex  W - Civil-Military Cooperation","presentationPath":"GMUOrg/PLANS AND ORDERS/PLANS AND ORDERS/Plan Templates/OPORD Template","restrictedByUser":"","rolesWithReadAccess":null,"rolesWithWriteAccess":null,"rolesWithOwnerAccess":[],"organisationOwnerId":"9e5a698f-0187-446b-b404-0adddcf2374b","organisationOwnerSymbolCode":null,"organisationOwnerFqn":null,"hasOwnerAccess":true,"isOwnRepOrg":true,"parent":"77b21238-a800-434c-b3b0-a949012cfd56","category":"Plans and Orders","lastUpdateTime":null,"customAttributes":null,"groupType":"PlanLayerGroup","items":[{"id":"default:dc7d5099-1f5d-4573-a617-a949012cfe3f","index":1,"presentationName":"W-1  CIMIC Sites of Significance","presentationPath":"PLANS AND ORDERS/Plan Templates/OPORD Template/Annex  W - Civil-Military Cooperation","restrictedByUser":"","rolesWithReadAccess":null,"rolesWithWriteAccess":null,"rolesWithOwnerAccess":[],"organisationOwnerId":"9e5a698f-0187-446b-b404-0adddcf2374b","organisationOwnerSymbolCode":null,"organisationOwnerFqn":null,"hasOwnerAccess":true,"isOwnRepOrg":false,"parent":"75660047-dad0-488f-ba4e-6f1875c97d9d","category":"Plans and Orders","lastUpdateTime":null,"customAttributes":null,"layerType":"C2","securityClassification":"Unmarked","securityClassificationPrefix":"","securityClassificationPostfix":"","hasReadAccess":true,"hasWriteAccess":true,"orgName":"1BDE","layerAnnotation":null,"situationOverlayGroupItem":null,"sourceLayers":[],"alarmEnabled":false,"trackDecorationDescriptionInfo":null,"shcUsage":null,"planName":"OPORD Template","shcStatus":null,"overlayCreator":"UNKNOWN","tags":[],"c2Settings":{"accessMode":null,"mip":null},"fullyQualifiedName":"PLANS AND ORDERS/Plan Templates/OPORD Template/Annex  W - Civil-Military Cooperation/W-1  CIMIC Sites of Significance"}],"fullyQualifiedName":"GMUOrg/PLANS AND ORDERS/PLANS AND ORDERS/Plan Templates/OPORD Template/Annex  W - Civil-Military Cooperation"},{"id":"e2c8c15f-c90d-4b50-9e6e-abbc20cefbe5","index":-2,"presentationName":"Annex  X - Public Affairs","presentationPath":"GMUOrg/PLANS AND ORDERS/PLANS AND ORDERS/Plan Templates/OPORD Template","restrictedByUser":"","rolesWithReadAccess":null,"rolesWithWriteAccess":null,"rolesWithOwnerAccess":[],"organisationOwnerId":"9e5a698f-0187-446b-b404-0adddcf2374b","organisationOwnerSymbolCode":null,"organisationOwnerFqn":null,"hasOwnerAccess":true,"isOwnRepOrg":true,"parent":"77b21238-a800-434c-b3b0-a949012cfd56","category":"Plans and Orders","lastUpdateTime":null,"customAttributes":null,"groupType":"PlanLayerGroup","items":[],"fullyQualifiedName":"GMUOrg/PLANS AND ORDERS/PLANS AND ORDERS/Plan Templates/OPORD Template/Annex  X - Public Affairs"},{"id":"a66432e3-162a-4a95-a904-4c525e415303","index":-2,"presentationName":"Annex  Y - Conflict Termination and De-escalation - Transition Strategy","presentationPath":"GMUOrg/PLANS AND ORDERS/PLANS AND ORDERS/Plan Templates/OPORD Template","restrictedByUser":"","rolesWithReadAccess":null,"rolesWithWriteAccess":null,"rolesWithOwnerAccess":[],"organisationOwnerId":"9e5a698f-0187-446b-b404-0adddcf2374b","organisationOwnerSymbolCode":null,"organisationOwnerFqn":null,"hasOwnerAccess":true,"isOwnRepOrg":true,"parent":"77b21238-a800-434c-b3b0-a949012cfd56","category":"Plans and Orders","lastUpdateTime":null,"customAttributes":null,"groupType":"PlanLayerGroup","items":[],"fullyQualifiedName":"GMUOrg/PLANS AND ORDERS/PLANS AND ORDERS/Plan Templates/OPORD Template/Annex  Y - Conflict Termination and De-escalation - Transition Strategy"},{"id":"19ba880e-5ee3-48b0-ad6d-a4e9625997c2","index":-2,"presentationName":"Annex  Z - Aviation","presentationPath":"GMUOrg/PLANS AND ORDERS/PLANS AND ORDERS/Plan Templates/OPORD Template","restrictedByUser":"","rolesWithReadAccess":null,"rolesWithWriteAccess":null,"rolesWithOwnerAccess":[],"organisationOwnerId":"9e5a698f-0187-446b-b404-0adddcf2374b","organisationOwnerSymbolCode":null,"organisationOwnerFqn":null,"hasOwnerAccess":true,"isOwnRepOrg":true,"parent":"77b21238-a800-434c-b3b0-a949012cfd56","category":"Plans and Orders","lastUpdateTime":null,"customAttributes":null,"groupType":"PlanLayerGroup","items":[{"id":"default:05b2d59f-2cea-476c-be4a-a949012cfe1d","index":0,"presentationName":"Z-1 Aviation Overlay","presentationPath":"PLANS AND ORDERS/Plan Templates/OPORD Template/Annex  Z - Aviation","restrictedByUser":"","rolesWithReadAccess":null,"rolesWithWriteAccess":null,"rolesWithOwnerAccess":[],"organisationOwnerId":"9e5a698f-0187-446b-b404-0adddcf2374b","organisationOwnerSymbolCode":null,"organisationOwnerFqn":null,"hasOwnerAccess":true,"isOwnRepOrg":false,"parent":"19ba880e-5ee3-48b0-ad6d-a4e9625997c2","category":"Plans and Orders","lastUpdateTime":null,"customAttributes":null,"layerType":"C2","securityClassification":"Unmarked","securityClassificationPrefix":"","securityClassificationPostfix":"","hasReadAccess":true,"hasWriteAccess":true,"orgName":"1BDE","layerAnnotation":null,"situationOverlayGroupItem":null,"sourceLayers":[],"alarmEnabled":false,"trackDecorationDescriptionInfo":null,"shcUsage":null,"planName":"OPORD Template","shcStatus":null,"overlayCreator":"UNKNOWN","tags":[],"c2Settings":{"accessMode":null,"mip":null},"fullyQualifiedName":"PLANS AND ORDERS/Plan Templates/OPORD Template/Annex  Z - Aviation/Z-1 Aviation Overlay"}],"fullyQualifiedName":"GMUOrg/PLANS AND ORDERS/PLANS AND ORDERS/Plan Templates/OPORD Template/Annex  Z - Aviation"},{"id":"fef85a85-4e6e-42f0-ba35-d2f082932365","index":-2,"presentationName":"Annex AA - Legal","presentationPath":"GMUOrg/PLANS AND ORDERS/PLANS AND ORDERS/Plan Templates/OPORD Template","restrictedByUser":"","rolesWithReadAccess":null,"rolesWithWriteAccess":null,"rolesWithOwnerAccess":[],"organisationOwnerId":"9e5a698f-0187-446b-b404-0adddcf2374b","organisationOwnerSymbolCode":null,"organisationOwnerFqn":null,"hasOwnerAccess":true,"isOwnRepOrg":true,"parent":"77b21238-a800-434c-b3b0-a949012cfd56","category":"Plans and Orders","lastUpdateTime":null,"customAttributes":null,"groupType":"PlanLayerGroup","items":[],"fullyQualifiedName":"GMUOrg/PLANS AND ORDERS/PLANS AND ORDERS/Plan Templates/OPORD Template/Annex AA - Legal"},{"id":"0c27977d-a8d2-4e36-aecd-33b8181c7c69","index":-2,"presentationName":"Annex BB - Training and Mission Rehersals","presentationPath":"GMUOrg/PLANS AND ORDERS/PLANS AND ORDERS/Plan Templates/OPORD Template","restrictedByUser":"","rolesWithReadAccess":null,"rolesWithWriteAccess":null,"rolesWithOwnerAccess":[],"organisationOwnerId":"9e5a698f-0187-446b-b404-0adddcf2374b","organisationOwnerSymbolCode":null,"organisationOwnerFqn":null,"hasOwnerAccess":true,"isOwnRepOrg":true,"parent":"77b21238-a800-434c-b3b0-a949012cfd56","category":"Plans and Orders","lastUpdateTime":null,"customAttributes":null,"groupType":"PlanLayerGroup","items":[],"fullyQualifiedName":"GMUOrg/PLANS AND ORDERS/PLANS AND ORDERS/Plan Templates/OPORD Template/Annex BB - Training and Mission Rehersals"},{"id":"2f1a7a2f-311e-491c-bc93-f3fd6c1dd328","index":-2,"presentationName":"Annex CC - Command Information Management","presentationPath":"GMUOrg/PLANS AND ORDERS/PLANS AND ORDERS/Plan Templates/OPORD Template","restrictedByUser":"","rolesWithReadAccess":null,"rolesWithWriteAccess":null,"rolesWithOwnerAccess":[],"organisationOwnerId":"9e5a698f-0187-446b-b404-0adddcf2374b","organisationOwnerSymbolCode":null,"organisationOwnerFqn":null,"hasOwnerAccess":true,"isOwnRepOrg":true,"parent":"77b21238-a800-434c-b3b0-a949012cfd56","category":"Plans and Orders","lastUpdateTime":null,"customAttributes":null,"groupType":"PlanLayerGroup","items":[],"fullyQualifiedName":"GMUOrg/PLANS AND ORDERS/PLANS AND ORDERS/Plan Templates/OPORD Template/Annex CC - Command Information Management"},{"id":"8848af07-023c-4b39-813e-7b35db776145","index":-2,"presentationName":"Annex DD - Space Operations","presentationPath":"GMUOrg/PLANS AND ORDERS/PLANS AND ORDERS/Plan Templates/OPORD Template","restrictedByUser":"","rolesWithReadAccess":null,"rolesWithWriteAccess":null,"rolesWithOwnerAccess":[],"organisationOwnerId":"9e5a698f-0187-446b-b404-0adddcf2374b","organisationOwnerSymbolCode":null,"organisationOwnerFqn":null,"hasOwnerAccess":true,"isOwnRepOrg":true,"parent":"77b21238-a800-434c-b3b0-a949012cfd56","category":"Plans and Orders","lastUpdateTime":null,"customAttributes":null,"groupType":"PlanLayerGroup","items":[],"fullyQualifiedName":"GMUOrg/PLANS AND ORDERS/PLANS AND ORDERS/Plan Templates/OPORD Template/Annex DD - Space Operations"},{"id":"0ca3f097-6fd4-4dfd-bff5-77735eccb030","index":-2,"presentationName":"Annex EE - Military Engineering","presentationPath":"GMUOrg/PLANS AND ORDERS/PLANS AND ORDERS/Plan Templates/OPORD Template","restrictedByUser":"","rolesWithReadAccess":null,"rolesWithWriteAccess":null,"rolesWithOwnerAccess":[],"organisationOwnerId":"9e5a698f-0187-446b-b404-0adddcf2374b","organisationOwnerSymbolCode":null,"organisationOwnerFqn":null,"hasOwnerAccess":true,"isOwnRepOrg":true,"parent":"77b21238-a800-434c-b3b0-a949012cfd56","category":"Plans and Orders","lastUpdateTime":null,"customAttributes":null,"groupType":"PlanLayerGroup","items":[{"id":"default:59b61c1e-4453-4179-868c-a949012cfe83","index":3,"presentationName":"EE-3 Environmental Considerations Overlay","presentationPath":"PLANS AND ORDERS/Plan Templates/OPORD Template/Annex EE - Military Engineering","restrictedByUser":"","rolesWithReadAccess":null,"rolesWithWriteAccess":null,"rolesWithOwnerAccess":[],"organisationOwnerId":"9e5a698f-0187-446b-b404-0adddcf2374b","organisationOwnerSymbolCode":null,"organisationOwnerFqn":null,"hasOwnerAccess":true,"isOwnRepOrg":false,"parent":"0ca3f097-6fd4-4dfd-bff5-77735eccb030","category":"Plans and Orders","lastUpdateTime":null,"customAttributes":null,"layerType":"C2","securityClassification":"Unmarked","securityClassificationPrefix":"","securityClassificationPostfix":"","hasReadAccess":true,"hasWriteAccess":true,"orgName":"1BDE","layerAnnotation":null,"situationOverlayGroupItem":null,"sourceLayers":[],"alarmEnabled":false,"trackDecorationDescriptionInfo":null,"shcUsage":null,"planName":"OPORD Template","shcStatus":null,"overlayCreator":"UNKNOWN","tags":[],"c2Settings":{"accessMode":null,"mip":null},"fullyQualifiedName":"PLANS AND ORDERS/Plan Templates/OPORD Template/Annex EE - Military Engineering/EE-3 Environmental Considerations Overlay"},{"id":"default:298e9ab5-a780-459e-9753-a949012cff36","index":2,"presentationName":"EE-2  Engineer Overlay","presentationPath":"PLANS AND ORDERS/Plan Templates/OPORD Template/Annex EE - Military Engineering","restrictedByUser":"","rolesWithReadAccess":null,"rolesWithWriteAccess":null,"rolesWithOwnerAccess":[],"organisationOwnerId":"9e5a698f-0187-446b-b404-0adddcf2374b","organisationOwnerSymbolCode":null,"organisationOwnerFqn":null,"hasOwnerAccess":true,"isOwnRepOrg":false,"parent":"0ca3f097-6fd4-4dfd-bff5-77735eccb030","category":"Plans and Orders","lastUpdateTime":null,"customAttributes":null,"layerType":"C2","securityClassification":"Unmarked","securityClassificationPrefix":"","securityClassificationPostfix":"","hasReadAccess":true,"hasWriteAccess":true,"orgName":"1BDE","layerAnnotation":null,"situationOverlayGroupItem":null,"sourceLayers":[],"alarmEnabled":false,"trackDecorationDescriptionInfo":null,"shcUsage":null,"planName":"OPORD Template","shcStatus":null,"overlayCreator":"UNKNOWN","tags":[],"c2Settings":{"accessMode":null,"mip":null},"fullyQualifiedName":"PLANS AND ORDERS/Plan Templates/OPORD Template/Annex EE - Military Engineering/EE-2  Engineer Overlay"}],"fullyQualifiedName":"GMUOrg/PLANS AND ORDERS/PLANS AND ORDERS/Plan Templates/OPORD Template/Annex EE - Military Engineering"},{"id":"e4fbce00-add8-4eb2-8a9e-d66e10e84365","index":-2,"presentationName":"Annex FF - Financial Support","presentationPath":"GMUOrg/PLANS AND ORDERS/PLANS AND ORDERS/Plan Templates/OPORD Template","restrictedByUser":"","rolesWithReadAccess":null,"rolesWithWriteAccess":null,"rolesWithOwnerAccess":[],"organisationOwnerId":"9e5a698f-0187-446b-b404-0adddcf2374b","organisationOwnerSymbolCode":null,"organisationOwnerFqn":null,"hasOwnerAccess":true,"isOwnRepOrg":true,"parent":"77b21238-a800-434c-b3b0-a949012cfd56","category":"Plans and Orders","lastUpdateTime":null,"customAttributes":null,"groupType":"PlanLayerGroup","items":[],"fullyQualifiedName":"GMUOrg/PLANS AND ORDERS/PLANS AND ORDERS/Plan Templates/OPORD Template/Annex FF - Financial Support"},{"id":"08d124a1-fd97-4480-8152-2af79b1f1fb6","index":-2,"presentationName":"Annex HH - Rear Area Operations","presentationPath":"GMUOrg/PLANS AND ORDERS/PLANS AND ORDERS/Plan Templates/OPORD Template","restrictedByUser":"","rolesWithReadAccess":null,"rolesWithWriteAccess":null,"rolesWithOwnerAccess":[],"organisationOwnerId":"9e5a698f-0187-446b-b404-0adddcf2374b","organisationOwnerSymbolCode":null,"organisationOwnerFqn":null,"hasOwnerAccess":true,"isOwnRepOrg":true,"parent":"77b21238-a800-434c-b3b0-a949012cfd56","category":"Plans and Orders","lastUpdateTime":null,"customAttributes":null,"groupType":"PlanLayerGroup","items":[{"id":"default:d117e554-33cb-4117-98d4-a949012cfe49","index":1,"presentationName":"HH-1 Rear Operations Overlay","presentationPath":"PLANS AND ORDERS/Plan Templates/OPORD Template/Annex HH - Rear Area Operations","restrictedByUser":"","rolesWithReadAccess":null,"rolesWithWriteAccess":null,"rolesWithOwnerAccess":[],"organisationOwnerId":"9e5a698f-0187-446b-b404-0adddcf2374b","organisationOwnerSymbolCode":null,"organisationOwnerFqn":null,"hasOwnerAccess":true,"isOwnRepOrg":false,"parent":"08d124a1-fd97-4480-8152-2af79b1f1fb6","category":"Plans and Orders","lastUpdateTime":null,"customAttributes":null,"layerType":"C2","securityClassification":"Unmarked","securityClassificationPrefix":"","securityClassificationPostfix":"","hasReadAccess":true,"hasWriteAccess":true,"orgName":"1BDE","layerAnnotation":null,"situationOverlayGroupItem":null,"sourceLayers":[],"alarmEnabled":false,"trackDecorationDescriptionInfo":null,"shcUsage":null,"planName":"OPORD Template","shcStatus":null,"overlayCreator":"UNKNOWN","tags":[],"c2Settings":{"accessMode":null,"mip":null},"fullyQualifiedName":"PLANS AND ORDERS/Plan Templates/OPORD Template/Annex HH - Rear Area Operations/HH-1 Rear Operations Overlay"}],"fullyQualifiedName":"GMUOrg/PLANS AND ORDERS/PLANS AND ORDERS/Plan Templates/OPORD Template/Annex HH - Rear Area Operations"},{"id":"cece7896-36ee-4275-af0a-8acf4bd0e92f","index":-2,"presentationName":"Annex II - Joint Fires Fire Support","presentationPath":"GMUOrg/PLANS AND ORDERS/PLANS AND ORDERS/Plan Templates/OPORD Template","restrictedByUser":"","rolesWithReadAccess":null,"rolesWithWriteAccess":null,"rolesWithOwnerAccess":[],"organisationOwnerId":"9e5a698f-0187-446b-b404-0adddcf2374b","organisationOwnerSymbolCode":null,"organisationOwnerFqn":null,"hasOwnerAccess":true,"isOwnRepOrg":true,"parent":"77b21238-a800-434c-b3b0-a949012cfd56","category":"Plans and Orders","lastUpdateTime":null,"customAttributes":null,"groupType":"PlanLayerGroup","items":[{"id":"default:c91d7168-d6b1-4a90-a107-a949012cfeff","index":6,"presentationName":"II-5 Air Defence Overlay","presentationPath":"PLANS AND ORDERS/Plan Templates/OPORD Template/Annex II - Joint Fires Fire Support","restrictedByUser":"","rolesWithReadAccess":null,"rolesWithWriteAccess":null,"rolesWithOwnerAccess":[],"organisationOwnerId":"9e5a698f-0187-446b-b404-0adddcf2374b","organisationOwnerSymbolCode":null,"organisationOwnerFqn":null,"hasOwnerAccess":true,"isOwnRepOrg":false,"parent":"cece7896-36ee-4275-af0a-8acf4bd0e92f","category":"Plans and Orders","lastUpdateTime":null,"customAttributes":null,"layerType":"C2","securityClassification":"Unmarked","securityClassificationPrefix":"","securityClassificationPostfix":"","hasReadAccess":true,"hasWriteAccess":true,"orgName":"1BDE","layerAnnotation":null,"situationOverlayGroupItem":null,"sourceLayers":[],"alarmEnabled":false,"trackDecorationDescriptionInfo":null,"shcUsage":null,"planName":"OPORD Template","shcStatus":null,"overlayCreator":"UNKNOWN","tags":[],"c2Settings":{"accessMode":null,"mip":null},"fullyQualifiedName":"PLANS AND ORDERS/Plan Templates/OPORD Template/Annex II - Joint Fires Fire Support/II-5 Air Defence Overlay"},{"id":"default:7a28f5ac-cc4a-43f0-a74e-a949012cfeab","index":1,"presentationName":"II-1 Air Support Overlay","presentationPath":"PLANS AND ORDERS/Plan Templates/OPORD Template/Annex II - Joint Fires Fire Support","restrictedByUser":"","rolesWithReadAccess":null,"rolesWithWriteAccess":null,"rolesWithOwnerAccess":[],"organisationOwnerId":"9e5a698f-0187-446b-b404-0adddcf2374b","organisationOwnerSymbolCode":null,"organisationOwnerFqn":null,"hasOwnerAccess":true,"isOwnRepOrg":false,"parent":"cece7896-36ee-4275-af0a-8acf4bd0e92f","category":"Plans and Orders","lastUpdateTime":null,"customAttributes":null,"layerType":"C2","securityClassification":"Unmarked","securityClassificationPrefix":"","securityClassificationPostfix":"","hasReadAccess":true,"hasWriteAccess":true,"orgName":"1BDE","layerAnnotation":null,"situationOverlayGroupItem":null,"sourceLayers":[],"alarmEnabled":false,"trackDecorationDescriptionInfo":null,"shcUsage":null,"planName":"OPORD Template","shcStatus":null,"overlayCreator":"UNKNOWN","tags":[],"c2Settings":{"accessMode":null,"mip":null},"fullyQualifiedName":"PLANS AND ORDERS/Plan Templates/OPORD Template/Annex II - Joint Fires Fire Support/II-1 Air Support Overlay"},{"id":"default:19b8715d-cd89-474e-8b47-a949012cff04","index":2,"presentationName":"II-2 Field Artillery Support Overlay","presentationPath":"PLANS AND ORDERS/Plan Templates/OPORD Template/Annex II - Joint Fires Fire Support","restrictedByUser":"","rolesWithReadAccess":null,"rolesWithWriteAccess":null,"rolesWithOwnerAccess":[],"organisationOwnerId":"9e5a698f-0187-446b-b404-0adddcf2374b","organisationOwnerSymbolCode":null,"organisationOwnerFqn":null,"hasOwnerAccess":true,"isOwnRepOrg":false,"parent":"cece7896-36ee-4275-af0a-8acf4bd0e92f","category":"Plans and Orders","lastUpdateTime":null,"customAttributes":null,"layerType":"C2","securityClassification":"Unmarked","securityClassificationPrefix":"","securityClassificationPostfix":"","hasReadAccess":true,"hasWriteAccess":true,"orgName":"1BDE","layerAnnotation":null,"situationOverlayGroupItem":null,"sourceLayers":[],"alarmEnabled":false,"trackDecorationDescriptionInfo":null,"shcUsage":null,"planName":"OPORD Template","shcStatus":null,"overlayCreator":"UNKNOWN","tags":[],"c2Settings":{"accessMode":null,"mip":null},"fullyQualifiedName":"PLANS AND ORDERS/Plan Templates/OPORD Template/Annex II - Joint Fires Fire Support/II-2 Field Artillery Support Overlay"},{"id":"default:518bf004-561a-4b2f-8aaa-a949012cfe76","index":3,"presentationName":"II-3 Naval Gunfire Support Overlay","presentationPath":"PLANS AND ORDERS/Plan Templates/OPORD Template/Annex II - Joint Fires Fire Support","restrictedByUser":"","rolesWithReadAccess":null,"rolesWithWriteAccess":null,"rolesWithOwnerAccess":[],"organisationOwnerId":"9e5a698f-0187-446b-b404-0adddcf2374b","organisationOwnerSymbolCode":null,"organisationOwnerFqn":null,"hasOwnerAccess":true,"isOwnRepOrg":false,"parent":"cece7896-36ee-4275-af0a-8acf4bd0e92f","category":"Plans and Orders","lastUpdateTime":null,"customAttributes":null,"layerType":"C2","securityClassification":"Unmarked","securityClassificationPrefix":"","securityClassificationPostfix":"","hasReadAccess":true,"hasWriteAccess":true,"orgName":"1BDE","layerAnnotation":null,"situationOverlayGroupItem":null,"sourceLayers":[],"alarmEnabled":false,"trackDecorationDescriptionInfo":null,"shcUsage":null,"planName":"OPORD Template","shcStatus":null,"overlayCreator":"UNKNOWN","tags":[],"c2Settings":{"accessMode":null,"mip":null},"fullyQualifiedName":"PLANS AND ORDERS/Plan Templates/OPORD Template/Annex II - Joint Fires Fire Support/II-3 Naval Gunfire Support Overlay"}],"fullyQualifiedName":"GMUOrg/PLANS AND ORDERS/PLANS AND ORDERS/Plan Templates/OPORD Template/Annex II - Joint Fires Fire Support"},{"id":"231cba40-332d-4963-91ff-45014841ce91","index":-2,"presentationName":"Annex QQ - Medical","presentationPath":"GMUOrg/PLANS AND ORDERS/PLANS AND ORDERS/Plan Templates/OPORD Template","restrictedByUser":"","rolesWithReadAccess":null,"rolesWithWriteAccess":null,"rolesWithOwnerAccess":[],"organisationOwnerId":"9e5a698f-0187-446b-b404-0adddcf2374b","organisationOwnerSymbolCode":null,"organisationOwnerFqn":null,"hasOwnerAccess":true,"isOwnRepOrg":true,"parent":"77b21238-a800-434c-b3b0-a949012cfd56","category":"Plans and Orders","lastUpdateTime":null,"customAttributes":null,"groupType":"PlanLayerGroup","items":[{"id":"default:f67467b8-457f-447b-a577-a949012cfe55","index":0,"presentationName":"QQ-1 Medical Facility Overlay","presentationPath":"PLANS AND ORDERS/Plan Templates/OPORD Template/Annex QQ - Medical","restrictedByUser":"","rolesWithReadAccess":null,"rolesWithWriteAccess":null,"rolesWithOwnerAccess":[],"organisationOwnerId":"9e5a698f-0187-446b-b404-0adddcf2374b","organisationOwnerSymbolCode":null,"organisationOwnerFqn":null,"hasOwnerAccess":true,"isOwnRepOrg":false,"parent":"231cba40-332d-4963-91ff-45014841ce91","category":"Plans and Orders","lastUpdateTime":null,"customAttributes":null,"layerType":"C2","securityClassification":"Unmarked","securityClassificationPrefix":"","securityClassificationPostfix":"","hasReadAccess":true,"hasWriteAccess":true,"orgName":"1BDE","layerAnnotation":null,"situationOverlayGroupItem":null,"sourceLayers":[],"alarmEnabled":false,"trackDecorationDescriptionInfo":null,"shcUsage":null,"planName":"OPORD Template","shcStatus":null,"overlayCreator":"UNKNOWN","tags":[],"c2Settings":{"accessMode":null,"mip":null},"fullyQualifiedName":"PLANS AND ORDERS/Plan Templates/OPORD Template/Annex QQ - Medical/QQ-1 Medical Facility Overlay"}],"fullyQualifiedName":"GMUOrg/PLANS AND ORDERS/PLANS AND ORDERS/Plan Templates/OPORD Template/Annex QQ - Medical"},{"id":"ec2a6f4c-a7df-43b1-afab-547476b7833f","index":-2,"presentationName":"Annex YY - Miscellaneous","presentationPath":"GMUOrg/PLANS AND ORDERS/PLANS AND ORDERS/Plan Templates/OPORD Template","restrictedByUser":"","rolesWithReadAccess":null,"rolesWithWriteAccess":null,"rolesWithOwnerAccess":[],"organisationOwnerId":"9e5a698f-0187-446b-b404-0adddcf2374b","organisationOwnerSymbolCode":null,"organisationOwnerFqn":null,"hasOwnerAccess":true,"isOwnRepOrg":true,"parent":"77b21238-a800-434c-b3b0-a949012cfd56","category":"Plans and Orders","lastUpdateTime":null,"customAttributes":null,"groupType":"PlanLayerGroup","items":[],"fullyQualifiedName":"GMUOrg/PLANS AND ORDERS/PLANS AND ORDERS/Plan Templates/OPORD Template/Annex YY - Miscellaneous"},{"id":"68e7eeb0-dbd1-4f0b-9847-99f208da9cf0","index":-2,"presentationName":"Annex ZZ - Distribution","presentationPath":"GMUOrg/PLANS AND ORDERS/PLANS AND ORDERS/Plan Templates/OPORD Template","restrictedByUser":"","rolesWithReadAccess":null,"rolesWithWriteAccess":null,"rolesWithOwnerAccess":[],"organisationOwnerId":"9e5a698f-0187-446b-b404-0adddcf2374b","organisationOwnerSymbolCode":null,"organisationOwnerFqn":null,"hasOwnerAccess":true,"isOwnRepOrg":true,"parent":"77b21238-a800-434c-b3b0-a949012cfd56","category":"Plans and Orders","lastUpdateTime":null,"customAttributes":null,"groupType":"PlanLayerGroup","items":[],"fullyQualifiedName":"GMUOrg/PLANS AND ORDERS/PLANS AND ORDERS/Plan Templates/OPORD Template/Annex ZZ - Distribution"}],"fullyQualifiedName":"GMUOrg/PLANS AND ORDERS/PLANS AND ORDERS/Plan Templates/OPORD Template"}],"fullyQualifiedName":"GMUOrg/PLANS AND ORDERS/PLANS AND ORDERS/Plan Templates"}],"fullyQualifiedName":"GMUOrg/PLANS AND ORDERS/PLANS AND ORDERS"}],"fullyQualifiedName":"GMUOrg/PLANS AND ORDERS"},"failed":false,"versionTag":"1538170871069-1538343505127-1538170856023"}