[{"type":9,"id":"9:85fcd8ed-cf95-4d90-d7a3-70ed65f15ee1","layerId":"default:9c365ed7-f327-49ea-9a44-a94a00c6b013","properties":{"customAttributes":null,"reportTime":1538478503490,"lastHeartbeat":null,"correlationExpression":null,"tags":[],"symbolCode":"SFGPUCI----E***","style":null,"c2Attributes":{"type":3,"name":"CO-A","reportingOrganisationName":"GMUOrg","classification":null,"effectiveFrom":null,"effectiveTo":null,"comment":"","staffComment":null,"alternateName":null,"operationalStatus":1,"operationalStatusQualifier":0,"orbatPath":"CO-A/3BDE/3Div","accuracy":0,"reliability":0,"affiliation":0,"speed":null,"direction":null,"leftOrganisationName":null,"rightOrganisationName":null,"maxAltitude":null,"minAltitude":null,"priority":1,"altitudeType":null,"aliases":null,"addresses":null,"subTypeCode":"","reinforcement":null,"serviceCode":null,"hullNumber":null,"fillPattern":null},"c2AttributesExt":null,"c2AttributesIed":null,"c2AttributesGuardZone":null,"c2AttributesRangeFanExt":null,"installationAttributes":null,"geometry":{"type":"point","coordinates":[-76.38182830810547,37.666160583496094]},"dafssAttributes":null,"issuingAuthority":null,"additionalInformation":null,"weaponType":null,"quantity":null,"c2Guid":null,"lastClientUpdateDiff":null}},{"type":9,"id":"9:0d8bec29-5538-4896-a14a-1a55f5e7c64c","layerId":"default:9c365ed7-f327-49ea-9a44-a94a00c6b013","properties":{"customAttributes":null,"reportTime":1538417919787,"lastHeartbeat":null,"correlationExpression":null,"tags":[],"symbolCode":"SFGPUCAT---****","style":null,"c2Attributes":{"type":3,"name":"CO-C","reportingOrganisationName":"GMUOrg","classification":null,"effectiveFrom":null,"effectiveTo":null,"comment":"","staffComment":null,"alternateName":null,"operationalStatus":1,"operationalStatusQualifier":0,"orbatPath":null,"accuracy":0,"reliability":0,"affiliation":0,"speed":null,"direction":null,"leftOrganisationName":null,"rightOrganisationName":null,"maxAltitude":null,"minAltitude":null,"priority":1,"altitudeType":null,"aliases":null,"addresses":null,"subTypeCode":"","reinforcement":null,"serviceCode":null,"hullNumber":null,"fillPattern":null},"c2AttributesExt":null,"c2AttributesIed":null,"c2AttributesGuardZone":null,"c2AttributesRangeFanExt":null,"installationAttributes":null,"geometry":{"type":"point","coordinates":[-76.38050079345703,37.662017822265625]},"dafssAttributes":null,"issuingAuthority":null,"additionalInformation":null,"weaponType":null,"quantity":null,"c2Guid":null,"lastClientUpdateDiff":null}},{"type":9,"id":"9:be8c7e3c-f3e0-46e9-99c7-3d820a8aa03b","layerId":"default:9c365ed7-f327-49ea-9a44-a94a00c6b013","properties":{"customAttributes":null,"reportTime":1538343682555,"lastHeartbeat":null,"correlationExpression":null,"tags":[],"symbolCode":"SFGPUCI----E***","style":null,"c2Attributes":{"type":3,"name":"CO-E","reportingOrganisationName":"GMUOrg","classification":null,"effectiveFrom":null,"effectiveTo":null,"comment":"","staffComment":null,"alternateName":null,"operationalStatus":1,"operationalStatusQualifier":0,"orbatPath":"CO-E/3BDE/3Div","accuracy":0,"reliability":0,"affiliation":0,"speed":null,"direction":null,"leftOrganisationName":null,"rightOrganisationName":null,"maxAltitude":null,"minAltitude":null,"priority":1,"altitudeType":null,"aliases":null,"addresses":null,"subTypeCode":"","reinforcement":null,"serviceCode":null,"hullNumber":null,"fillPattern":null},"c2AttributesExt":null,"c2AttributesIed":null,"c2AttributesGuardZone":null,"c2AttributesRangeFanExt":null,"installationAttributes":null,"geometry":{"type":"point","coordinates":[-76.37590789794922,37.667724609375]},"dafssAttributes":null,"issuingAuthority":null,"additionalInformation":null,"weaponType":null,"quantity":null,"c2Guid":null,"lastClientUpdateDiff":null}},{"type":9,"id":"9:a5ae30f2-fcbc-4a12-ab45-da3a3eb3f4d7","layerId":"default:9c365ed7-f327-49ea-9a44-a94a00c6b013","properties":{"customAttributes":null,"reportTime":1535459798987,"lastHeartbeat":null,"correlationExpression":null,"tags":[],"symbolCode":"SFGPUCI----H***","style":null,"c2Attributes":{"type":3,"name":"1BDE","reportingOrganisationName":"GMUOrg","classification":null,"effectiveFrom":null,"effectiveTo":null,"comment":"","staffComment":null,"alternateName":"First Brigade","operationalStatus":1,"operationalStatusQualifier":0,"orbatPath":"1BDE/3Div","accuracy":0,"reliability":0,"affiliation":0,"speed":null,"direction":null,"leftOrganisationName":null,"rightOrganisationName":null,"maxAltitude":null,"minAltitude":null,"priority":1,"altitudeType":null,"aliases":null,"addresses":null,"subTypeCode":"","reinforcement":null,"serviceCode":null,"hullNumber":null,"fillPattern":null},"c2AttributesExt":null,"c2AttributesIed":null,"c2AttributesGuardZone":null,"c2AttributesRangeFanExt":null,"installationAttributes":null,"geometry":{"type":"point","coordinates":[-76.38571166992188,37.6703987121582]},"dafssAttributes":null,"issuingAuthority":null,"additionalInformation":null,"weaponType":null,"quantity":null,"c2Guid":null,"lastClientUpdateDiff":null}},{"type":9,"id":"9:335bf54a-87da-4fc1-96c2-e0c614bd2089","layerId":"default:9c365ed7-f327-49ea-9a44-a94a00c6b013","properties":{"customAttributes":null,"reportTime":1538436808048,"lastHeartbeat":null,"correlationExpression":null,"tags":[],"symbolCode":"SFGPUCI----E***","style":null,"c2Attributes":{"type":3,"name":"CO-B","reportingOrganisationName":"GMUOrg","classification":null,"effectiveFrom":null,"effectiveTo":null,"comment":"","staffComment":null,"alternateName":null,"operationalStatus":1,"operationalStatusQualifier":0,"orbatPath":"CO-B/3BDE/3Div","accuracy":0,"reliability":0,"affiliation":0,"speed":null,"direction":null,"leftOrganisationName":null,"rightOrganisationName":null,"maxAltitude":null,"minAltitude":null,"priority":1,"altitudeType":null,"aliases":null,"addresses":null,"subTypeCode":"","reinforcement":null,"serviceCode":null,"hullNumber":null,"fillPattern":null},"c2AttributesExt":null,"c2AttributesIed":null,"c2AttributesGuardZone":null,"c2AttributesRangeFanExt":null,"installationAttributes":null,"geometry":{"type":"point","coordinates":[-76.38449096679688,37.658077239990234]},"dafssAttributes":null,"issuingAuthority":null,"additionalInformation":null,"weaponType":null,"quantity":null,"c2Guid":null,"lastClientUpdateDiff":null}},{"type":9,"id":"9:efcd650f-1226-4dec-bbe1-de190614ae15","layerId":"default:9c365ed7-f327-49ea-9a44-a94a00c6b013","properties":{"customAttributes":null,"reportTime":1536174960054,"lastHeartbeat":null,"correlationExpression":null,"tags":[],"symbolCode":"SFGPUCI----I***","style":null,"c2Attributes":{"type":3,"name":"3Div","reportingOrganisationName":"GMUOrg","classification":null,"effectiveFrom":null,"effectiveTo":null,"comment":"","staffComment":null,"alternateName":"Third Division","operationalStatus":1,"operationalStatusQualifier":0,"orbatPath":"3Div","accuracy":0,"reliability":0,"affiliation":0,"speed":null,"direction":null,"leftOrganisationName":null,"rightOrganisationName":null,"maxAltitude":null,"minAltitude":null,"priority":1,"altitudeType":null,"aliases":null,"addresses":null,"subTypeCode":"","reinforcement":null,"serviceCode":null,"hullNumber":null,"fillPattern":null},"c2AttributesExt":null,"c2AttributesIed":null,"c2AttributesGuardZone":null,"c2AttributesRangeFanExt":null,"installationAttributes":null,"geometry":{"type":"point","coordinates":[-76.38064575195312,37.67472839355469]},"dafssAttributes":null,"issuingAuthority":null,"additionalInformation":null,"weaponType":null,"quantity":null,"c2Guid":null,"lastClientUpdateDiff":null}},{"type":9,"id":"9:6d1bb6c5-41ec-4c6f-f480-704e428793a9","layerId":"default:9c365ed7-f327-49ea-9a44-a94a00c6b013","properties":{"customAttributes":null,"reportTime":1535459816086,"lastHeartbeat":null,"correlationExpression":null,"tags":[],"symbolCode":"SFGPUCI----H***","style":null,"c2Attributes":{"type":3,"name":"2BDE","reportingOrganisationName":"GMUOrg","classification":null,"effectiveFrom":null,"effectiveTo":null,"comment":"","staffComment":null,"alternateName":"Second Brigade","operationalStatus":1,"operationalStatusQualifier":0,"orbatPath":"2BDE/3Div","accuracy":0,"reliability":0,"affiliation":0,"speed":null,"direction":null,"leftOrganisationName":null,"rightOrganisationName":null,"maxAltitude":null,"minAltitude":null,"priority":1,"altitudeType":null,"aliases":null,"addresses":null,"subTypeCode":"","reinforcement":null,"serviceCode":null,"hullNumber":null,"fillPattern":null},"c2AttributesExt":null,"c2AttributesIed":null,"c2AttributesGuardZone":null,"c2AttributesRangeFanExt":null,"installationAttributes":null,"geometry":{"type":"point","coordinates":[-76.3796157836914,37.671260833740234]},"dafssAttributes":null,"issuingAuthority":null,"additionalInformation":null,"weaponType":null,"quantity":null,"c2Guid":null,"lastClientUpdateDiff":null}},{"type":9,"id":"9:34414d98-3d4e-4ef3-c97a-7de5421d2923","layerId":"default:9c365ed7-f327-49ea-9a44-a94a00c6b013","properties":{"customAttributes":null,"reportTime":1538417912985,"lastHeartbeat":null,"correlationExpression":null,"tags":[],"symbolCode":"SFGPUCI----E***","style":null,"c2Attributes":{"type":3,"name":"CO-D","reportingOrganisationName":"GMUOrg","classification":null,"effectiveFrom":null,"effectiveTo":null,"comment":"","staffComment":null,"alternateName":null,"operationalStatus":1,"operationalStatusQualifier":0,"orbatPath":null,"accuracy":0,"reliability":0,"affiliation":0,"speed":null,"direction":null,"leftOrganisationName":null,"rightOrganisationName":null,"maxAltitude":null,"minAltitude":null,"priority":1,"altitudeType":null,"aliases":null,"addresses":null,"subTypeCode":"","reinforcement":null,"serviceCode":null,"hullNumber":null,"fillPattern":null},"c2AttributesExt":null,"c2AttributesIed":null,"c2AttributesGuardZone":null,"c2AttributesRangeFanExt":null,"installationAttributes":null,"geometry":{"type":"point","coordinates":[-76.36653137207031,37.66219711303711]},"dafssAttributes":null,"issuingAuthority":null,"additionalInformation":null,"weaponType":null,"quantity":null,"c2Guid":null,"lastClientUpdateDiff":null}},{"type":9,"id":"9:4259746b-3efe-4bda-d857-3b57c5ea4b7c","layerId":"default:9c365ed7-f327-49ea-9a44-a94a00c6b013","properties":{"customAttributes":null,"reportTime":1535459826930,"lastHeartbeat":null,"correlationExpression":null,"tags":[],"symbolCode":"SFGPUCI----H***","style":null,"c2Attributes":{"type":3,"name":"3BDE","reportingOrganisationName":"GMUOrg","classification":null,"effectiveFrom":null,"effectiveTo":null,"comment":"","staffComment":null,"alternateName":null,"operationalStatus":1,"operationalStatusQualifier":0,"orbatPath":"3BDE/3Div","accuracy":0,"reliability":0,"affiliation":0,"speed":null,"direction":null,"leftOrganisationName":null,"rightOrganisationName":null,"maxAltitude":null,"minAltitude":null,"priority":1,"altitudeType":null,"aliases":null,"addresses":null,"subTypeCode":"","reinforcement":null,"serviceCode":null,"hullNumber":null,"fillPattern":null},"c2AttributesExt":null,"c2AttributesIed":null,"c2AttributesGuardZone":null,"c2AttributesRangeFanExt":null,"installationAttributes":null,"geometry":{"type":"point","coordinates":[-76.37318420410156,37.671329498291016]},"dafssAttributes":null,"issuingAuthority":null,"additionalInformation":null,"weaponType":null,"quantity":null,"c2Guid":null,"lastClientUpdateDiff":null}}]