<JSONRoot><symbols><layerId>default:9c365ed7-f327-49ea-9a44-a94a00c6b013</layerId><id>9:85fcd8ed-cf95-4d90-d7a3-70ed65f15ee1</id><type>9</type><properties><additionalInformation>null</additionalInformation><lastHeartbeat>null</lastHeartbeat><c2AttributesExt>null</c2AttributesExt><quantity>null</quantity><correlationExpression>null</correlationExpression><c2AttributesGuardZone>null</c2AttributesGuardZone><c2Guid>null</c2Guid><installationAttributes>null</installationAttributes><symbolCode>SFGPUCI----E***</symbolCode><c2AttributesRangeFanExt>null</c2AttributesRangeFanExt><issuingAuthority>null</issuingAuthority><lastClientUpdateDiff>null</lastClientUpdateDiff><weaponType>null</weaponType><style>null</style><geometry><coordinates>-76.38182830810547</coordinates><coordinates>37.666160583496094</coordinates><type>point</type></geometry><c2Attributes><operationalStatus>1</operationalStatus><addresses>null</addresses><staffComment>null</staffComment><aliases>null</aliases><rightOrganisationName>null</rightOrganisationName><serviceCode>null</serviceCode><reliability>0</reliability><accuracy>0</accuracy><type>3</type><hullNumber>null</hullNumber><speed>null</speed><effectiveTo>null</effectiveTo><affiliation>0</affiliation><operationalStatusQualifier>0</operationalStatusQualifier><reinforcement>null</reinforcement><direction>null</direction><fillPattern>null</fillPattern><maxAltitude>null</maxAltitude><subTypeCode/><alternateName>null</alternateName><classification>null</classification><priority>1</priority><minAltitude>null</minAltitude><orbatPath>CO-A/3BDE/3Div</orbatPath><reportingOrganisationName>GMUOrg</reportingOrganisationName><name>CO-A</name><comment/><effectiveFrom>null</effectiveFrom><altitudeType>null</altitudeType><leftOrganisationName>null</leftOrganisationName></c2Attributes><c2AttributesIed>null</c2AttributesIed><dafssAttributes>null</dafssAttributes><customAttributes>null</customAttributes><reportTime>1538478503490</reportTime></properties></symbols><symbols><layerId>default:9c365ed7-f327-49ea-9a44-a94a00c6b013</layerId><id>9:0d8bec29-5538-4896-a14a-1a55f5e7c64c</id><type>9</type><properties><additionalInformation>null</additionalInformation><lastHeartbeat>null</lastHeartbeat><c2AttributesExt>null</c2AttributesExt><quantity>null</quantity><correlationExpression>null</correlationExpression><c2AttributesGuardZone>null</c2AttributesGuardZone><c2Guid>null</c2Guid><installationAttributes>null</installationAttributes><symbolCode>SFGPUCAT---****</symbolCode><c2AttributesRangeFanExt>null</c2AttributesRangeFanExt><issuingAuthority>null</issuingAuthority><lastClientUpdateDiff>null</lastClientUpdateDiff><weaponType>null</weaponType><style>null</style><geometry><coordinates>-76.38050079345703</coordinates><coordinates>37.662017822265625</coordinates><type>point</type></geometry><c2Attributes><operationalStatus>1</operationalStatus><addresses>null</addresses><staffComment>null</staffComment><aliases>null</aliases><rightOrganisationName>null</rightOrganisationName><serviceCode>null</serviceCode><reliability>0</reliability><accuracy>0</accuracy><type>3</type><hullNumber>null</hullNumber><speed>null</speed><effectiveTo>null</effectiveTo><affiliation>0</affiliation><operationalStatusQualifier>0</operationalStatusQualifier><reinforcement>null</reinforcement><direction>null</direction><fillPattern>null</fillPattern><maxAltitude>null</maxAltitude><subTypeCode/><alternateName>null</alternateName><classification>null</classification><priority>1</priority><minAltitude>null</minAltitude><orbatPath>null</orbatPath><reportingOrganisationName>GMUOrg</reportingOrganisationName><name>CO-C</name><comment/><effectiveFrom>null</effectiveFrom><altitudeType>null</altitudeType><leftOrganisationName>null</leftOrganisationName></c2Attributes><c2AttributesIed>null</c2AttributesIed><dafssAttributes>null</dafssAttributes><customAttributes>null</customAttributes><reportTime>1538417919787</reportTime></properties></symbols><symbols><layerId>default:9c365ed7-f327-49ea-9a44-a94a00c6b013</layerId><id>9:be8c7e3c-f3e0-46e9-99c7-3d820a8aa03b</id><type>9</type><properties><additionalInformation>null</additionalInformation><lastHeartbeat>null</lastHeartbeat><c2AttributesExt>null</c2AttributesExt><quantity>null</quantity><correlationExpression>null</correlationExpression><c2AttributesGuardZone>null</c2AttributesGuardZone><c2Guid>null</c2Guid><installationAttributes>null</installationAttributes><symbolCode>SFGPUCI----E***</symbolCode><c2AttributesRangeFanExt>null</c2AttributesRangeFanExt><issuingAuthority>null</issuingAuthority><lastClientUpdateDiff>null</lastClientUpdateDiff><weaponType>null</weaponType><style>null</style><geometry><coordinates>-76.37590789794922</coordinates><coordinates>37.667724609375</coordinates><type>point</type></geometry><c2Attributes><operationalStatus>1</operationalStatus><addresses>null</addresses><staffComment>null</staffComment><aliases>null</aliases><rightOrganisationName>null</rightOrganisationName><serviceCode>null</serviceCode><reliability>0</reliability><accuracy>0</accuracy><type>3</type><hullNumber>null</hullNumber><speed>null</speed><effectiveTo>null</effectiveTo><affiliation>0</affiliation><operationalStatusQualifier>0</operationalStatusQualifier><reinforcement>null</reinforcement><direction>null</direction><fillPattern>null</fillPattern><maxAltitude>null</maxAltitude><subTypeCode/><alternateName>null</alternateName><classification>null</classification><priority>1</priority><minAltitude>null</minAltitude><orbatPath>CO-E/3BDE/3Div</orbatPath><reportingOrganisationName>GMUOrg</reportingOrganisationName><name>CO-E</name><comment/><effectiveFrom>null</effectiveFrom><altitudeType>null</altitudeType><leftOrganisationName>null</leftOrganisationName></c2Attributes><c2AttributesIed>null</c2AttributesIed><dafssAttributes>null</dafssAttributes><customAttributes>null</customAttributes><reportTime>1538343682555</reportTime></properties></symbols><symbols><layerId>default:9c365ed7-f327-49ea-9a44-a94a00c6b013</layerId><id>9:a5ae30f2-fcbc-4a12-ab45-da3a3eb3f4d7</id><type>9</type><properties><additionalInformation>null</additionalInformation><lastHeartbeat>null</lastHeartbeat><c2AttributesExt>null</c2AttributesExt><quantity>null</quantity><correlationExpression>null</correlationExpression><c2AttributesGuardZone>null</c2AttributesGuardZone><c2Guid>null</c2Guid><installationAttributes>null</installationAttributes><symbolCode>SFGPUCI----H***</symbolCode><c2AttributesRangeFanExt>null</c2AttributesRangeFanExt><issuingAuthority>null</issuingAuthority><lastClientUpdateDiff>null</lastClientUpdateDiff><weaponType>null</weaponType><style>null</style><geometry><coordinates>-76.38571166992188</coordinates><coordinates>37.6703987121582</coordinates><type>point</type></geometry><c2Attributes><operationalStatus>1</operationalStatus><addresses>null</addresses><staffComment>null</staffComment><aliases>null</aliases><rightOrganisationName>null</rightOrganisationName><serviceCode>null</serviceCode><reliability>0</reliability><accuracy>0</accuracy><type>3</type><hullNumber>null</hullNumber><speed>null</speed><effectiveTo>null</effectiveTo><affiliation>0</affiliation><operationalStatusQualifier>0</operationalStatusQualifier><reinforcement>null</reinforcement><direction>null</direction><fillPattern>null</fillPattern><maxAltitude>null</maxAltitude><subTypeCode/><alternateName>First Brigade</alternateName><classification>null</classification><priority>1</priority><minAltitude>null</minAltitude><orbatPath>1BDE/3Div</orbatPath><reportingOrganisationName>GMUOrg</reportingOrganisationName><name>1BDE</name><comment/><effectiveFrom>null</effectiveFrom><altitudeType>null</altitudeType><leftOrganisationName>null</leftOrganisationName></c2Attributes><c2AttributesIed>null</c2AttributesIed><dafssAttributes>null</dafssAttributes><customAttributes>null</customAttributes><reportTime>1535459798987</reportTime></properties></symbols><symbols><layerId>default:9c365ed7-f327-49ea-9a44-a94a00c6b013</layerId><id>9:335bf54a-87da-4fc1-96c2-e0c614bd2089</id><type>9</type><properties><additionalInformation>null</additionalInformation><lastHeartbeat>null</lastHeartbeat><c2AttributesExt>null</c2AttributesExt><quantity>null</quantity><correlationExpression>null</correlationExpression><c2AttributesGuardZone>null</c2AttributesGuardZone><c2Guid>null</c2Guid><installationAttributes>null</installationAttributes><symbolCode>SFGPUCI----E***</symbolCode><c2AttributesRangeFanExt>null</c2AttributesRangeFanExt><issuingAuthority>null</issuingAuthority><lastClientUpdateDiff>null</lastClientUpdateDiff><weaponType>null</weaponType><style>null</style><geometry><coordinates>-76.38449096679688</coordinates><coordinates>37.658077239990234</coordinates><type>point</type></geometry><c2Attributes><operationalStatus>1</operationalStatus><addresses>null</addresses><staffComment>null</staffComment><aliases>null</aliases><rightOrganisationName>null</rightOrganisationName><serviceCode>null</serviceCode><reliability>0</reliability><accuracy>0</accuracy><type>3</type><hullNumber>null</hullNumber><speed>null</speed><effectiveTo>null</effectiveTo><affiliation>0</affiliation><operationalStatusQualifier>0</operationalStatusQualifier><reinforcement>null</reinforcement><direction>null</direction><fillPattern>null</fillPattern><maxAltitude>null</maxAltitude><subTypeCode/><alternateName>null</alternateName><classification>null</classification><priority>1</priority><minAltitude>null</minAltitude><orbatPath>CO-B/3BDE/3Div</orbatPath><reportingOrganisationName>GMUOrg</reportingOrganisationName><name>CO-B</name><comment/><effectiveFrom>null</effectiveFrom><altitudeType>null</altitudeType><leftOrganisationName>null</leftOrganisationName></c2Attributes><c2AttributesIed>null</c2AttributesIed><dafssAttributes>null</dafssAttributes><customAttributes>null</customAttributes><reportTime>1538436808048</reportTime></properties></symbols><symbols><layerId>default:9c365ed7-f327-49ea-9a44-a94a00c6b013</layerId><id>9:efcd650f-1226-4dec-bbe1-de190614ae15</id><type>9</type><properties><additionalInformation>null</additionalInformation><lastHeartbeat>null</lastHeartbeat><c2AttributesExt>null</c2AttributesExt><quantity>null</quantity><correlationExpression>null</correlationExpression><c2AttributesGuardZone>null</c2AttributesGuardZone><c2Guid>null</c2Guid><installationAttributes>null</installationAttributes><symbolCode>SFGPUCI----I***</symbolCode><c2AttributesRangeFanExt>null</c2AttributesRangeFanExt><issuingAuthority>null</issuingAuthority><lastClientUpdateDiff>null</lastClientUpdateDiff><weaponType>null</weaponType><style>null</style><geometry><coordinates>-76.38064575195312</coordinates><coordinates>37.67472839355469</coordinates><type>point</type></geometry><c2Attributes><operationalStatus>1</operationalStatus><addresses>null</addresses><staffComment>null</staffComment><aliases>null</aliases><rightOrganisationName>null</rightOrganisationName><serviceCode>null</serviceCode><reliability>0</reliability><accuracy>0</accuracy><type>3</type><hullNumber>null</hullNumber><speed>null</speed><effectiveTo>null</effectiveTo><affiliation>0</affiliation><operationalStatusQualifier>0</operationalStatusQualifier><reinforcement>null</reinforcement><direction>null</direction><fillPattern>null</fillPattern><maxAltitude>null</maxAltitude><subTypeCode/><alternateName>Third Division</alternateName><classification>null</classification><priority>1</priority><minAltitude>null</minAltitude><orbatPath>3Div</orbatPath><reportingOrganisationName>GMUOrg</reportingOrganisationName><name>3Div</name><comment/><effectiveFrom>null</effectiveFrom><altitudeType>null</altitudeType><leftOrganisationName>null</leftOrganisationName></c2Attributes><c2AttributesIed>null</c2AttributesIed><dafssAttributes>null</dafssAttributes><customAttributes>null</customAttributes><reportTime>1536174960054</reportTime></properties></symbols><symbols><layerId>default:9c365ed7-f327-49ea-9a44-a94a00c6b013</layerId><id>9:6d1bb6c5-41ec-4c6f-f480-704e428793a9</id><type>9</type><properties><additionalInformation>null</additionalInformation><lastHeartbeat>null</lastHeartbeat><c2AttributesExt>null</c2AttributesExt><quantity>null</quantity><correlationExpression>null</correlationExpression><c2AttributesGuardZone>null</c2AttributesGuardZone><c2Guid>null</c2Guid><installationAttributes>null</installationAttributes><symbolCode>SFGPUCI----H***</symbolCode><c2AttributesRangeFanExt>null</c2AttributesRangeFanExt><issuingAuthority>null</issuingAuthority><lastClientUpdateDiff>null</lastClientUpdateDiff><weaponType>null</weaponType><style>null</style><geometry><coordinates>-76.3796157836914</coordinates><coordinates>37.671260833740234</coordinates><type>point</type></geometry><c2Attributes><operationalStatus>1</operationalStatus><addresses>null</addresses><staffComment>null</staffComment><aliases>null</aliases><rightOrganisationName>null</rightOrganisationName><serviceCode>null</serviceCode><reliability>0</reliability><accuracy>0</accuracy><type>3</type><hullNumber>null</hullNumber><speed>null</speed><effectiveTo>null</effectiveTo><affiliation>0</affiliation><operationalStatusQualifier>0</operationalStatusQualifier><reinforcement>null</reinforcement><direction>null</direction><fillPattern>null</fillPattern><maxAltitude>null</maxAltitude><subTypeCode/><alternateName>Second Brigade</alternateName><classification>null</classification><priority>1</priority><minAltitude>null</minAltitude><orbatPath>2BDE/3Div</orbatPath><reportingOrganisationName>GMUOrg</reportingOrganisationName><name>2BDE</name><comment/><effectiveFrom>null</effectiveFrom><altitudeType>null</altitudeType><leftOrganisationName>null</leftOrganisationName></c2Attributes><c2AttributesIed>null</c2AttributesIed><dafssAttributes>null</dafssAttributes><customAttributes>null</customAttributes><reportTime>1535459816086</reportTime></properties></symbols><symbols><layerId>default:9c365ed7-f327-49ea-9a44-a94a00c6b013</layerId><id>9:34414d98-3d4e-4ef3-c97a-7de5421d2923</id><type>9</type><properties><additionalInformation>null</additionalInformation><lastHeartbeat>null</lastHeartbeat><c2AttributesExt>null</c2AttributesExt><quantity>null</quantity><correlationExpression>null</correlationExpression><c2AttributesGuardZone>null</c2AttributesGuardZone><c2Guid>null</c2Guid><installationAttributes>null</installationAttributes><symbolCode>SFGPUCI----E***</symbolCode><c2AttributesRangeFanExt>null</c2AttributesRangeFanExt><issuingAuthority>null</issuingAuthority><lastClientUpdateDiff>null</lastClientUpdateDiff><weaponType>null</weaponType><style>null</style><geometry><coordinates>-76.36653137207031</coordinates><coordinates>37.66219711303711</coordinates><type>point</type></geometry><c2Attributes><operationalStatus>1</operationalStatus><addresses>null</addresses><staffComment>null</staffComment><aliases>null</aliases><rightOrganisationName>null</rightOrganisationName><serviceCode>null</serviceCode><reliability>0</reliability><accuracy>0</accuracy><type>3</type><hullNumber>null</hullNumber><speed>null</speed><effectiveTo>null</effectiveTo><affiliation>0</affiliation><operationalStatusQualifier>0</operationalStatusQualifier><reinforcement>null</reinforcement><direction>null</direction><fillPattern>null</fillPattern><maxAltitude>null</maxAltitude><subTypeCode/><alternateName>null</alternateName><classification>null</classification><priority>1</priority><minAltitude>null</minAltitude><orbatPath>null</orbatPath><reportingOrganisationName>GMUOrg</reportingOrganisationName><name>CO-D</name><comment/><effectiveFrom>null</effectiveFrom><altitudeType>null</altitudeType><leftOrganisationName>null</leftOrganisationName></c2Attributes><c2AttributesIed>null</c2AttributesIed><dafssAttributes>null</dafssAttributes><customAttributes>null</customAttributes><reportTime>1538417912985</reportTime></properties></symbols><symbols><layerId>default:9c365ed7-f327-49ea-9a44-a94a00c6b013</layerId><id>9:4259746b-3efe-4bda-d857-3b57c5ea4b7c</id><type>9</type><properties><additionalInformation>null</additionalInformation><lastHeartbeat>null</lastHeartbeat><c2AttributesExt>null</c2AttributesExt><quantity>null</quantity><correlationExpression>null</correlationExpression><c2AttributesGuardZone>null</c2AttributesGuardZone><c2Guid>null</c2Guid><installationAttributes>null</installationAttributes><symbolCode>SFGPUCI----H***</symbolCode><c2AttributesRangeFanExt>null</c2AttributesRangeFanExt><issuingAuthority>null</issuingAuthority><lastClientUpdateDiff>null</lastClientUpdateDiff><weaponType>null</weaponType><style>null</style><geometry><coordinates>-76.37318420410156</coordinates><coordinates>37.671329498291016</coordinates><type>point</type></geometry><c2Attributes><operationalStatus>1</operationalStatus><addresses>null</addresses><staffComment>null</staffComment><aliases>null</aliases><rightOrganisationName>null</rightOrganisationName><serviceCode>null</serviceCode><reliability>0</reliability><accuracy>0</accuracy><type>3</type><hullNumber>null</hullNumber><speed>null</speed><effectiveTo>null</effectiveTo><affiliation>0</affiliation><operationalStatusQualifier>0</operationalStatusQualifier><reinforcement>null</reinforcement><direction>null</direction><fillPattern>null</fillPattern><maxAltitude>null</maxAltitude><subTypeCode/><alternateName>null</alternateName><classification>null</classification><priority>1</priority><minAltitude>null</minAltitude><orbatPath>3BDE/3Div</orbatPath><reportingOrganisationName>GMUOrg</reportingOrganisationName><name>3BDE</name><comment/><effectiveFrom>null</effectiveFrom><altitudeType>null</altitudeType><leftOrganisationName>null</leftOrganisationName></c2Attributes><c2AttributesIed>null</c2AttributesIed><dafssAttributes>null</dafssAttributes><customAttributes>null</customAttributes><reportTime>1535459826930</reportTime></properties></symbols></JSONRoot>