<?xml version="1.0" encoding="UTF-8"?>
<CBMLReport xmlns="http://www.sisostds.org/schemas/c-bml/1.0"><Report xmlns:cbml="http://www.sisostds.org/schemas/c-bml/1.0" xmlns:jc3iedm="urn:int:nato:standard:mip:jc3iedm:3.0.2:oo:2.2" xmlns:xs="http://www.w3.org/2001/XMLSchema"><ReportHeader><ReporterWho><OID>00000000-0000-0001-0010-000000000000</OID></ReporterWho><ReportingData><OID>00000000-0000-0000-0000-000000000024</OID><ReportingDataCategoryCode>REP</ReportingDataCategoryCode></ReportingData><AbsoluteReportedWhen><EffectiveStartDateTime>0000-00-00T00:10:00Z</EffectiveStartDateTime></AbsoluteReportedWhen></ReportHeader><StatusReport><GeneralStatusReport><Hostility>HO</Hostility><Executer><UnitID>UNK</UnitID></Executer><WhereLocation><GDC><SpecificPoint><Latitude>58.640</Latitude><Longitude>16.223</Longitude></SpecificPoint></GDC></WhereLocation></GeneralStatusReport></StatusReport></Report></CBMLReport>