<?xml version="1.0" encoding="UTF-8"?>
<CBMLReport xmlns="http://www.sisostds.org/schemas/c-bml/1.0"><Report xmlns:cbml="http://www.sisostds.org/schemas/c-bml/1.0" xmlns:jc3iedm="urn:int:nato:standard:mip:jc3iedm:3.0.2:oo:2.2" xmlns:xs="http://www.w3.org/2001/XMLSchema"><ReportHeader><ReporterWho><OID>00000000-0000-0001-0010-000000000000</OID></ReporterWho><ReportingData><OID>00000000-0000-0000-0000-000000000023</OID><ReportingDataCategoryCode>REP</ReportingDataCategoryCode></ReportingData><AbsoluteReportedWhen><EffectiveStartDateTime>0000-00-00T00:15:00Z</EffectiveStartDateTime></AbsoluteReportedWhen></ReportHeader><StatusReport><GeneralStatusReport><Executer><UnitID>00000000-0000-0001-0010-000000000000</UnitID></Executer><OpStatus>FullyOperational</OpStatus><WhereLocation><GDC><SpecificPoint><Latitude>58.507</Latitude><Longitude>15.880</Longitude></SpecificPoint></GDC></WhereLocation></GeneralStatusReport></StatusReport></Report></CBMLReport>