<?xml version="1.0" encoding="UTF-8"?>
<c2s:MessageBody xmlns:xsi="http://www.w3.org/2001/XMLSchema-instance"
 xsi:schemaLocation="http://www.sisostds.org/schemas/C2SIM/1.1 ../../../Users/mpullen/Documents/C2SIMGUIv2.8.8/Schema/C2SIM/C2SIM_SMX_LOX_SMX_v11_Order_flat.xsd"
 xmlns="http://www.sisostds.org/schemas/C2SIM/1.1"
 xmlns:c2s="http://www.sisostds.org/schemas/C2SIM/1.1">
    <!-- NPS-VRForces order template for FMN demo -->
    <c2s:DomainMessageBody>
        <c2s:OrderBody>
            <c2s:FromSender>00000000-0000-0001-0001-000000000000</c2s:FromSender>
            <c2s:ToReceiver>00000000-0007-0001-0000-000000000000</c2s:ToReceiver>
            <c2s:Task>
                <c2s:ManeuverWarfareTask>
                    <c2s:DesiredEffectCode>CAPTRD</c2s:DesiredEffectCode>
                    <c2s:TaskActionCode>ATTACK</c2s:TaskActionCode>
                    <c2s:StartTime>
                        <DateTime>
                            <c2s:Name>0.00</c2s:Name>
                            <c2s:IsoDateTime>0000-00-00T00:00:00Z</c2s:IsoDateTime>
                        </DateTime>
                    </c2s:StartTime>
                    <c2s:AffectedEntity>00000000-0007-0002-0030-000000000000</c2s:AffectedEntity>
                    <c2s:PerformingEntity>00000000-0007-0001-0030-000000000000</c2s:PerformingEntity>
                    <c2s:Location>                   
                            <c2s:GeodeticCoordinate>
                                <c2s:Latitude>58.61</c2s:Latitude>
                                <c2s:Longitude>16.840</c2s:Longitude>
                            </c2s:GeodeticCoordinate>                        
                    </c2s:Location>
                    <c2s:Location>                   
                        <c2s:GeodeticCoordinate>
                            <c2s:Latitude>58.65</c2s:Latitude>
                            <c2s:Longitude>16.417</c2s:Longitude>
                        </c2s:GeodeticCoordinate>                        
                    </c2s:Location>
                    <c2s:Location>                   
                        <c2s:GeodeticCoordinate>
                            <c2s:Latitude>58.594</c2s:Latitude>
                            <c2s:Longitude>16.396</c2s:Longitude>
                        </c2s:GeodeticCoordinate>                        
                    </c2s:Location>
                    <c2s:UUID>00000000-0007-0001-0002-000000000000</c2s:UUID>
                    <c2s:Name>NPS-VRF2</c2s:Name>
                </c2s:ManeuverWarfareTask>
            </c2s:Task>
            <c2s:IssuedTime>
                <c2s:IsoDateTime>0000-00-00T00:00:00Z</c2s:IsoDateTime></c2s:IssuedTime>
            <c2s:OrderID>00000000-0007-0000-0002-000000000000</c2s:OrderID>
        </c2s:OrderBody>
    </c2s:DomainMessageBody>
</c2s:MessageBody>
