<?xml version="1.0" encoding="UTF-8"?>
<?jaxfront version=2.50;time=2019-09-18 11:43:50.458;xui=file:/Users/mpullen/Documents/BMLC2GUIv2.8.1/./Config/BMLC2GUIConfigView.xui;xsd=C2SIM_v9_SMX_v9_LOXv5_ASX_Report_flat.xsd?>
<c2s:MessageBody xmlns:c2s="http://www.sisostds.org/schemas/C2SIM/1.1" xmlns:xsi="http://www.w3.org/2001/XMLSchema-instance" xsi:schemaLocation="C2SIMv9_SMXv9_LOXplusv5.xsd" xmlns="http://www.sisostds.org/schemas/C2SIM/1.1">
       <c2s:DomainMessageBody>
              <c2s:ReportBody>
                     <c2s:FromSender>00000000-0003-0001-0011-000000000000</c2s:FromSender>
                     <c2s:ToReceiver>00000000-0002-0001-1000-000000000000</c2s:ToReceiver>
                     <c2s:ReportContent>
                            <c2s:PositionReportContent>
                                   <c2s:TimeOfObservation>
                                          <c2s:IsoDateTime>
2019_09_18T15:45:18Z</c2s:IsoDateTime>
                                   </c2s:TimeOfObservation>
                                   <c2s:Location>
                                          <c2s:Coordinate>
                                                 <c2s:GeodeticCoordinate>
                                                        <c2s:Latitude>58.588590</c2s:Latitude>
                                                        <c2s:Longitude>16.250698</c2s:Longitude>
                                                        <c2s:AltitudeMSL>974.769424</c2s:AltitudeMSL>
                                                 </c2s:GeodeticCoordinate>
                                          </c2s:Coordinate>
                                   </c2s:Location>
                                   <c2s:OperationalStatus>
                                          <c2s:OperationalStatusCode>OPR</c2s:OperationalStatusCode>
                                   </c2s:OperationalStatus>
                                   <c2s:Strength>
                                          <c2s:StrengthPercentage>100</c2s:StrengthPercentage>
                                   </c2s:Strength>
                                   <c2s:SubjectEntity>00000000-0003-0001-0011-000000000000</c2s:SubjectEntity>
                            </c2s:PositionReportContent>
                     </c2s:ReportContent>
                     <c2s:ReportingEntity>00000000-0003-0001-0011-000000000000</c2s:ReportingEntity>
              </c2s:ReportBody>
       </c2s:DomainMessageBody>
</c2s:MessageBody>