<?xml version="1.0" encoding="UTF-8"?>
<MessageBody xmlns:xsi="http://www.w3.org/2001/XMLSchema-instance"
 xsi:schemaLocation="http://www.sisostds.org/schemas/C2SIM/1.1 ../../Users/jmarkpullen/Documents/C2SIMGUIv2.10.9/Schema/C2SIM/C2SIM_SMX_LOX_v1.0.0.xsd"
 xmlns="http://www.sisostds.org/schemas/C2SIM/1.1">
  <ObjectInitializationBody>
    <ObjectDefinitions>
      <AbstractObject>
        <ForceSide>
          <Name>Workshop-friendly</Name>
          <UUID>00000000-0000-0001-0000-000000000000</UUID>
          <ForceSideRelation>
            <HostilityStatusCode>HO</HostilityStatusCode>
            <OtherSide>00000000-0000-0002-0000-000000000000</OtherSide>
          </ForceSideRelation>
          <ForceSideRelation>
            <HostilityStatusCode>NEUTRL</HostilityStatusCode>
            <OtherSide>00000000-0000-0003-0000-000000000000</OtherSide>
          </ForceSideRelation>
        </ForceSide>
      </AbstractObject>
      <AbstractObject>
        <ForceSide>
          <Name>Workshop-OPFOR</Name>
          <UUID>00000000-0000-0002-0000-000000000000</UUID>
          <ForceSideRelation>
            <HostilityStatusCode>HO</HostilityStatusCode>
            <OtherSide>00000000-0000-0001-0000-000000000000</OtherSide>
          </ForceSideRelation>
          <ForceSideRelation>
            <HostilityStatusCode>NEUTRL</HostilityStatusCode>
            <OtherSide>00000000-0000-0003-0000-000000000000</OtherSide>
          </ForceSideRelation>
        </ForceSide>
      </AbstractObject>

      <PlanPhaseReference>00000000-0000-0000-0000-000000000000</PlanPhaseReference>
    </ObjectDefinitions>
    <ScenarioSetting>
      <DateTime>
        <IsoDateTime>0000-00-00T00:00:00Z</IsoDateTime>
      </DateTime>
      <Version>1.0.0</Version>
    </ScenarioSetting>

    <SystemEntityList>
      <!--Workshop-V02-->
      <ActorReference>00000000-0008-0002-0101-000000000000</ActorReference>
      <ActorReference>00000000-0009-0002-1000-000000000000</ActorReference>
      <SystemName>Workshop-V02</SystemName>
    </SystemEntityList>

  </ObjectInitializationBody>
</MessageBody>
