<?xml version="1.0" encoding="UTF-8"?>
<MessageBody xmlns:xsi="http://www.w3.org/2001/XMLSchema-instance"
 xsi:schemaLocation="http://www.sisostds.org/schemas/C2SIM/1.1 ../../Users/jmarkpullen/Documents/C2SIMGUIv2.10.9/Schema/C2SIM/C2SIM_SMX_LOX_v1.0.0.xsd"
 xmlns="http://www.sisostds.org/schemas/C2SIM/1.1">
  <ObjectInitializationBody>
    <ObjectDefinitions>    
      <!-- workshop VRFORCES BLUE participant entities -->
      <Entity>
        <ActorEntity>
          <CollectiveEntity>
            <MilitaryOrganization>
              <EntityDescriptor>
                <Side>00000000-0000-0001-0000-000000000000</Side>
                <Superior>00000000-0007-0001-1000-000000000000</Superior>
              </EntityDescriptor>
              <CurrentState>
                <PhysicalState>
                  <EntityHealthStatus>
                    <OperationalStatus>
                      <OperationalStatusCode>FullyOperational</OperationalStatusCode>
                    </OperationalStatus>
                  </EntityHealthStatus>
                  <Location>
                    <GeodeticCoordinate>
                      <Latitude>58.75</Latitude>
                      <Longitude>15.2</Longitude>
                    </GeodeticCoordinate>
                  </Location>
                </PhysicalState>
              </CurrentState>
              <EntityType>
                <APP6-SIDC>
                  <SIDCString>SFGPUCI----E---</SIDCString>
                </APP6-SIDC>
              </EntityType>
              <EntityType>
                <DISEntityType>
                  <DISCategory>5</DISCategory>
                  <DISCountry>225</DISCountry>
                  <DISDomain>1</DISDomain>
                  <DISExtra>0</DISExtra>
                  <DISKind>11</DISKind>
                  <DISSpecific>0</DISSpecific>
                  <DISSubCategory>1</DISSubCategory>
                </DISEntityType>
              </EntityType>
              <Name>Workshop-V02</Name>
              <UUID>00000000-0008-0002-0101-000000000000</UUID>
            </MilitaryOrganization>
          </CollectiveEntity>
        </ActorEntity>
      </Entity>

      <!-- Workshop VRFORCES RED .05 latitude N of VRFORCES BLUE units -->
      <Entity>
        <ActorEntity>
          <CollectiveEntity>
            <MilitaryOrganization>
              <EntityDescriptor>
                <Side>00000000-0000-0002-0000-000000000000</Side>
                <Superior>00000000-0000-0002-0001-000000000000</Superior>
              </EntityDescriptor>
              <CurrentState>
                <PhysicalState>
                  <EntityHealthStatus>
                    <OperationalStatus>
                      <OperationalStatusCode>FullyOperational</OperationalStatusCode>
                    </OperationalStatus>
                  </EntityHealthStatus>
                  <Location>
                    <GeodeticCoordinate>
                      <Latitude>58.8</Latitude>
                      <Longitude>15.2</Longitude>
                    </GeodeticCoordinate>
                  </Location>
                </PhysicalState>
              </CurrentState>
              <EntityType>
                <APP6-SIDC>
                  <SIDCString>SHGPUCI----B---</SIDCString>
                </APP6-SIDC>
              </EntityType>
              <EntityType>
                <DISEntityType>
                  <DISCategory>13</DISCategory>
                  <DISCountry>0</DISCountry>
                  <DISDomain>1</DISDomain>
                  <DISExtra>1</DISExtra>
                  <DISKind>11</DISKind>
                  <DISSpecific>0</DISSpecific>
                  <DISSubCategory>34</DISSubCategory>
                </DISEntityType>
              </EntityType>
              <Name>OPFOR-V02</Name>
              <UUID>00000000-0009-0002-1000-000000000000</UUID>
            </MilitaryOrganization>
          </CollectiveEntity>
        </ActorEntity>
      </Entity>

    </ObjectDefinitions>

    <SystemEntityList>
      <!--Workshop-V02-->
      <ActorReference>00000000-0008-0002-0101-000000000000</ActorReference>
      <ActorReference>00000000-0009-0002-1000-000000000000</ActorReference>
      <SystemName>Workshop-V02</SystemName>
    </SystemEntityList>

  </ObjectInitializationBody>
</MessageBody>
