<?xml version="1.0" encoding="UTF-8"?>
<!--
To change this license header, choose License Headers in Project Properties.
To change this template file, choose Tools | Templates
and open the template in the editor.
-->


<Configuration status="trace" name="MyApp" packages="">
    <Appenders>
        <RollingFile name="RollingDebug" 
                     append="true"
                     fileName="${env:BML_HOME}/c2simDebug/debug.log"
                     filePattern="$${env:BML_HOME}/c2simDebug/%d{yyyy-MM-dd}_debug.log"
                     immediateFlush="true">   
            <PatternLayout>
                <Pattern>%d{DEFAULT} %-5p [%-20C{1}] Line:%L  %m%n</Pattern>
               <!-- Add thread name <Pattern>%d{DEFAULT} %-5p %t [%-20C{1}] Line:%L  %m%n</Pattern> -->
            </PatternLayout>
            <Policies>
                 <TimeBasedTriggeringPolicy />
            </Policies>
        </RollingFile>
    
        <RollingFile name="RollingReplay" 
                     append="true"
                     fileName="/home/bmluser/c2simFiles/c2simReplay/replay.log"
                     filePattern="$${env:BML_HOME}/c2simReplay/%d{yyyy-MM-dd}_replay.log"
                     immediateFlush="true">   
            <PatternLayout>
                <Pattern>%d{DEFAULT} %5p %m%n</Pattern>
            </PatternLayout>
            <Policies>
                <TimeBasedTriggeringPolicy />
            </Policies>
        </RollingFile>
        <RollingFile name="RollingCyber" 
                     append="true"
                     fileName="/home/bmluser/c2simFiles/c2simCyber/cyber.log"
                     filePattern="$${env:BML_HOME}/c2simCyber/%d{yyyy-MM-dd}_cyber.log"
                     immediateFlush="true">   
            <PatternLayout>
                <Pattern>%d{DEFAULT} %5p %m%n</Pattern>
            </PatternLayout>
            <Policies>
                <TimeBasedTriggeringPolicy />
            </Policies>
        </RollingFile>
        <Console name="Console" target="SYSTEM_OUT"/>
    </Appenders>
    
    <Loggers>
        <Logger name="edu.gmu.c4i.c2simserver4.debug"
                level="debug">
            <AppenderRef ref="RollingDebug"/>
        </Logger>

        <Logger name="edu.gmu.c4i.c2simserver4.replay"
                level="info">
            <AppenderRef ref="RollingReplay"/>
        </Logger>
      
        <Logger name="edu.gmu.c4i.c2simserver4.cyber"
                level="debug">
            <AppenderRef ref="RollingCyber"/>
        </Logger>
        <Root/>  
    </Loggers>
</Configuration>
