<?xml version="1.0" encoding="UTF-8" standalone="yes"?>
<ibml:OrderPushIBML xmlns="http://netlab.gmu.edu/IBML"
    xmlns:xsi="http://www.w3.org/2001/XMLSchema-instance"
    xsi:schemaLocation=
	"http://netlab.gmu.edu/IBML/Users/jmarkpullen/Desktop/SandboxTech/workingGUI/BMLC2GUI/IITSEC/Schema/IBML_09/IBMLOrderPushPulls.xsd"
    xmlns:ibml="http://netlab.gmu.edu/IBML">
    <ibml:OrderPush>
        <ibml:TaskersIntent>Move out</ibml:TaskersIntent>
        <ibml:Task>
            <ibml:GroundTask>
                <ibml:TaskeeWho>
                    <ibml:UnitID>1/202 INF</ibml:UnitID>
                </ibml:TaskeeWho>
                <ibml:What>
                    <ibml:WhatCode>MOVE</ibml:WhatCode>
                </ibml:What>
                <ibml:Where>
                    <ibml:WhereID>ATTACK ROUTE</ibml:WhereID>
                    <ibml:AtWhere>
                        <ibml:JBMLAtWhere>
                            <ibml:WhereLabel>ROUTE_ALONG_AXIS_CORVETTE1</ibml:WhereLabel>
                            <ibml:WhereCategory>ROUTE</ibml:WhereCategory>
                            <ibml:WhereClass>LN</ibml:WhereClass>
                            <ibml:WhereValue>
                                <ibml:WhereLocation Sequence="0">
                                    <ibml:GDC>
                                        <ibml:Latitude>58.500965</ibml:Latitude>
                                        <ibml:Longitude>15.136887</ibml:Longitude>
                                        <ibml:ElevationAGL>0.0</ibml:ElevationAGL>
                                    </ibml:GDC>
                                </ibml:WhereLocation>
                                <ibml:WhereLocation Sequence="1">
                                    <ibml:GDC>
                                        <ibml:Latitude>58.490288</ibml:Latitude>
                                        <ibml:Longitude>15.24082</ibml:Longitude>
                                        <ibml:ElevationAGL>0.0</ibml:ElevationAGL>
                                    </ibml:GDC>
                                </ibml:WhereLocation>
                                <ibml:WhereLocation Sequence="2">
                                    <ibml:GDC>
                                        <ibml:Latitude>58.269596</ibml:Latitude>
                                        <ibml:Longitude>15.455105</ibml:Longitude>
                                        <ibml:ElevationAGL>0.0</ibml:ElevationAGL>
                                    </ibml:GDC>
                                </ibml:WhereLocation>
                                <ibml:WhereLocation Sequence="3">
                                    <ibml:GDC>
                                        <ibml:Latitude>58.14715</ibml:Latitude>
                                        <ibml:Longitude>15.47006</ibml:Longitude>
                                        <ibml:ElevationAGL>0.0</ibml:ElevationAGL>
                                    </ibml:GDC>
                                </ibml:WhereLocation>
                                <ibml:WhereLocation Sequence="4">
                                    <ibml:GDC>
                                        <ibml:Latitude>58.124363</ibml:Latitude>
                                        <ibml:Longitude>15.523457</ibml:Longitude>
                                        <ibml:ElevationAGL>0.0</ibml:ElevationAGL>
                                    </ibml:GDC>
                                </ibml:WhereLocation>
                            </ibml:WhereValue>
                            <ibml:WhereQualifier>ALONG</ibml:WhereQualifier>
                        </ibml:JBMLAtWhere>
                    </ibml:AtWhere>
                </ibml:Where>
                <ibml:StartWhen>
                    <ibml:WhenTime>
                        <ibml:StartTimeQualifier>AT</ibml:StartTimeQualifier>
                        <ibml:DateTime>20091013131909.000</ibml:DateTime>
                    </ibml:WhenTime>
                </ibml:StartWhen>
                <ibml:TaskControlMeasures>
                    <ibml:ControlMeasureLabel>Bde_boundary_south</ibml:ControlMeasureLabel>
                    <ibml:ControlMeasureLabel>Bde_boundary_north</ibml:ControlMeasureLabel>
                </ibml:TaskControlMeasures>
                <ibml:TaskID>20947ATTACK_ALONG_CORVETTE_1</ibml:TaskID>
            </ibml:GroundTask>
            <ibml:GroundTask>
                <ibml:TaskeeWho>
                    <ibml:UnitID>2/202 INF</ibml:UnitID>
                </ibml:TaskeeWho>
                <ibml:What>
                    <ibml:WhatCode>MOVE</ibml:WhatCode>
                </ibml:What>
                <ibml:Where>
                    <ibml:WhereID>ROUTE_AXIS_CORVETTE</ibml:WhereID>
                    <ibml:AtWhere>
                        <ibml:JBMLAtWhere>
                            <ibml:WhereLabel>ROUTE_ALONG_AXIS_CORVETTE2</ibml:WhereLabel>
                            <ibml:WhereCategory>ROUTE</ibml:WhereCategory>
                            <ibml:WhereClass>LN</ibml:WhereClass>
                            <ibml:WhereValue>
                                <ibml:WhereLocation Sequence="0">
                                    <ibml:GDC>
                                        <ibml:Latitude>58.520965</ibml:Latitude>

                                        <ibml:Longitude>15.156887</ibml:Longitude>

                                        <ibml:ElevationAGL>0.0</ibml:ElevationAGL>

                                    </ibml:GDC>

                                </ibml:WhereLocation>

                                <ibml:WhereLocation Sequence="1">

                                    <ibml:GDC>

                                        <ibml:Latitude>58.510288</ibml:Latitude>

                                        <ibml:Longitude>15.26082</ibml:Longitude>

                                        <ibml:ElevationAGL>0.0</ibml:ElevationAGL>

                                    </ibml:GDC>

                                </ibml:WhereLocation>

                                <ibml:WhereLocation Sequence="2">

                                    <ibml:GDC>

                                        <ibml:Latitude>58.289596</ibml:Latitude>

                                        <ibml:Longitude>15.475105</ibml:Longitude>

                                        <ibml:ElevationAGL>0.0</ibml:ElevationAGL>

                                    </ibml:GDC>

                                </ibml:WhereLocation>

                                <ibml:WhereLocation Sequence="3">

                                    <ibml:GDC>

                                        <ibml:Latitude>58.16715</ibml:Latitude>

                                        <ibml:Longitude>15.49006</ibml:Longitude>

                                        <ibml:ElevationAGL>0.0</ibml:ElevationAGL>

                                    </ibml:GDC>

                                </ibml:WhereLocation>

                                <ibml:WhereLocation Sequence="4">

                                    <ibml:GDC>

                                        <ibml:Latitude>58.144363</ibml:Latitude>

                                        <ibml:Longitude>15.543457</ibml:Longitude>

                                        <ibml:ElevationAGL>0.0</ibml:ElevationAGL>

                                    </ibml:GDC>

                                </ibml:WhereLocation>

                            </ibml:WhereValue>

                            <ibml:WhereQualifier>ALONG</ibml:WhereQualifier>
                        </ibml:JBMLAtWhere>
		    </ibml:AtWhere>

                </ibml:Where>

                <ibml:StartWhen>

                    <ibml:RelativeWhen>

                        <ibml:Qualifier>SAEAST</ibml:Qualifier>

                        <ibml:TaskID>20947ATTACK_ALONG_CORVETTE_1</ibml:TaskID>

                    </ibml:RelativeWhen>

                </ibml:StartWhen>

                <ibml:TaskControlMeasures>

                    <ibml:ControlMeasureLabel>Bde_boundary_north</ibml:ControlMeasureLabel>

                    <ibml:ControlMeasureLabel>Bde_boundary_south</ibml:ControlMeasureLabel>

                </ibml:TaskControlMeasures>

                <ibml:TaskID>20948ATTACK_ALONG_CORVETTE_2</ibml:TaskID>

            </ibml:GroundTask>

            <ibml:GroundTask>

                <ibml:TaskeeWho>

                    <ibml:UnitID>3/202 INF</ibml:UnitID>

                </ibml:TaskeeWho>
                <ibml:What>

                    <ibml:WhatCode>MOVE</ibml:WhatCode>

                </ibml:What>

                <ibml:Where>

                    <ibml:WhereID>ROUTE_SOUTHOF_CORVETTE</ibml:WhereID>

                    <ibml:AtWhere>

                        <ibml:JBMLAtWhere>

                            <ibml:WhereLabel>ROUTE_SOUTHOF_CORVETTE</ibml:WhereLabel>

                            <ibml:WhereCategory>ROUTE</ibml:WhereCategory>

                            <ibml:WhereClass>LN</ibml:WhereClass>

                            <ibml:WhereValue>

                                <ibml:WhereLocation Sequence="0">

                                    <ibml:GDC>

                                        <ibml:Latitude>58.488865</ibml:Latitude>

                                        <ibml:Longitude>15.11553</ibml:Longitude>

                                        <ibml:ElevationAGL>0.0</ibml:ElevationAGL>

                                    </ibml:GDC>

                                </ibml:WhereLocation>

                                <ibml:WhereLocation Sequence="1">

                                    <ibml:GDC>

                                        <ibml:Latitude>58.37282</ibml:Latitude>

                                        <ibml:Longitude>15.218754</ibml:Longitude>

                                        <ibml:ElevationAGL>0.0</ibml:ElevationAGL>

                                    </ibml:GDC>

                                </ibml:WhereLocation>

                                <ibml:WhereLocation Sequence="2">

                                    <ibml:GDC>

                                        <ibml:Latitude>58.283123</ibml:Latitude>

                                        <ibml:Longitude>15.259335</ibml:Longitude>

                                        <ibml:ElevationAGL>0.0</ibml:ElevationAGL>

                                    </ibml:GDC>

                                </ibml:WhereLocation>

                                <ibml:WhereLocation Sequence="3">

                                    <ibml:GDC>

                                        <ibml:Latitude>58.09068</ibml:Latitude>

                                        <ibml:Longitude>15.480236</ibml:Longitude>

                                        <ibml:ElevationAGL>0.0</ibml:ElevationAGL>

                                    </ibml:GDC>

                                </ibml:WhereLocation>

                            </ibml:WhereValue>

                            <ibml:WhereQualifier>ALONG</ibml:WhereQualifier>

                        </ibml:JBMLAtWhere>

                    </ibml:AtWhere>

                </ibml:Where>

                <ibml:StartWhen>

                    <ibml:RelativeWhen>

                        <ibml:Qualifier>SAEAST</ibml:Qualifier>

                        <ibml:TaskID>20947ATTACK_ALONG_CORVETTE_1</ibml:TaskID>

                    </ibml:RelativeWhen>

                </ibml:StartWhen>

                <ibml:AffectedWho>

                    <ibml:UnitID>1/1/A ARTY</ibml:UnitID>

                </ibml:AffectedWho>

                <ibml:TaskControlMeasures>

                    <ibml:ControlMeasureLabel>Bde_boundary_south</ibml:ControlMeasureLabel>

                    <ibml:ControlMeasureLabel>Bde_boundary_north</ibml:ControlMeasureLabel>

                </ibml:TaskControlMeasures>

                <ibml:TaskID>20950SUPPORTING_ATTACK_SOUTH_ALONG_CORVETTE_2</ibml:TaskID>

            </ibml:GroundTask>

        </ibml:Task>

        <ibml:Task>

            <ibml:AirTask>

                <ibml:TaskeeWho>

                    <ibml:UnitID>1/A</ibml:UnitID>

                </ibml:TaskeeWho>

                <ibml:What>

                    <ibml:WhatCode>ATTSPT</ibml:WhatCode>

                </ibml:What>

                <ibml:Where>

                    <ibml:WhereID>ROUTE_SOUTHOF_CORVETTE</ibml:WhereID>

                    <ibml:AtWhere>

                        <ibml:JBMLAtWhere>

                            <ibml:WhereLabel>ROUTE_SOUTHOF_CORVETTE</ibml:WhereLabel>

                            <ibml:WhereCategory>ROUTE</ibml:WhereCategory>

                            <ibml:WhereClass>LN</ibml:WhereClass>

                            <ibml:WhereValue>

                                <ibml:WhereLocation Sequence="0">

                                    <ibml:GDC>

                                        <ibml:Latitude>58.488865</ibml:Latitude>

                                        <ibml:Longitude>15.11553</ibml:Longitude>

                                        <ibml:ElevationAGL>0.0</ibml:ElevationAGL>

                                    </ibml:GDC>

                                </ibml:WhereLocation>

                                <ibml:WhereLocation Sequence="1">

                                    <ibml:GDC>

                                        <ibml:Latitude>58.37282</ibml:Latitude>

                                        <ibml:Longitude>15.218754</ibml:Longitude>

                                        <ibml:ElevationAGL>0.0</ibml:ElevationAGL>
                                    </ibml:GDC>
                                </ibml:WhereLocation>

                                <ibml:WhereLocation Sequence="2">

                                    <ibml:GDC>

                                        <ibml:Latitude>58.283123</ibml:Latitude>

                                        <ibml:Longitude>15.259335</ibml:Longitude>

                                        <ibml:ElevationAGL>0.0</ibml:ElevationAGL>

                                    </ibml:GDC>

                                </ibml:WhereLocation>

                                <ibml:WhereLocation Sequence="3">

                                    <ibml:GDC>

                                        <ibml:Latitude>58.09068</ibml:Latitude>

                                        <ibml:Longitude>15.480236</ibml:Longitude>

                                        <ibml:ElevationAGL>0.0</ibml:ElevationAGL>

                                    </ibml:GDC>

                                </ibml:WhereLocation>

                            </ibml:WhereValue>

                            <ibml:WhereQualifier>ALONG</ibml:WhereQualifier>

                        </ibml:JBMLAtWhere>

                    </ibml:AtWhere>

                </ibml:Where>

                <ibml:StartWhen>

                    <ibml:RelativeWhen>

                        <ibml:Qualifier>SAEAST</ibml:Qualifier>

                        <ibml:TaskID>20947ATTACK_ALONG_CORVETTE_1</ibml:TaskID>

                    </ibml:RelativeWhen>

                </ibml:StartWhen>

                <ibml:AffectedWho>

                    <ibml:UnitID>1/1/A</ibml:UnitID>

                </ibml:AffectedWho>

                <ibml:TaskControlMeasures>

                    <ibml:ControlMeasureLabel>Bde_boundary_south</ibml:ControlMeasureLabel>

                    <ibml:ControlMeasureLabel>Bde_boundary_north</ibml:ControlMeasureLabel>

                </ibml:TaskControlMeasures>

                <ibml:TaskID>20949SUPPORTING_ATTACK_SOUTH_ALONG_CORVETTE_1</ibml:TaskID>

            </ibml:AirTask>

        </ibml:Task>

        <ibml:OrderIssuedWhen>20091021120139.000</ibml:OrderIssuedWhen>

        <ibml:OrderID>20903NOR_COA_001_PH1A</ibml:OrderID>

        <ibml:TaskerWho>

            <ibml:UnitID>202 INF</ibml:UnitID>

        </ibml:TaskerWho>

        <ibml:TaskOrganization>

            <ibml:UnitID>AA</ibml:UnitID>

            <ibml:TaskOrganization>

                <ibml:UnitID>A</ibml:UnitID>

                <ibml:TaskOrganization>

                    <ibml:UnitID>A1</ibml:UnitID>

                </ibml:TaskOrganization>

                <ibml:TaskOrganization>

                    <ibml:UnitID>A2</ibml:UnitID>

                </ibml:TaskOrganization>

            </ibml:TaskOrganization>

            <ibml:TaskOrganization>

                <ibml:UnitID>B</ibml:UnitID>

                <ibml:TaskOrganization>

                    <ibml:UnitID>B1</ibml:UnitID>

                </ibml:TaskOrganization>

                <ibml:TaskOrganization>

                    <ibml:UnitID>B2</ibml:UnitID>

                </ibml:TaskOrganization>

                <ibml:TaskOrganization>

                    <ibml:UnitID>B3</ibml:UnitID>

                </ibml:TaskOrganization>

            </ibml:TaskOrganization>

            <ibml:TaskOrganization>

                <ibml:UnitID>C</ibml:UnitID>

                <ibml:TaskOrganization>

                    <ibml:UnitID>C1</ibml:UnitID>

                </ibml:TaskOrganization>

                <ibml:TaskOrganization>

                    <ibml:UnitID>C2</ibml:UnitID>

                </ibml:TaskOrganization>

                <ibml:TaskOrganization>

                    <ibml:UnitID>C3</ibml:UnitID>

                </ibml:TaskOrganization>

            </ibml:TaskOrganization>

            <ibml:TaskOrganization>

                <ibml:UnitID>D</ibml:UnitID>

                <ibml:TaskOrganization>

                    <ibml:UnitID>D1</ibml:UnitID>

                </ibml:TaskOrganization>

                <ibml:TaskOrganization>

                    <ibml:UnitID>D2</ibml:UnitID>

                </ibml:TaskOrganization>

                <ibml:TaskOrganization>

                    <ibml:UnitID>D3</ibml:UnitID>

                </ibml:TaskOrganization>

            </ibml:TaskOrganization>

        </ibml:TaskOrganization>

        <ibml:ControlMeasures>

            <ibml:ControlMeasure>

                <ibml:WhereID>Bde_boundary_north</ibml:WhereID>

                <ibml:AtWhere>

                    <ibml:JBMLAtWhere>

                        <ibml:WhereLabel>Bde_boundary_north</ibml:WhereLabel>

                        <ibml:WhereCategory>BOUNDARYLINE</ibml:WhereCategory>

                        <ibml:WhereClass>LN</ibml:WhereClass>

                        <ibml:WhereValue>

                            <ibml:WhereLocation Sequence="0">

                                <ibml:GDC>

                                    <ibml:Latitude>58.6297</ibml:Latitude>

                                    <ibml:Longitude>15.0288</ibml:Longitude>

                                    <ibml:ElevationAGL>0.0</ibml:ElevationAGL>

                                </ibml:GDC>

                            </ibml:WhereLocation>

                            <ibml:WhereLocation Sequence="1">

                                <ibml:GDC>

                                    <ibml:Latitude>58.5939</ibml:Latitude>

                                    <ibml:Longitude>15.1398</ibml:Longitude>

                                    <ibml:ElevationAGL>0.0</ibml:ElevationAGL>

                                </ibml:GDC>

                            </ibml:WhereLocation>

                            <ibml:WhereLocation Sequence="2">

                                <ibml:GDC>

                                    <ibml:Latitude>58.57</ibml:Latitude>

                                    <ibml:Longitude>15.1861</ibml:Longitude>

                                    <ibml:ElevationAGL>0.0</ibml:ElevationAGL>

                                </ibml:GDC>

                            </ibml:WhereLocation>

                            <ibml:WhereLocation Sequence="3">

                                <ibml:GDC>

                                    <ibml:Latitude>58.5266</ibml:Latitude>

                                    <ibml:Longitude>15.2312</ibml:Longitude>

                                    <ibml:ElevationAGL>0.0</ibml:ElevationAGL>

                                </ibml:GDC>

                            </ibml:WhereLocation>

                            <ibml:WhereLocation Sequence="4">

                                <ibml:GDC>

                                    <ibml:Latitude>58.4124</ibml:Latitude>

                                    <ibml:Longitude>15.3241</ibml:Longitude>

                                    <ibml:ElevationAGL>0.0</ibml:ElevationAGL>

                                </ibml:GDC>

                            </ibml:WhereLocation>

                            <ibml:WhereLocation Sequence="5">

                                <ibml:GDC>

                                    <ibml:Latitude>58.3503</ibml:Latitude>

                                    <ibml:Longitude>15.4015</ibml:Longitude>

                                    <ibml:ElevationAGL>0.0</ibml:ElevationAGL>

                                </ibml:GDC>

                            </ibml:WhereLocation>

                            <ibml:WhereLocation Sequence="6">

                                <ibml:GDC>

                                    <ibml:Latitude>58.26</ibml:Latitude>

                                    <ibml:Longitude>15.4687</ibml:Longitude>

                                    <ibml:ElevationAGL>0.0</ibml:ElevationAGL>

                                </ibml:GDC>

                            </ibml:WhereLocation>

                            <ibml:WhereLocation Sequence="7">

                                <ibml:GDC>

                                    <ibml:Latitude>58.1652</ibml:Latitude>

                                    <ibml:Longitude>15.5265</ibml:Longitude>

                                    <ibml:ElevationAGL>0.0</ibml:ElevationAGL>

                                </ibml:GDC>

                            </ibml:WhereLocation>

                            <ibml:WhereLocation Sequence="8">

                                <ibml:GDC>

                                    <ibml:Latitude>58.1801</ibml:Latitude>

                                    <ibml:Longitude>15.6807</ibml:Longitude>

                                    <ibml:ElevationAGL>0.0</ibml:ElevationAGL>

                                </ibml:GDC>

                            </ibml:WhereLocation>

                            <ibml:WhereLocation Sequence="9">

                                <ibml:GDC>

                                    <ibml:Latitude>58.1451</ibml:Latitude>

                                    <ibml:Longitude>15.7748</ibml:Longitude>

                                    <ibml:ElevationAGL>0.0</ibml:ElevationAGL>

                                </ibml:GDC>

                            </ibml:WhereLocation>

                            <ibml:WhereLocation Sequence="10">

                                <ibml:GDC>

                                    <ibml:Latitude>58.0862</ibml:Latitude>

                                    <ibml:Longitude>15.9878</ibml:Longitude>

                                    <ibml:ElevationAGL>0.0</ibml:ElevationAGL>

                                </ibml:GDC>

                            </ibml:WhereLocation>

                            <ibml:WhereLocation Sequence="11">

                                <ibml:GDC>

                                    <ibml:Latitude>58.0227</ibml:Latitude>

                                    <ibml:Longitude>16.2023</ibml:Longitude>

                                    <ibml:ElevationAGL>0.0</ibml:ElevationAGL>

                                </ibml:GDC>

                            </ibml:WhereLocation>

                        </ibml:WhereValue>

                        <ibml:WhereQualifier>AT</ibml:WhereQualifier>

                    </ibml:JBMLAtWhere>

                </ibml:AtWhere>

            </ibml:ControlMeasure>

            <ibml:ControlMeasure>

                <ibml:WhereID>Bde_boundary_south</ibml:WhereID>

                <ibml:AtWhere>

                    <ibml:JBMLAtWhere>

                        <ibml:WhereLabel>Bde_boundary_south</ibml:WhereLabel>

                        <ibml:WhereCategory>BOUNDARYLINE</ibml:WhereCategory>

                        <ibml:WhereClass>LN</ibml:WhereClass>

                        <ibml:WhereValue>

                            <ibml:WhereLocation Sequence="0">

                                <ibml:GDC>

                                    <ibml:Latitude>58.4513</ibml:Latitude>

                                    <ibml:Longitude>15.0817</ibml:Longitude>

                                    <ibml:ElevationAGL>0.0</ibml:ElevationAGL>

                                </ibml:GDC>

                            </ibml:WhereLocation>

                            <ibml:WhereLocation Sequence="1">

                                <ibml:GDC>

                                    <ibml:Latitude>58.426</ibml:Latitude>

                                    <ibml:Longitude>15.1429</ibml:Longitude>

                                    <ibml:ElevationAGL>0.0</ibml:ElevationAGL>

                                </ibml:GDC>

                            </ibml:WhereLocation>

                            <ibml:WhereLocation Sequence="2">

                                <ibml:GDC>

                                    <ibml:Latitude>58.3864</ibml:Latitude>

                                    <ibml:Longitude>15.1599</ibml:Longitude>

                                    <ibml:ElevationAGL>0.0</ibml:ElevationAGL>

                                </ibml:GDC>

                            </ibml:WhereLocation>

                            <ibml:WhereLocation Sequence="3">

                                <ibml:GDC>

                                    <ibml:Latitude>58.3343</ibml:Latitude>

                                    <ibml:Longitude>15.1847</ibml:Longitude>

                                    <ibml:ElevationAGL>0.0</ibml:ElevationAGL>

                                </ibml:GDC>

                            </ibml:WhereLocation>

                            <ibml:WhereLocation Sequence="4">

                                <ibml:GDC>

                                    <ibml:Latitude>58.2325</ibml:Latitude>

                                    <ibml:Longitude>15.2694</ibml:Longitude>

                                    <ibml:ElevationAGL>0.0</ibml:ElevationAGL>

                                </ibml:GDC>

                            </ibml:WhereLocation>

                            <ibml:WhereLocation Sequence="5">
                                <ibml:GDC>

                                    <ibml:Latitude>58.1538</ibml:Latitude>

                                    <ibml:Longitude>15.3383</ibml:Longitude>
                                    <ibml:ElevationAGL>0.0</ibml:ElevationAGL>

                                </ibml:GDC>

                            </ibml:WhereLocation>

                            <ibml:WhereLocation Sequence="6">
                                <ibml:GDC>

                                    <ibml:Latitude>58.0551</ibml:Latitude>

                                    <ibml:Longitude>15.4451</ibml:Longitude>

                                    <ibml:ElevationAGL>0.0</ibml:ElevationAGL>

                                </ibml:GDC>

                            </ibml:WhereLocation>

                            <ibml:WhereLocation Sequence="7">

                                <ibml:GDC>
 
                                   <ibml:Latitude>57.9565</ibml:Latitude>

                                    <ibml:Longitude>15.6221</ibml:Longitude>

                                    <ibml:ElevationAGL>0.0</ibml:ElevationAGL>

                                </ibml:GDC>

                            </ibml:WhereLocation>

                            <ibml:WhereLocation Sequence="8">

                                <ibml:GDC>

                                    <ibml:Latitude>57.9207</ibml:Latitude>

                                    <ibml:Longitude>15.7149</ibml:Longitude>

                                    <ibml:ElevationAGL>0.0</ibml:ElevationAGL>

                                </ibml:GDC>

                            </ibml:WhereLocation>

                            <ibml:WhereLocation Sequence="9">

                                <ibml:GDC>

                                    <ibml:Latitude>57.9142</ibml:Latitude>

                                    <ibml:Longitude>15.7893</ibml:Longitude>

                                    <ibml:ElevationAGL>0.0</ibml:ElevationAGL>

                                </ibml:GDC>

                            </ibml:WhereLocation>

                            <ibml:WhereLocation Sequence="10">

                                <ibml:GDC>

                                    <ibml:Latitude>57.8767</ibml:Latitude>

                                    <ibml:Longitude>15.8306</ibml:Longitude>

                                    <ibml:ElevationAGL>0.0</ibml:ElevationAGL>

                                </ibml:GDC>

                            </ibml:WhereLocation>

                            <ibml:WhereLocation Sequence="11">

                                <ibml:GDC>

                                    <ibml:Latitude>57.766</ibml:Latitude>

                                    <ibml:Longitude>16.0721</ibml:Longitude>

                                    <ibml:ElevationAGL>0.0</ibml:ElevationAGL>

                                </ibml:GDC>

                            </ibml:WhereLocation>

                        </ibml:WhereValue>

                        <ibml:WhereQualifier>AT</ibml:WhereQualifier>

                    </ibml:JBMLAtWhere>

                </ibml:AtWhere>

            </ibml:ControlMeasure>

            <ibml:ControlMeasure>

                <ibml:WhereID>Assembly_Area</ibml:WhereID>

                <ibml:AtWhere>

                    <ibml:JBMLAtWhere>

                        <ibml:WhereLabel>Assembly_Area1</ibml:WhereLabel>

                        <ibml:WhereCategory>ASSEMBLYAREA</ibml:WhereCategory>

                        <ibml:WhereClass>SURFAC</ibml:WhereClass>

                        <ibml:WhereValue>

                            <ibml:WhereLocation Sequence="0">

                                <ibml:GDC>

                                    <ibml:Latitude>58.46</ibml:Latitude>

                                    <ibml:Longitude>15.05</ibml:Longitude>

                                    <ibml:ElevationAGL>0.0</ibml:ElevationAGL>

                                </ibml:GDC>

                            </ibml:WhereLocation>

                            <ibml:WhereLocation Sequence="1">

                                <ibml:GDC>

                                    <ibml:Latitude>58.46</ibml:Latitude>

                                    <ibml:Longitude>15.2</ibml:Longitude>

                                    <ibml:ElevationAGL>0.0</ibml:ElevationAGL>

                                </ibml:GDC>

                            </ibml:WhereLocation>

                            <ibml:WhereLocation Sequence="2">

                                <ibml:GDC>

                                    <ibml:Latitude>58.55</ibml:Latitude>

                                    <ibml:Longitude>15.2</ibml:Longitude>

                                    <ibml:ElevationAGL>0.0</ibml:ElevationAGL>

                                </ibml:GDC>

                            </ibml:WhereLocation>

                            <ibml:WhereLocation Sequence="3">

                                <ibml:GDC>

                                    <ibml:Latitude>58.55</ibml:Latitude>

                                    <ibml:Longitude>15.05</ibml:Longitude>

                                    <ibml:ElevationAGL>0.0</ibml:ElevationAGL>

                                </ibml:GDC>

                            </ibml:WhereLocation>

                          </ibml:WhereValue>

                        <ibml:WhereQualifier>IN</ibml:WhereQualifier>

                    </ibml:JBMLAtWhere>

                </ibml:AtWhere>

            </ibml:ControlMeasure>

        </ibml:ControlMeasures>

    </ibml:OrderPush>

</ibml:OrderPushIBML>
