<?xml version="1.0" encoding="UTF-8" standalone="yes"?>
<ibml:OrderPushIBML xmlns="http://netlab.gmu.edu/IBML" xmlns:ibml="http://netlab.gmu.edu/IBML">
    <ibml:OrderPush>
        <ibml:TaskersIntent>Move out</ibml:TaskersIntent>
        <ibml:Task>
            <ibml:GroundTask>
                <ibml:TaskeeWho>
                    <ibml:UnitID>1/22A INF</ibml:UnitID>
                </ibml:TaskeeWho>
                <ibml:What>
                    <ibml:WhatCode>MOVE</ibml:WhatCode>
                </ibml:What>
                <ibml:Where>
                    <ibml:WhereID>HOLDING POSITION</ibml:WhereID>
                    <ibml:AtWhere>
                        <ibml:JBMLAtWhere>
                            <ibml:WhereLabel>ROUTE_ALONG_AXIS_CORVETTE</ibml:WhereLabel>
                            <ibml:WhereCategory>ROUTE</ibml:WhereCategory>
                            <ibml:WhereClass>LN</ibml:WhereClass>
                            <ibml:WhereValue>
                                <ibml:WhereLocation Sequence="0">
                                    <ibml:GDC>
                                        <ibml:Latitude>58.2</ibml:Latitude>
                                        <ibml:Longitude>14.8</ibml:Longitude>
                                        <ibml:ElevationAGL>0.0</ibml:ElevationAGL>
                                    </ibml:GDC>
                                </ibml:WhereLocation>
                            </ibml:WhereValue>
                            <ibml:WhereQualifier>ALONG</ibml:WhereQualifier>
                        </ibml:JBMLAtWhere>
                    </ibml:AtWhere>
                </ibml:Where>
                <ibml:StartWhen>
                    <ibml:WhenTime>
                        <ibml:StartTimeQualifier>AT</ibml:StartTimeQualifier>
                        <ibml:DateTime>20091013131909.000</ibml:DateTime>
                    </ibml:WhenTime>
                </ibml:StartWhen>
                <ibml:TaskID>20947ATTACK_ALONG_CORVETTE_1</ibml:TaskID>
            </ibml:GroundTask>
        </ibml:Task>
        <ibml:OrderIssuedWhen>20091021120139.000</ibml:OrderIssuedWhen>
        <ibml:OrderID>20903NOR_COA_001_PH1A</ibml:OrderID>
        <ibml:TaskerWho>
            <ibml:UnitID>A</ibml:UnitID>
        </ibml:TaskerWho>
        <ibml:ControlMeasures>
            <ibml:ControlMeasure>
                <ibml:WhereID>Assembly_Area</ibml:WhereID>
                <ibml:AtWhere>
                    <ibml:JBMLAtWhere>
                        <ibml:WhereLabel>Assembly_Area1</ibml:WhereLabel>
                        <ibml:WhereCategory>ASSEMBLYAREA</ibml:WhereCategory>
                        <ibml:WhereClass>SURFAC</ibml:WhereClass>
                        <ibml:WhereValue>
                            <ibml:WhereLocation Sequence="0">
                                <ibml:GDC>
                                    <ibml:Latitude>58.46</ibml:Latitude>
                                    <ibml:Longitude>15.05</ibml:Longitude>
                                    <ibml:ElevationAGL>0.0</ibml:ElevationAGL>
                                </ibml:GDC>
                            </ibml:WhereLocation>
                            <ibml:WhereLocation Sequence="1">
                                <ibml:GDC>
                                    <ibml:Latitude>58.46</ibml:Latitude>
                                    <ibml:Longitude>15.2</ibml:Longitude>
                                    <ibml:ElevationAGL>0.0</ibml:ElevationAGL>
                                </ibml:GDC>
                            </ibml:WhereLocation>
                            <ibml:WhereLocation Sequence="2">
                                <ibml:GDC>
                                    <ibml:Latitude>58.55</ibml:Latitude>
                                    <ibml:Longitude>15.2</ibml:Longitude>
                                    <ibml:ElevationAGL>0.0</ibml:ElevationAGL>
                                </ibml:GDC>
                            </ibml:WhereLocation>
                            <ibml:WhereLocation Sequence="3">
                                <ibml:GDC>
                                    <ibml:Latitude>58.55</ibml:Latitude>
                                    <ibml:Longitude>15.05</ibml:Longitude>
                                    <ibml:ElevationAGL>0.0</ibml:ElevationAGL>
                                </ibml:GDC>
                            </ibml:WhereLocation>
                        </ibml:WhereValue>
                        <ibml:WhereQualifier>IN</ibml:WhereQualifier>
                    </ibml:JBMLAtWhere>
                </ibml:AtWhere>
            </ibml:ControlMeasure>
        </ibml:ControlMeasures>
    </ibml:OrderPush>
</ibml:OrderPushIBML>
