<?xml version="1.0" encoding="UTF-8"?>
<MessageBody xmlns:xsi="http://www.w3.org/2001/XMLSchema-instance"
 xsi:schemaLocation="http://www.sisostds.org/schemas/C2SIM/1.1 ../Schema/C2SIM/C2SIM_SMX_LOX_V1.0.1.xsd"
 xmlns="http://www.sisostds.org/schemas/C2SIM/1.1">
  <C2SIMInitializationBody>
    <ObjectDefinitions>
    <!-- UUID formation (NOTE: ForceSide UUID is zeros except for side)
      this UUUID format is artificial - done for ease of human decoding
      first 8: always 00000000
      next 4: side 0001 friendly, 0002 hostile, 0003 neutral (for ForceSide remainder of UUID is 0)
      next 4:nation friendly 0001, 0002, 0003, 0004 hostile 0007
      next 4: unit x000 BDE HQ, xx00 Bn HQ, xxx0 Coy, xxxx Plt or misc
      next 4: Order or Task number from the issuing unit (otherwise zeros)
      next 4: Event index associated with the identified unit (otherwise zeros)
      last 4: Control Feature or Tactical Graphic index associated with the identified unit
    -->
      <AbstractObject>
        <ForceSide>
          <Name>NATOCoalition</Name>
          <UUID>00000000-0001-0000-0000-000000000000</UUID>
          <ForceSideRelation>
            <HostilityStatusCode>HO</HostilityStatusCode>
            <OtherSide>00000000-0002-0000-0000-000000000000</OtherSide>
          </ForceSideRelation>
          <ForceSideRelation>
            <HostilityStatusCode>NEUTRL</HostilityStatusCode>
            <OtherSide>00000000-0003-0000-0000-000000000000</OtherSide>
          </ForceSideRelation>
        </ForceSide>
      </AbstractObject>
      <AbstractObject>
        <ForceSide>
          <Name>WASA</Name>
          <UUID>00000000-0002-0000-0000-000000000000</UUID>
          <ForceSideRelation>
            <HostilityStatusCode>HO</HostilityStatusCode>
            <OtherSide>00000000-0001-0000-0000-000000000000</OtherSide>
          </ForceSideRelation>
          <ForceSideRelation>
            <HostilityStatusCode>NEUTRL</HostilityStatusCode>
            <OtherSide>00000000-0003-0000-0000-000000000000</OtherSide>
          </ForceSideRelation>
        </ForceSide>
      </AbstractObject>
      <AbstractObject>
        <ForceSide>
          <Name>Neutral</Name>
          <UUID>00000000-0003-0000-0000-000000000000</UUID>
          <ForceSideRelation>
            <HostilityStatusCode>NEUTRL</HostilityStatusCode>
            <OtherSide>00000000-0001-0000-0000-000000000000</OtherSide>
          </ForceSideRelation>
          <ForceSideRelation>
            <HostilityStatusCode>NEUTRL</HostilityStatusCode>
            <OtherSide>00000000-0002-0000-0000-000000000000</OtherSide>
          </ForceSideRelation>
        </ForceSide>
      </AbstractObject>
      <!--Hostile Forces-->
      
      
      <!--RED row 2 Norrkoping Cell-->
      <Entity>
        <ActorEntity>
          <CollectiveEntity>
            <MilitaryOrganization><Unit>
              <EntityDescriptor>
                <Side>00000000-0002-0000-0000-000000000000</Side>
                <Superior>00000000-0002-0007-0001-000000000000</Superior>
              </EntityDescriptor>
              <CurrentState>
                <PhysicalState>
                  <EntityHealthStatus>
                    <OperationalStatus>
                      <OperationalStatusCode>FullyOperational</OperationalStatusCode>
                    </OperationalStatus>
                  </EntityHealthStatus>
                  <Location>
                    <GeodeticCoordinate>
                      <Latitude>58.605881</Latitude>
                      <Longitude>16.236114</Longitude>
                    </GeodeticCoordinate>
                  </Location>
                </PhysicalState>
              </CurrentState>
              <EntityType>
                <APP6-SIDC>
                  <SIDCString>SHGPUCI----B---</SIDCString>
                </APP6-SIDC>
              </EntityType>
              <EntityType>
                <DISEntityType>
                  <DISCategory>0</DISCategory>
                  <DISCountry>0</DISCountry>
                  <DISDomain>0</DISDomain>
                  <DISExtra>0</DISExtra>
                  <DISKind>0</DISKind>
                  <DISSpecific>0</DISSpecific>
                  <DISSubCategory>0</DISSubCategory>
                </DISEntityType>
              </EntityType>
              <Name>NorC1</Name>
              <UUID>00000000-0002-0007-1001-000000000000</UUID>
              <EchelonCode>NOS</EchelonCode>
            </Unit></MilitaryOrganization>
          </CollectiveEntity>
        </ActorEntity>
      </Entity>
      
      <!--RED Row3 Nykoping Cell-->
      <Entity>
        <ActorEntity>
          <CollectiveEntity>
            <MilitaryOrganization><Unit>
              <EntityDescriptor>
                <Side>00000000-0002-0000-0000-000000000000</Side>
                <Superior>00000000-0002-0007-1000-000000000000</Superior>
              </EntityDescriptor>
              <CurrentState>
                <PhysicalState>
                  <EntityHealthStatus>
                    <OperationalStatus>
                      <OperationalStatusCode>FullyOperational</OperationalStatusCode>
                    </OperationalStatus>
                  </EntityHealthStatus>
                  <Location>
                    <GeodeticCoordinate>
                      <Latitude>58.73751</Latitude>
                      <Longitude>17.028933</Longitude>
                    </GeodeticCoordinate>
                  </Location>
                </PhysicalState>
              </CurrentState>
              <EntityType>
                <APP6-SIDC>
                  <SIDCString>SHGPUCI--------</SIDCString>
                </APP6-SIDC>
              </EntityType>
              <EntityType>
                <DISEntityType>
                  <DISCategory>0</DISCategory>
                  <DISCountry>0</DISCountry>
                  <DISDomain>0</DISDomain>
                  <DISExtra>0</DISExtra>
                  <DISKind>0</DISKind>
                  <DISSpecific>0</DISSpecific>
                  <DISSubCategory>0</DISSubCategory>
                </DISEntityType>
              </EntityType>
              <Name>NykC2</Name>
              <UUID>00000000-0002-0007-1002-000000000000</UUID>
              <EchelonCode>NOS</EchelonCode>
            </Unit></MilitaryOrganization>
          </CollectiveEntity>
        </ActorEntity>
      </Entity>
      
      <!--RED row 4 Oxelosund Cell-->
      <Entity>  
        <ActorEntity>
          <CollectiveEntity>
            <MilitaryOrganization><Unit>
              <EntityDescriptor>
                <Side>00000000-0002-0000-0000-000000000000</Side>
                <Superior>00000000-0002-0007-1000-000000000000</Superior>
              </EntityDescriptor>
              <CurrentState>
                <PhysicalState>
                  <EntityHealthStatus>
                    <OperationalStatus>
                      <OperationalStatusCode>FullyOperational</OperationalStatusCode>
                    </OperationalStatus>
                  </EntityHealthStatus>
                  <Location>
                    <GeodeticCoordinate>
                      <Latitude>58.689532</Latitude><!--Latitude>58.418038</Latitude-->
                      <Longitude>17.057163</Longitude><!--Longitude>15.64339</Longitude-->
                    </GeodeticCoordinate>
                  </Location>
                </PhysicalState>
              </CurrentState>
              <EntityType>
                <APP6-SIDC>
                  <SIDCString>SHGPUCI----B---</SIDCString>
                </APP6-SIDC>
              </EntityType>
              <EntityType>
                <DISEntityType>
                  <DISCategory>0</DISCategory>
                  <DISCountry>0</DISCountry>
                  <DISDomain>0</DISDomain>
                  <DISExtra>0</DISExtra>
                  <DISKind>0</DISKind>
                  <DISSpecific>0</DISSpecific>
                  <DISSubCategory>0</DISSubCategory>
                </DISEntityType>
              </EntityType>
              <Name>OxeC3</Name>
              <UUID>00000000-0002-0007-1003-000000000000</UUID>
              <EchelonCode>NOS</EchelonCode>
            </Unit></MilitaryOrganization>
          </CollectiveEntity>
        </ActorEntity>
      </Entity>
      
      <!--RED Row 5 Krokek Cell-->
      <Entity>
        <ActorEntity>
          <CollectiveEntity>
            <MilitaryOrganization><Unit>
              <EntityDescriptor>
                <Side>00000000-0002-0000-0000-000000000000</Side>
                <Superior>00000000-0002-0007-1000-000000000000</Superior>
              </EntityDescriptor>
              <CurrentState>
                <PhysicalState>
                  <EntityHealthStatus>
                    <OperationalStatus>
                      <OperationalStatusCode>FullyOperational</OperationalStatusCode>
                    </OperationalStatus>
                  </EntityHealthStatus>
                  <Location>
                    <GeodeticCoordinate>
                      <Latitude>58.66513</Latitude>
                      <Longitude>16.312227</Longitude>
                    </GeodeticCoordinate>
                  </Location>
                </PhysicalState>
              </CurrentState>
              <EntityType>
                <APP6-SIDC>
                  <SIDCString>SHGPUCI--------</SIDCString>
                </APP6-SIDC>
              </EntityType>
              <EntityType>
                <DISEntityType>
                  <DISCategory>0</DISCategory>
                  <DISCountry>0</DISCountry>
                  <DISDomain>0</DISDomain>
                  <DISExtra>0</DISExtra>
                  <DISKind>0</DISKind>
                  <DISSpecific>0</DISSpecific>
                  <DISSubCategory>0</DISSubCategory>
                </DISEntityType>
              </EntityType>
              <Name>Krok</Name>
              <UUID>00000000-0002-0007-1004-000000000000</UUID>
              <EchelonCode>NOS</EchelonCode>
            </Unit></MilitaryOrganization>
          </CollectiveEntity>
        </ActorEntity>
      </Entity>
      
      <!--RED Row 6 Linkoping Cell-->
      <Entity>
        <ActorEntity>
          <CollectiveEntity>
            <MilitaryOrganization><Unit>
              <EntityDescriptor>
                <Side>00000000-0002-0000-0000-000000000000</Side>
                <Superior>00000000-0002-0007-1000-000000000000</Superior>
              </EntityDescriptor>
              <CurrentState>
                <PhysicalState>
                  <EntityHealthStatus>
                    <OperationalStatus>
                      <OperationalStatusCode>FullyOperational</OperationalStatusCode>
                    </OperationalStatus>
                  </EntityHealthStatus>
                  <Location>
                    <GeodeticCoordinate>
                      <Latitude>58.477939</Latitude>
                      <Longitude>16.901948</Longitude>
                    </GeodeticCoordinate>
                  </Location>
                </PhysicalState>
              </CurrentState>
              <EntityType>
                <APP6-SIDC>
                  <SIDCString>SHGPUCI--------</SIDCString>
                </APP6-SIDC>
              </EntityType>
              <EntityType>
                <DISEntityType>
                  <DISCategory>61</DISCategory>
                  <DISCountry>0</DISCountry>
                  <DISDomain>3</DISDomain>
                  <DISExtra>0</DISExtra>
                  <DISKind>1</DISKind>
                  <DISSpecific>0</DISSpecific>
                  <DISSubCategory>11</DISSubCategory>
                </DISEntityType>
              </EntityType>
              <Name>Norr</Name>
              <UUID>00000000-0002-0007-1005-000000000000</UUID>
              <EchelonCode>NOS</EchelonCode>
            </Unit></MilitaryOrganization>
          </CollectiveEntity>
        </ActorEntity>
      </Entity>
      
      <!--RED Row 7 Small Boat Cell-->
      <Entity>
        <ActorEntity>
          <CollectiveEntity>
            <MilitaryOrganization><Unit>
              <EntityDescriptor>
                <Side>00000000-0002-0000-0000-000000000000</Side>
                <Superior>00000000-0002-0007-1000-000000000000</Superior>
              </EntityDescriptor>
              <CurrentState>
                <PhysicalState>
                  <EntityHealthStatus>
                    <OperationalStatus>
                      <OperationalStatusCode>FullyOperational</OperationalStatusCode>
                    </OperationalStatus>
                  </EntityHealthStatus>
                  <Location>
                    <GeodeticCoordinate>
                      <Latitude>58.644655</Latitude>
                      <Longitude>16.427088</Longitude>
                    </GeodeticCoordinate>
                  </Location>
                </PhysicalState>
              </CurrentState>
              <EntityType>
                <APP6-SIDC>
                  <SIDCString>SHGPUCI--------</SIDCString>
                </APP6-SIDC>
              </EntityType>
              <EntityType>
                <DISEntityType>
                  <DISCategory>61</DISCategory>
                  <DISCountry>0</DISCountry>
                  <DISDomain>3</DISDomain>
                  <DISExtra>1</DISExtra>
                  <DISKind>1</DISKind>
                  <DISSpecific>0</DISSpecific>
                  <DISSubCategory>11</DISSubCategory>
                </DISEntityType>
              </EntityType>
              <Name>SBC8</Name>
              <UUID>00000000-0002-0007-1006-000000000000</UUID>
              <EchelonCode>NOS</EchelonCode>
            </Unit></MilitaryOrganization>
          </CollectiveEntity>
        </ActorEntity>
      </Entity>
      
      <!-- Friendly Forces-->
      
      <!--Row08 BDE HQ-->
      <Entity>  
        <ActorEntity>
          <CollectiveEntity>
            <MilitaryOrganization><Unit>
              <EntityDescriptor>
                <Side>00000000-0001-0000-0000-000000000000</Side>
                <Superior>00000000-0001-0001-0000-000000000000</Superior>
              </EntityDescriptor>
              <CurrentState>
                <PhysicalState>
                  <EntityHealthStatus>
                    <OperationalStatus>
                      <OperationalStatusCode>FullyOperational</OperationalStatusCode>
                    </OperationalStatus>
                  </EntityHealthStatus>
                  <Location>
                    <GeodeticCoordinate>
                      <Latitude>58.586727</Latitude>
                      <Longitude>16.214798</Longitude>
                    </GeodeticCoordinate>
                  </Location>
                </PhysicalState>
              </CurrentState>
              <EntityType>
                <APP6-SIDC>
                  <SIDCString>SFGPUCI--------</SIDCString>
                </APP6-SIDC>
              </EntityType>
              <EntityType>
                <DISEntityType>
                  <DISCategory>0</DISCategory>
                  <DISCountry>0</DISCountry>
                  <DISDomain>0</DISDomain>
                  <DISExtra>0</DISExtra>
                  <DISKind>0</DISKind>
                  <DISSpecific>0</DISSpecific>
                  <DISSubCategory>0</DISSubCategory>
                </DISEntityType>
              </EntityType>
              <Name>BDE HQ</Name>
              <UUID>00000000-0001-0001-1000-000000000000</UUID>
              <EchelonCode>BDE</EchelonCode>
            </Unit>
            </MilitaryOrganization>
          </CollectiveEntity>
        </ActorEntity>
      </Entity>
      
      <!--Row09 1st Bn HQ-->
      <Entity>
        <ActorEntity>
          <CollectiveEntity>
            <MilitaryOrganization><Unit>
              <EntityDescriptor>
                <Side>00000000-0001-0000-0000-000000000000</Side>
                <Superior>00000000-0001-0001-1000-000000000000</Superior>
              </EntityDescriptor>
              <CurrentState>
                <PhysicalState>
                  <EntityHealthStatus>
                    <OperationalStatus>
                      <OperationalStatusCode>FullyOperational</OperationalStatusCode>
                    </OperationalStatus>
                  </EntityHealthStatus>
                  <Location>
                    <GeodeticCoordinate>
                      <Latitude>58.584053</Latitude>
                      <Longitude>16.214798</Longitude>
                    </GeodeticCoordinate>
                  </Location>
                </PhysicalState>
              </CurrentState>
              <EntityType>
                <APP6-SIDC>
                  <SIDCString>SFGPUCI---AF---</SIDCString>
                </APP6-SIDC>
              </EntityType>
              <EntityType>
                <DISEntityType>
                  <DISCategory>0</DISCategory>
                  <DISCountry>0</DISCountry>
                  <DISDomain>0</DISDomain>
                  <DISExtra>0</DISExtra>
                  <DISKind>0</DISKind>
                  <DISSpecific>0</DISSpecific>
                  <DISSubCategory>0</DISSubCategory>
                </DISEntityType>
              </EntityType>
              <Name>1BnHQ</Name>
              <UUID>00000000-0001-0001-1100-000000000000</UUID>
              <EchelonCode>BN</EchelonCode>
            </Unit></MilitaryOrganization>
          </CollectiveEntity>
        </ActorEntity>
      </Entity>
      
      <!--Row10 1st Bn Coy A-->
      <Entity>
        <ActorEntity>
          <CollectiveEntity>
            <MilitaryOrganization><Unit>
              <EntityDescriptor>
                <Side>00000000-0001-0000-0000-000000000000</Side>
                <Superior>00000000-0001-0001-1100-000000000000</Superior>
              </EntityDescriptor>
              <CurrentState>
                <PhysicalState>
                  <EntityHealthStatus>
                    <OperationalStatus>
                      <OperationalStatusCode>FullyOperational</OperationalStatusCode>
                    </OperationalStatus>
                  </EntityHealthStatus>
                  <Location>
                    <GeodeticCoordinate>
                      <Latitude>58.588053</Latitude>
                      <Longitude>16.214798</Longitude>
                    </GeodeticCoordinate>
                  </Location>
                </PhysicalState>
              </CurrentState>
              <EntityType>
                <APP6-SIDC>
                  <SIDCString>SFGPUCI----E---</SIDCString>
                </APP6-SIDC>
              </EntityType>
              <EntityType>
                <DISEntityType>
                  <DISCategory>0</DISCategory>
                  <DISCountry>0</DISCountry>
                  <DISDomain>0</DISDomain>
                  <DISExtra>0</DISExtra>
                  <DISKind>0</DISKind>
                  <DISSpecific>0</DISSpecific>
                  <DISSubCategory>0</DISSubCategory>
                </DISEntityType>
              </EntityType>
              <Name>1BnACoy</Name>
              <UUID>00000000-0001-0001-1110-000000000000</UUID>
              <EchelonCode>COY</EchelonCode>
            </Unit></MilitaryOrganization>
          </CollectiveEntity>
        </ActorEntity>
      </Entity>
      
      <!--Row11 1stBn Coy B-->
      <Entity>
        <ActorEntity>
          <CollectiveEntity>
            <MilitaryOrganization><Unit>
              <EntityDescriptor>
                <Side>00000000-0001-0000-0000-000000000000</Side>
                <Superior>00000000-0001-0001-1100-000000000000</Superior>
              </EntityDescriptor>
              <CurrentState>
                <PhysicalState>
                  <EntityHealthStatus>
                    <OperationalStatus>
                      <OperationalStatusCode>FullyOperational</OperationalStatusCode>
                    </OperationalStatus>
                  </EntityHealthStatus>
                  <Location>
                    <GeodeticCoordinate>
                      <Latitude>58.590053</Latitude>
                      <Longitude>16.249418</Longitude>
                    </GeodeticCoordinate>
                  </Location>
                </PhysicalState>
              </CurrentState>
              <EntityType>
                <APP6-SIDC>
                  <SIDCString>SFGPUCI----E---</SIDCString>
                </APP6-SIDC>
              </EntityType>
              <EntityType>
                <DISEntityType>
                  <DISCategory>0</DISCategory>
                  <DISCountry>0</DISCountry>
                  <DISDomain>0</DISDomain>
                  <DISExtra>0</DISExtra>
                  <DISKind>0</DISKind>
                  <DISSpecific>0</DISSpecific>
                  <DISSubCategory>0</DISSubCategory>
                </DISEntityType>
              </EntityType>
              <Name>1BnBCoy</Name>
              <UUID>00000000-0001-0001-1120-000000000000</UUID>
              <EchelonCode>COY</EchelonCode>
            </Unit></MilitaryOrganization>
          </CollectiveEntity>
        </ActorEntity>
      </Entity>
      
      <!--Row12 1st Bn Coy C-->
      <Entity>
        <ActorEntity>
          <CollectiveEntity>
            <MilitaryOrganization><Unit>
              <EntityDescriptor>
                <Side>00000000-0001-0000-0000-000000000000</Side>
                <Superior>00000000-0001-0001-1100-000000000000</Superior>
              </EntityDescriptor>
              <CurrentState>
                <PhysicalState>
                  <EntityHealthStatus>
                    <OperationalStatus>
                      <OperationalStatusCode>FullyOperational</OperationalStatusCode>
                    </OperationalStatus>
                  </EntityHealthStatus>
                  <Location>
                    <GeodeticCoordinate>
                      <Latitude>58.592053</Latitude>
                      <Longitude>16.249418</Longitude>
                    </GeodeticCoordinate>
                  </Location>
                </PhysicalState>
              </CurrentState>
              <EntityType>
                <APP6-SIDC>
                  <SIDCString>SFGPUCI----E---</SIDCString>
                </APP6-SIDC>
              </EntityType>
              <EntityType>
                <DISEntityType>
                  <DISCategory>0</DISCategory>
                  <DISCountry>0</DISCountry>
                  <DISDomain>0</DISDomain>
                  <DISExtra>0</DISExtra>
                  <DISKind>0</DISKind>
                  <DISSpecific>0</DISSpecific>
                  <DISSubCategory>0</DISSubCategory>
                </DISEntityType>
              </EntityType>
              <Name>1BnCCoy</Name>
              <UUID>00000000-0001-0001-1130-000000000000</UUID>
              <EchelonCode>COY</EchelonCode>
            </Unit></MilitaryOrganization>
          </CollectiveEntity>
        </ActorEntity>
      </Entity>
      
      <!--Row13 2nd Bn HQ-->
      <Entity>
        <ActorEntity>
          <CollectiveEntity>
            <MilitaryOrganization><Unit>
              <EntityDescriptor>
                <Side>00000000-0001-0000-0000-000000000000</Side>
                <Superior>00000000-0001-0001-1000-000000000000</Superior>
              </EntityDescriptor>
              <CurrentState>
                <PhysicalState>
                  <EntityHealthStatus>
                    <OperationalStatus>
                      <OperationalStatusCode>FullyOperational</OperationalStatusCode>
                    </OperationalStatus>
                  </EntityHealthStatus>
                  <Location>
                    <GeodeticCoordinate>
                      <Latitude>58.591201</Latitude>
                      <Longitude>16.241706</Longitude>
                    </GeodeticCoordinate>
                  </Location>
                </PhysicalState>
              </CurrentState>
              <EntityType>
                <APP6-SIDC>
                  <SIDCString>SFGPUCI---AF---</SIDCString>
                </APP6-SIDC>
              </EntityType>
              <EntityType>
                <DISEntityType>
                  <DISCategory>0</DISCategory>
                  <DISCountry>0</DISCountry>
                  <DISDomain>0</DISDomain>
                  <DISExtra>0</DISExtra>
                  <DISKind>0</DISKind>
                  <DISSpecific>0</DISSpecific>
                  <DISSubCategory>0</DISSubCategory>
                </DISEntityType>
              </EntityType>
              <Name>2BnHQ</Name>
              <UUID>00000000-0001-0001-1200-000000000000</UUID>
              <EchelonCode>BN</EchelonCode>
            </Unit></MilitaryOrganization>
          </CollectiveEntity>
        </ActorEntity>
      </Entity>
      
      <!--Row14 2nd Bn Coy A-->
      <Entity>
        <ActorEntity>
          <CollectiveEntity>
            <MilitaryOrganization><Unit>
              <EntityDescriptor>
                <Side>00000000-0001-0000-0000-000000000000</Side>
                <Superior>00000000-0001-0001-1200-000000000000</Superior>
              </EntityDescriptor>
              <CurrentState>
                <PhysicalState>
                  <EntityHealthStatus>
                    <OperationalStatus>
                      <OperationalStatusCode>FullyOperational</OperationalStatusCode>
                    </OperationalStatus>
                  </EntityHealthStatus>
                  <Location>
                    <GeodeticCoordinate>
                      <Latitude>58.593201</Latitude>
                        <Longitude>16.2417068</Longitude>
                    </GeodeticCoordinate>
                  </Location>
                </PhysicalState>
              </CurrentState>
              <EntityType>
                <APP6-SIDC>
                  <SIDCString>SFGPUCI----E---</SIDCString>
                </APP6-SIDC>
              </EntityType>
              <EntityType>
                <DISEntityType>
                  <DISCategory>0</DISCategory>
                  <DISCountry>0</DISCountry>
                  <DISDomain>0</DISDomain>
                  <DISExtra>0</DISExtra>
                  <DISKind>0</DISKind>
                  <DISSpecific>0</DISSpecific>
                  <DISSubCategory>0</DISSubCategory>
                </DISEntityType>
              </EntityType>
              <Name>2BnACoy</Name>
              <UUID>00000000-0001-0001-1210-000000000000</UUID>
              <EchelonCode>COY</EchelonCode>
            </Unit></MilitaryOrganization>
          </CollectiveEntity>
        </ActorEntity>
      </Entity>
      
      <!--Row15 2nd Bn Coy B-->
      <Entity>
        <ActorEntity>
          <CollectiveEntity>
            <MilitaryOrganization><Unit>
              <EntityDescriptor>
                <Side>00000000-0001-0000-0000-000000000000</Side>
                <Superior>00000000-0001-0001-1200-000000000000</Superior>
              </EntityDescriptor>
              <CurrentState>
                <PhysicalState>
                  <EntityHealthStatus>
                    <OperationalStatus>
                      <OperationalStatusCode>FullyOperational</OperationalStatusCode>
                    </OperationalStatus>
                  </EntityHealthStatus>
                  <Location>
                    <GeodeticCoordinate>
                      <Latitude>58.595201</Latitude>
                      <Longitude>16.241706</Longitude>
                    </GeodeticCoordinate>
                  </Location>
                </PhysicalState>
              </CurrentState>
              <EntityType>
                <APP6-SIDC>
                  <SIDCString>SFGPUCI----E---</SIDCString>
                </APP6-SIDC>
              </EntityType>
              <EntityType>
                <DISEntityType>
                  <DISCategory>0</DISCategory>
                  <DISCountry>0</DISCountry>
                  <DISDomain>0</DISDomain>
                  <DISExtra>0</DISExtra>
                  <DISKind>0</DISKind>
                  <DISSpecific>0</DISSpecific>
                  <DISSubCategory>0</DISSubCategory>
                </DISEntityType>
              </EntityType>
              <Name>2BnBCoy</Name>
              <UUID>00000000-0001-0001-1220-000000000000</UUID>
              <EchelonCode>COY</EchelonCode>
            </Unit></MilitaryOrganization>
          </CollectiveEntity>
        </ActorEntity>
      </Entity>
      
      <!--Row16 2nd Bn Coy C-->
      <Entity>
        <ActorEntity>
          <CollectiveEntity>
            <MilitaryOrganization><Unit>
              <EntityDescriptor>
                <Side>00000000-0001-0000-0000-000000000000</Side>
                <Superior>00000000-0001-0001-1200-000000000000</Superior>
              </EntityDescriptor>
              <CurrentState>
                <PhysicalState>
                  <EntityHealthStatus>
                    <OperationalStatus>
                      <OperationalStatusCode>FullyOperational</OperationalStatusCode>
                    </OperationalStatus>
                  </EntityHealthStatus>
                  <Location>
                    <GeodeticCoordinate>
                      <Latitude>58.597201</Latitude>
                      <Longitude>16.241706</Longitude>
                    </GeodeticCoordinate>
                  </Location>
                </PhysicalState>
              </CurrentState>
              <EntityType>
                <APP6-SIDC>
                  <SIDCString>SFGPUCI----E---</SIDCString>
                </APP6-SIDC>
              </EntityType>
              <EntityType>
                <DISEntityType>
                  <DISCategory>0</DISCategory>
                  <DISCountry>0</DISCountry>
                  <DISDomain>0</DISDomain>
                  <DISExtra>0</DISExtra>
                  <DISKind>0</DISKind>
                  <DISSpecific>0</DISSpecific>
                  <DISSubCategory>0</DISSubCategory>
                </DISEntityType>
              </EntityType>
              <Name>2BnCCoy</Name>
              <UUID>00000000-0001-0001-1230-000000000000</UUID>
              <EchelonCode>COY</EchelonCode>
            </Unit></MilitaryOrganization>
          </CollectiveEntity>
        </ActorEntity>
      </Entity>
      
      <!--Row17 3rd Bn HQ-->
      <Entity>       
        <ActorEntity>
          <CollectiveEntity>
            <MilitaryOrganization><Unit>
              <EntityDescriptor>
                <Side>00000000-0001-0000-0000-000000000000</Side>
                <Superior>00000000-0001-0001-1000-000000000000</Superior>
              </EntityDescriptor>
              <CurrentState>
                <PhysicalState>
                  <EntityHealthStatus>
                    <OperationalStatus>
                      <OperationalStatusCode>FullyOperational</OperationalStatusCode>
                    </OperationalStatus>
                  </EntityHealthStatus>
                  <Location>
                    <GeodeticCoordinate>
                      <Latitude>58.575894</Latitude>
                      <Longitude>16.259419</Longitude>
                    </GeodeticCoordinate>
                  </Location>
                </PhysicalState>
              </CurrentState>
              <EntityType>
                <APP6-SIDC>
                  <SIDCString>SFGPUCI---AF---</SIDCString>
                </APP6-SIDC>
              </EntityType>
              <EntityType>
                <DISEntityType>
                  <DISCategory>0</DISCategory>
                  <DISCountry>0</DISCountry>
                  <DISDomain>0</DISDomain>
                  <DISExtra>0</DISExtra>
                  <DISKind>0</DISKind>
                  <DISSpecific>0</DISSpecific>
                  <DISSubCategory>0</DISSubCategory>
                </DISEntityType>
              </EntityType>
              <Name>3BnHQ</Name>
              <UUID>00000000-0001-0001-1300-000000000000</UUID>
              <EchelonCode>BN</EchelonCode>
            </Unit></MilitaryOrganization>
          </CollectiveEntity>
        </ActorEntity>
      </Entity>
      
      <!--Row18 2nd Bn Coy A-->
      <Entity>
        <ActorEntity>
          <CollectiveEntity>
            <MilitaryOrganization><Unit>
              <EntityDescriptor>
                <Side>00000000-0001-0000-0000-000000000000</Side>
                <Superior>00000000-0001-0001-1300-000000000000</Superior>
              </EntityDescriptor>
              <CurrentState>
                <PhysicalState>
                  <EntityHealthStatus>
                    <OperationalStatus>
                      <OperationalStatusCode>FullyOperational</OperationalStatusCode>
                    </OperationalStatus>
                  </EntityHealthStatus>
                  <Location>
                    <GeodeticCoordinate>
                      <Latitude>58.575894</Latitude>
                      <Longitude>16.259419</Longitude>
                    </GeodeticCoordinate>
                  </Location>
                </PhysicalState>
              </CurrentState>
              <EntityType>
                <APP6-SIDC>
                  <SIDCString>SFGPUCI----E---</SIDCString>
                </APP6-SIDC>
              </EntityType>
              <EntityType>
                <DISEntityType>
                  <DISCategory>0</DISCategory>
                  <DISCountry>0</DISCountry>
                  <DISDomain>0</DISDomain>
                  <DISExtra>0</DISExtra>
                  <DISKind>0</DISKind>
                  <DISSpecific>0</DISSpecific>
                  <DISSubCategory>0</DISSubCategory>
                </DISEntityType>
              </EntityType>
              <Name>3BnACoy</Name>
              <UUID>00000000-0001-0001-1310-000000000000</UUID>
              <EchelonCode>COY</EchelonCode>
            </Unit></MilitaryOrganization>
          </CollectiveEntity>
        </ActorEntity>
      </Entity>
      
      <!--Row19 2nd Bn Coy B-->
      <Entity>
        <ActorEntity>
          <CollectiveEntity>
            <MilitaryOrganization><Unit>
              <EntityDescriptor>
                <Side>00000000-0001-0000-0000-000000000000</Side>
                <Superior>00000000-0001-0001-1300-000000000000</Superior>
              </EntityDescriptor>
              <CurrentState>
                <PhysicalState>
                  <EntityHealthStatus>
                    <OperationalStatus>
                      <OperationalStatusCode>FullyOperational</OperationalStatusCode>
                    </OperationalStatus>
                  </EntityHealthStatus>
                  <Location>
                    <GeodeticCoordinate>
                      <Latitude>58.575894</Latitude>
                      <Longitude>16.2594198</Longitude>
                    </GeodeticCoordinate>
                  </Location>
                </PhysicalState>
              </CurrentState>
              <EntityType>
                <APP6-SIDC>
                  <SIDCString>SFGPUCI----E---</SIDCString>
                </APP6-SIDC>
              </EntityType>
              <EntityType>
                <DISEntityType>
                  <DISCategory>0</DISCategory>
                  <DISCountry>0</DISCountry>
                  <DISDomain>0</DISDomain>
                  <DISExtra>0</DISExtra>
                  <DISKind>0</DISKind>
                  <DISSpecific>0</DISSpecific>
                  <DISSubCategory>0</DISSubCategory>
                </DISEntityType>
              </EntityType>
              <Name>3BnBCoy</Name>
              <UUID>00000000-0001-0001-1320-000000000000</UUID>
              <EchelonCode>COY</EchelonCode>
            </Unit></MilitaryOrganization>
          </CollectiveEntity>
        </ActorEntity>
      </Entity>
      
      <!--Row20 3rd Bn Coy C-->
      <Entity>
        <ActorEntity>
          <CollectiveEntity>
            <MilitaryOrganization><Unit>
              <EntityDescriptor>
                <Side>00000000-0001-0000-0000-000000000000</Side>
                <Superior>00000000-0001-0001-1100-000000000000</Superior>
              </EntityDescriptor>
              <CurrentState>
                <PhysicalState>
                  <EntityHealthStatus>
                    <OperationalStatus>
                      <OperationalStatusCode>FullyOperational</OperationalStatusCode>
                    </OperationalStatus>
                  </EntityHealthStatus>
                  <Location>
                    <GeodeticCoordinate>
                      <Latitude>58.575894</Latitude>
                      <Longitude>16.259419</Longitude>
                    </GeodeticCoordinate>
                  </Location>
                </PhysicalState>
              </CurrentState>
              <EntityType>
                <APP6-SIDC>
                  <SIDCString>SFGPUCI----E---</SIDCString>
                </APP6-SIDC>
              </EntityType>
              <EntityType>
                <DISEntityType>
                  <DISCategory>0</DISCategory>
                  <DISCountry>0</DISCountry>
                  <DISDomain>0</DISDomain>
                  <DISExtra>0</DISExtra>
                  <DISKind>0</DISKind>
                  <DISSpecific>0</DISSpecific>
                  <DISSubCategory>0</DISSubCategory>
                </DISEntityType>
              </EntityType>
              <Name>3BnCCoy</Name>
              <UUID>00000000-0001-0001-1330-000000000000</UUID>
              <EchelonCode>COY</EchelonCode>
            </Unit></MilitaryOrganization>
          </CollectiveEntity>
        </ActorEntity>
      </Entity>
      
      <!--Row17 4th Bn (Aviation) HQ-->
      <Entity>
        <ActorEntity>
          <CollectiveEntity>
            <MilitaryOrganization><Unit>
              <EntityDescriptor>
                <Side>00000000-0001-0000-0000-000000000000</Side>
                <Superior>00000000-0001-0001-1000-000000000000</Superior>
              </EntityDescriptor>
              <CurrentState>
                <PhysicalState>
                  <EntityHealthStatus>
                    <OperationalStatus>
                      <OperationalStatusCode>FullyOperational</OperationalStatusCode>
                    </OperationalStatus>
                  </EntityHealthStatus>
                  <Location>
                    <GeodeticCoordinate>
                      <Latitude>58.584727</Latitude>
                      <Longitude>16.249418</Longitude>
                    </GeodeticCoordinate>
                  </Location>
                </PhysicalState>
              </CurrentState>
              <EntityType>
                <APP6-SIDC>
                  <SIDCString>SFGPUCI---AF---</SIDCString>
                </APP6-SIDC>
              </EntityType>
              <EntityType>
                <DISEntityType>
                  <DISCategory>0</DISCategory>
                  <DISCountry>0</DISCountry>
                  <DISDomain>0</DISDomain>
                  <DISExtra>0</DISExtra>
                  <DISKind>0</DISKind>
                  <DISSpecific>0</DISSpecific>
                  <DISSubCategory>0</DISSubCategory>
                </DISEntityType>
              </EntityType>
              <Name>4BnHQ</Name>
              <UUID>00000000-0001-0001-1400-000000000000</UUID>
              <EchelonCode>BN</EchelonCode>
            </Unit></MilitaryOrganization>
          </CollectiveEntity>
        </ActorEntity>
      </Entity>
      
      <!--Row22 4th Bn QRF-->
      <Entity>
        <ActorEntity>
          <CollectiveEntity>
            <MilitaryOrganization><Unit>
              <EntityDescriptor>
                <Side>00000000-0001-0000-0000-000000000000</Side>
                <Superior>00000000-0001-0001-1400-000000000000</Superior>
              </EntityDescriptor>
              <CurrentState>
                <PhysicalState>
                  <EntityHealthStatus>
                    <OperationalStatus>
                      <OperationalStatusCode>FullyOperational</OperationalStatusCode>
                    </OperationalStatus>
                  </EntityHealthStatus>
                  <Location>
                    <GeodeticCoordinate>
                      <Latitude>58.588727</Latitude>
                      <Longitude>16.249418</Longitude>
                    </GeodeticCoordinate>
                  </Location>
                </PhysicalState>
              </CurrentState>
              <EntityType>
                <APP6-SIDC>
                  <SIDCString>SFAPMFQ--------</SIDCString>
                </APP6-SIDC>
              </EntityType>
              <EntityType>
                <DISEntityType>
                  <DISCategory>23</DISCategory>
                  <DISCountry>225</DISCountry>
                  <DISDomain>2</DISDomain>
                  <DISExtra>0</DISExtra>
                  <DISKind>1</DISKind>
                  <DISSpecific>1</DISSpecific>
                  <DISSubCategory>1</DISSubCategory>
                </DISEntityType>
              </EntityType>
              <Name>4BnBdeQRF</Name>
              <UUID>00000000-0001-0001-1411-000000000000</UUID>
              <EchelonCode>NOS</EchelonCode>
            </Unit></MilitaryOrganization>
          </CollectiveEntity>
        </ActorEntity>
      </Entity>
      
      <!--Row23 1 Bn C Coy 1st Platoon-->
      <Entity>
        <ActorEntity>
          <CollectiveEntity>
            <MilitaryOrganization><Unit>
              <EntityDescriptor>
                <Side>00000000-0001-0000-0000-000000000000</Side>
                <Superior>00000000-0001-0001-1130-000000000000</Superior>
              </EntityDescriptor>
              <CurrentState>
                <PhysicalState>
                  <EntityHealthStatus>
                    <OperationalStatus>
                      <OperationalStatusCode>FullyOperational</OperationalStatusCode>
                    </OperationalStatus>
                  </EntityHealthStatus>
                  <Location>
                    <GeodeticCoordinate>
                      <Latitude>58.582053</Latitude>
                      <Longitude>16.249418</Longitude>
                    </GeodeticCoordinate>
                  </Location>
                </PhysicalState>
              </CurrentState>
              <EntityType>
                <APP6-SIDC>
                  <SIDCString>SFGPUCI----D---</SIDCString>
                </APP6-SIDC>
              </EntityType>
              <EntityType>
                <DISEntityType>
                  <DISCategory>3</DISCategory>
                  <DISCountry>222</DISCountry>
                  <DISDomain>1</DISDomain>
                  <DISExtra>0</DISExtra>
                  <DISKind>1</DISKind>
                  <DISSpecific>0</DISSpecific>
                  <DISSubCategory>3</DISSubCategory>
                </DISEntityType>
              </EntityType>
              <Name>1BnCp1</Name>
              <UUID>00000000-0001-0001-1111-000000000000</UUID>
              <EchelonCode>PLT</EchelonCode>
            </Unit></MilitaryOrganization>
          </CollectiveEntity>
        </ActorEntity>
      </Entity>
      
      <!--Row24 1 Bn C Coy 2nd Platoon-->
      <Entity>
        <ActorEntity>
          <CollectiveEntity>
            <MilitaryOrganization><Unit>
              <EntityDescriptor>
                <Side>00000000-0001-0000-0000-000000000000</Side>
                <Superior>00000000-0001-0001-1130-000000000000</Superior>
              </EntityDescriptor>
              <CurrentState>
                <PhysicalState>
                  <EntityHealthStatus>
                    <OperationalStatus>
                      <OperationalStatusCode>FullyOperational</OperationalStatusCode>
                    </OperationalStatus>
                  </EntityHealthStatus>
                  <Location>
                    <GeodeticCoordinate>
                      <Latitude>58.582053</Latitude>
                      <Longitude>16.249418</Longitude>
                    </GeodeticCoordinate>
                  </Location>
                </PhysicalState>
              </CurrentState>
              <EntityType>
                <APP6-SIDC>
                  <SIDCString>SFGPUCI----D---</SIDCString>
                </APP6-SIDC>
              </EntityType>
              <EntityType>
                <DISEntityType>
                  <DISCategory>3</DISCategory>
                  <DISCountry>222</DISCountry>
                  <DISDomain>1</DISDomain>
                  <DISExtra>0</DISExtra>
                  <DISKind>1</DISKind>
                  <DISSpecific>0</DISSpecific>
                  <DISSubCategory>3</DISSubCategory>
                </DISEntityType>
              </EntityType>
              <Name>1BnCp2</Name>
              <UUID>00000000-0001-0001-1112-000000000000</UUID>
              <EchelonCode>PLT</EchelonCode>
            </Unit></MilitaryOrganization>
          </CollectiveEntity>
        </ActorEntity>
      </Entity>
      
      <!--Row25 1 Bn C Coy 3rd Platoon--> 
      <Entity>
        <ActorEntity>
          <CollectiveEntity>
            <MilitaryOrganization><Unit>
              <EntityDescriptor>
                <Side>00000000-0001-0000-0000-000000000000</Side>
                <Superior>00000000-0001-0001-1130-000000000000</Superior>
              </EntityDescriptor>
              <CurrentState>
                <PhysicalState>
                  <EntityHealthStatus>
                    <OperationalStatus>
                      <OperationalStatusCode>FullyOperational</OperationalStatusCode>
                    </OperationalStatus>
                  </EntityHealthStatus>
                  <Location>
                    <GeodeticCoordinate>
                      <Latitude>58.582053</Latitude>
                      <Longitude>16.249418</Longitude>
                    </GeodeticCoordinate>
                  </Location>
                </PhysicalState>
              </CurrentState>
              <EntityType>
                <APP6-SIDC>
                  <SIDCString>SFGPUCI----D---</SIDCString>
                </APP6-SIDC>
              </EntityType>
              <EntityType>
                <DISEntityType>
                  <DISCategory>3</DISCategory>
                  <DISCountry>222</DISCountry>
                  <DISDomain>1</DISDomain>
                  <DISExtra>0</DISExtra>
                  <DISKind>1</DISKind>
                  <DISSpecific>0</DISSpecific>
                  <DISSubCategory>3</DISSubCategory>
                </DISEntityType>
              </EntityType>
              <Name>1BnCp3</Name>
              <UUID>00000000-0001-0001-1113-000000000000</UUID>
              <EchelonCode>PLT</EchelonCode>
            </Unit></MilitaryOrganization>
          </CollectiveEntity>
        </ActorEntity>
      </Entity>
      
      <!--Row26 MH-6 Little Bird-->
      <Entity> 
        <ActorEntity>
          <CollectiveEntity>
            <MilitaryOrganization><Unit>
              <EntityDescriptor>
                <Side>00000000-0001-0000-0000-000000000000</Side>
                <Superior>00000000-0001-0001-1400-000000000000</Superior>
              </EntityDescriptor>
              <CurrentState>
                <PhysicalState>
                  <EntityHealthStatus>
                    <OperationalStatus>
                      <OperationalStatusCode>FullyOperational</OperationalStatusCode>
                    </OperationalStatus>
                  </EntityHealthStatus>
                  <Location>
                    <GeodeticCoordinate>
                      <Latitude>58.586727</Latitude>
                      <Longitude>16.249418</Longitude>
                    </GeodeticCoordinate>
                  </Location>
                </PhysicalState>
              </CurrentState>
              <EntityType>
                <APP6-SIDC>
                  <SIDCString>SFAPMFQ--------</SIDCString>
                </APP6-SIDC>
              </EntityType>
              <EntityType>
                <DISEntityType>
                  <DISCategory>25</DISCategory>
                  <DISCountry>225</DISCountry>
                  <DISDomain>2</DISDomain>
                  <DISExtra>0</DISExtra>
                  <DISKind>1</DISKind>
                  <DISSpecific>2</DISSpecific>
                  <DISSubCategory>4</DISSubCategory>
                </DISEntityType>
              </EntityType>
              <Name>MH6</Name>
              <UUID>00000000-0001-0001-1421-000000000000</UUID>
              <EchelonCode>NOS</EchelonCode>
            </Unit></MilitaryOrganization>
          </CollectiveEntity>
        </ActorEntity>
      </Entity>
      
      <!--Row 27 Unmanned Aerial System 1-->
      <Entity>
        <ActorEntity>
          <CollectiveEntity>
            <MilitaryOrganization><Unit>
              <EntityDescriptor>
                <Side>00000000-0001-0000-0000-000000000000</Side>
                <Superior>00000000-0001-0001-1400-000000000000</Superior>
              </EntityDescriptor>
              <CurrentState>
                <PhysicalState>
                  <EntityHealthStatus>
                    <OperationalStatus>
                      <OperationalStatusCode>FullyOperational</OperationalStatusCode>
                    </OperationalStatus>
                  </EntityHealthStatus>
                  <Location>
                    <GeodeticCoordinate>
                      <Latitude>58.586727</Latitude>
                      <Longitude>16.249418</Longitude>
                    </GeodeticCoordinate>
                  </Location>
                </PhysicalState>
              </CurrentState>
              <EntityType>
                <APP6-SIDC>
                  <SIDCString>SFAPMFQ---**--*</SIDCString>
                </APP6-SIDC>
              </EntityType>
              <EntityType>
                <DISEntityType>
                  <DISCategory>50</DISCategory>
                  <DISCountry>225</DISCountry>
                  <DISDomain>2</DISDomain>
                  <DISExtra>0</DISExtra>
                  <DISKind>1</DISKind>
                  <DISSpecific>1</DISSpecific>
                  <DISSubCategory>6</DISSubCategory>
                </DISEntityType>
              </EntityType>
              <Name>UAS1</Name>
              <UUID>00000000-0001-0001-1431-000000000000</UUID>
              <EchelonCode>NOS</EchelonCode>
            </Unit></MilitaryOrganization>
          </CollectiveEntity>
        </ActorEntity>
      </Entity>
      
      
      <!--Row 28 Unmanned Aerial System 2-->
      <Entity>
        <ActorEntity>
          <CollectiveEntity>
            <MilitaryOrganization><Unit>
              <EntityDescriptor>
                <Side>00000000-0001-0000-0000-000000000000</Side>
                <Superior>00000000-0001-0001-1400-000000000000</Superior>
              </EntityDescriptor>
              <CurrentState>
                <PhysicalState>
                  <EntityHealthStatus>
                    <OperationalStatus>
                      <OperationalStatusCode>FullyOperational</OperationalStatusCode>
                    </OperationalStatus>
                  </EntityHealthStatus>
                  <Location>
                    <GeodeticCoordinate>
                      <Latitude>58.586727</Latitude>
                      <Longitude>16.249418</Longitude>
                    </GeodeticCoordinate>
                  </Location>
                </PhysicalState>
              </CurrentState>
              <EntityType>
                <APP6-SIDC>
                  <SIDCString>SFAPMFQ---**--*</SIDCString>
                </APP6-SIDC>
              </EntityType>
              <EntityType>
                <DISEntityType>
                  <DISCategory>50</DISCategory>
                  <DISCountry>225</DISCountry>
                  <DISDomain>2</DISDomain>
                  <DISExtra>0</DISExtra>
                  <DISKind>1</DISKind>
                  <DISSpecific>1</DISSpecific>
                  <DISSubCategory>6</DISSubCategory>
                </DISEntityType>
              </EntityType>
              <Name>UAS2</Name>
              <UUID>00000000-0001-0001-1432-000000000000</UUID>
              <EchelonCode>NOS</EchelonCode>
            </Unit></MilitaryOrganization>
          </CollectiveEntity>
        </ActorEntity>
      </Entity>
      
      <!--Row 29 Unmanned Aerial System 3-->
      <Entity>
        <ActorEntity>
          <CollectiveEntity>
            <MilitaryOrganization><Unit>
              <EntityDescriptor>
                <Side>00000000-0001-0000-0000-000000000000</Side>
                <Superior>00000000-0001-0001-1400-000000000000</Superior>
              </EntityDescriptor>
              <CurrentState>
                <PhysicalState>
                  <EntityHealthStatus>
                    <OperationalStatus>
                      <OperationalStatusCode>FullyOperational</OperationalStatusCode>
                    </OperationalStatus>
                  </EntityHealthStatus>
                  <Location>
                    <GeodeticCoordinate>
                      <Latitude>58.586727</Latitude>
                      <Longitude>16.249418</Longitude>
                    </GeodeticCoordinate>
                  </Location>
                </PhysicalState>
              </CurrentState>
              <EntityType>
                <APP6-SIDC>
                  <SIDCString>SFAPMFQ---**--*</SIDCString>
                </APP6-SIDC>
              </EntityType>
              <EntityType>
                <DISEntityType>
                  <DISCategory>50</DISCategory>
                  <DISCountry>225</DISCountry>
                  <DISDomain>2</DISDomain>
                  <DISExtra>0</DISExtra>
                  <DISKind>1</DISKind>
                  <DISSpecific>1</DISSpecific>
                  <DISSubCategory>6</DISSubCategory>
                </DISEntityType>
              </EntityType>
              <Name>UAS3</Name>
              <UUID>00000000-0001-0001-1433-000000000000</UUID>
              <EchelonCode>NOS</EchelonCode>
            </Unit></MilitaryOrganization>
          </CollectiveEntity>
        </ActorEntity>
      </Entity>
      
      <!--Row 30 Unmanned Aerial System 4-->
      <Entity>
        <ActorEntity>
          <CollectiveEntity>
            <MilitaryOrganization><Unit>
              <EntityDescriptor>
                <Side>00000000-0001-0000-0000-000000000000</Side>
                <Superior>00000000-0001-0001-1400-000000000000</Superior>
              </EntityDescriptor>
              <CurrentState>
                <PhysicalState>
                  <EntityHealthStatus>
                    <OperationalStatus>
                      <OperationalStatusCode>FullyOperational</OperationalStatusCode>
                    </OperationalStatus>
                  </EntityHealthStatus>
                  <Location>
                    <GeodeticCoordinate>
                      <Latitude>58.586727</Latitude>
                      <Longitude>16.249418</Longitude>
                    </GeodeticCoordinate>
                  </Location>
                </PhysicalState>
              </CurrentState>
              <EntityType>
                <APP6-SIDC>
                  <SIDCString>SFAPMFQ---**--*</SIDCString>
                </APP6-SIDC>
              </EntityType>
              <EntityType>
                <DISEntityType>
                  <DISCategory>50</DISCategory>
                  <DISCountry>225</DISCountry>
                  <DISDomain>2</DISDomain>
                  <DISExtra>0</DISExtra>
                  <DISKind>1</DISKind>
                  <DISSpecific>1</DISSpecific>
                  <DISSubCategory>6</DISSubCategory>
                </DISEntityType>
              </EntityType>
              <Name>UAS4</Name>
              <UUID>00000000-0001-0001-1434-000000000000</UUID>
              <EchelonCode>NOS</EchelonCode>
            </Unit></MilitaryOrganization>
          </CollectiveEntity>
        </ActorEntity>
      </Entity>
      
      <!--Row 31 Unmanned Aerial System 5-->
      <Entity>
        <ActorEntity>
          <CollectiveEntity>
            <MilitaryOrganization><Unit>
              <EntityDescriptor>
                <Side>00000000-0001-0000-0000-000000000000</Side>
                <Superior>00000000-0001-0001-1400-000000000000</Superior>
              </EntityDescriptor>
              <CurrentState>
                <PhysicalState>
                  <EntityHealthStatus>
                    <OperationalStatus>
                      <OperationalStatusCode>FullyOperational</OperationalStatusCode>
                    </OperationalStatus>
                  </EntityHealthStatus>
                  <Location>
                    <GeodeticCoordinate>
                      <Latitude>58.586727</Latitude>
                      <Longitude>16.249418</Longitude>
                    </GeodeticCoordinate>
                  </Location>
                </PhysicalState>
              </CurrentState>
              <EntityType>
                <APP6-SIDC>
                  <SIDCString>SFAPMFQ---**--*</SIDCString>
                </APP6-SIDC>
              </EntityType>
              <EntityType>
                <DISEntityType>
                  <DISCategory>50</DISCategory>
                  <DISCountry>225</DISCountry>
                  <DISDomain>2</DISDomain>
                  <DISExtra>0</DISExtra>
                  <DISKind>1</DISKind>
                  <DISSpecific>1</DISSpecific>
                  <DISSubCategory>4</DISSubCategory>
                </DISEntityType>
              </EntityType>
              <Name>UAS5</Name>
              <UUID>00000000-0001-0001-1435-000000000000</UUID>
              <EchelonCode>NOS</EchelonCode>
            </Unit></MilitaryOrganization>
          </CollectiveEntity>
        </ActorEntity>
      </Entity>
      
      <!--Row 32 Unmanned Aerial System 6-->
      <Entity>
        <ActorEntity>
          <CollectiveEntity>
            <MilitaryOrganization><Unit>
              <EntityDescriptor>
                <Side>00000000-0001-0000-0000-000000000000</Side>
                <Superior>00000000-0001-0001-1400-000000000000</Superior>
              </EntityDescriptor>
              <CurrentState>
                <PhysicalState>
                  <EntityHealthStatus>
                    <OperationalStatus>
                      <OperationalStatusCode>FullyOperational</OperationalStatusCode>
                    </OperationalStatus>
                  </EntityHealthStatus>
                  <Location>
                    <GeodeticCoordinate>
                      <Latitude>58.586727</Latitude>
                      <Longitude>16.249418</Longitude>
                    </GeodeticCoordinate>
                  </Location>
                </PhysicalState>
              </CurrentState>
              <EntityType>
                <APP6-SIDC>
                  <SIDCString>SFAPMFQ---**--*</SIDCString>
                </APP6-SIDC>
              </EntityType>
              <EntityType>
                <DISEntityType>
                  <DISCategory>50</DISCategory>
                  <DISCountry>225</DISCountry>
                  <DISDomain>2</DISDomain>
                  <DISExtra>0</DISExtra>
                  <DISKind>1</DISKind>
                  <DISSpecific>1</DISSpecific>
                  <DISSubCategory>4</DISSubCategory>
                </DISEntityType>
              </EntityType>
              <Name>UAS6</Name>
              <UUID>00000000-0001-0001-1436-000000000000</UUID>
              <EchelonCode>NOS</EchelonCode>
            </Unit></MilitaryOrganization>
          </CollectiveEntity>
        </ActorEntity>
      </Entity>
      
      <!--Row33 Maritime Patrol-->
      <Entity> 
        <ActorEntity>
          <CollectiveEntity>
            <MilitaryOrganization><Unit>
              <EntityDescriptor>
                <Side>00000000-0001-0000-0000-000000000000</Side>
                <Superior>00000000-0001-0001-1011-000000000000</Superior>
              </EntityDescriptor>
              <CurrentState>
                <PhysicalState>
                  <EntityHealthStatus>
                    <OperationalStatus>
                      <OperationalStatusCode>FullyOperational</OperationalStatusCode>
                    </OperationalStatus>
                  </EntityHealthStatus>
                  <Location>
                    <GeodeticCoordinate>
                      <Latitude>58.644655</Latitude>
                      <Longitude>16.332</Longitude>
                    </GeodeticCoordinate>
                  </Location>
                </PhysicalState>
              </CurrentState>
              <EntityType>
                <APP6-SIDC>
                  <SIDCString>SFSPCP---------</SIDCString>
                </APP6-SIDC>
              </EntityType>
              <EntityType>
                <DISEntityType>
                  <DISCategory>62</DISCategory>
                  <DISCountry>225</DISCountry>
                  <DISDomain>3</DISDomain>
                  <DISExtra>0</DISExtra>
                  <DISKind>1</DISKind>
                  <DISSpecific>13</DISSpecific>
                  <DISSubCategory>6</DISSubCategory>
                </DISEntityType>
              </EntityType>
              <Name>USABoat4</Name>
              <UUID>00000000-0007-0001-0030-000000000000</UUID>
              <EchelonCode>NOS</EchelonCode>
            </Unit></MilitaryOrganization>
          </CollectiveEntity>
        </ActorEntity>
      </Entity>
      
      <!-- Tactical graphis includin Routes -->
      
      <!-- Row34 SP ORANGE-->
      <Entity> 
        <PhysicalEntity>
          <MapGraphic>
            <TacticalGraphic>
              <Point>
                <EntityType>
                  <NamedEntityType>
                    <EntityTypeString>POINT</EntityTypeString>
                  </NamedEntityType>
                </EntityType>
                <Name>SP-ORANGE</Name>
                <UUID>00000000-0001-0001-1000-000000000001</UUID>
                <CurrentState>
                  <PhysicalState>
                    <Location><GeodeticCoordinate>
                      <Latitude>58.637863</Latitude>
                      <Longitude>16.162447</Longitude>
                    </GeodeticCoordinate></Location>
                  </PhysicalState>
                </CurrentState>           
              </Point>
            </TacticalGraphic>
          </MapGraphic>
        </PhysicalEntity>
      </Entity>
      
      <!-- Row 32-39 Route Orange Along Highway E4 North and East (Distance 62.4 KM)-->
      <Entity>
        <PhysicalEntity>
          <MapGraphic>
            <TacticalGraphic>
              <Line>
                <Route>
                  <EntityType>
                    <NamedEntityType>
                      <EntityTypeString>ROUTE</EntityTypeString>
                    </NamedEntityType>
                  </EntityType>
                  <Name>ROUTE-ORANGE</Name>
                  <UUID>00000000-0001-0001-1000-000000000002</UUID>
                  <CurrentState>
                    <PhysicalState>
                      <Location><GeodeticCoordinate>
                        <Latitude>58.637863</Latitude>
                        <Longitude>16.162447</Longitude>
                      </GeodeticCoordinate></Location>
                      <Location><GeodeticCoordinate>
                        <Latitude>58.689722</Latitude>
                        <Longitude>16.334464</Longitude>
                      </GeodeticCoordinate></Location>
                      <Location><GeodeticCoordinate>
                        <Latitude>58.742441</Latitude>
                        <Longitude>16.467883</Longitude>
                      </GeodeticCoordinate></Location>
                      <Location><GeodeticCoordinate>
                        <Latitude>58.75421</Latitude>
                        <Longitude>16.736337</Longitude>
                      </GeodeticCoordinate></Location>
                      <Location><GeodeticCoordinate>
                        <Latitude>58.745235</Latitude>
                        <Longitude>16.939855</Longitude>
                      </GeodeticCoordinate></Location>
                    </PhysicalState>
                  </CurrentState>
                </Route>
              </Line>
            </TacticalGraphic>
          </MapGraphic>
        </PhysicalEntity>
      </Entity>
      
      <!-- Row38 RP ORANGE-->
      <Entity>
        <PhysicalEntity>
          <MapGraphic>
            <TacticalGraphic>
              <Point>
                <EntityType>
                  <NamedEntityType>
                    <EntityTypeString>POINT</EntityTypeString>
                  </NamedEntityType>
                </EntityType>
                <Name>RP-ORANGE</Name>
                <UUID>00000000-0001-0001-1000-000000000003</UUID>
                <CurrentState>
                  <PhysicalState>
                    <Location><GeodeticCoordinate>
                      <Latitude>58.745235</Latitude>
                      <Longitude>16.939855</Longitude>
                    </GeodeticCoordinate></Location>
                  </PhysicalState>
                </CurrentState>           
              </Point>
            </TacticalGraphic>
          </MapGraphic>
        </PhysicalEntity>
      </Entity>
      
      <!-- Row40 SP PEACH-->
      <Entity>
        <PhysicalEntity>
          <MapGraphic>
            <TacticalGraphic>
              <Point>
                <EntityType>
                  <NamedEntityType>
                    <EntityTypeString>POINT</EntityTypeString>
                  </NamedEntityType>
                </EntityType>
                <Name>SP-PEACH</Name>
                <UUID>00000000-0001-0001-1000-000000000004</UUID>
                <CurrentState>
                  <PhysicalState>
                    <Location><GeodeticCoordinate>
                      <Latitude>58.582991</Latitude>
                      <Longitude>16.142852</Longitude>
                    </GeodeticCoordinate></Location>
                  </PhysicalState>
                </CurrentState>           
              </Point>
            </TacticalGraphic>
          </MapGraphic>
        </PhysicalEntity>
      </Entity>
      
      <!-- Row 40-46 Route Peach Along Highway E22 then E4 to the  South and West (Distance 38 KM)-->
      <Entity>
        <PhysicalEntity>
          <MapGraphic>
            <TacticalGraphic>
              <Line>
                <Route>
                  <EntityType>
                    <NamedEntityType>
                      <EntityTypeString>ROUTE</EntityTypeString>
                    </NamedEntityType>
                  </EntityType>
                  <Name>ROUTE-PEACH</Name>
                  <UUID>00000000-0001-0001-1000-000000000005</UUID>
                  <CurrentState>
                    <PhysicalState>
                      <Location><GeodeticCoordinate>
                        <Latitude>58.582991</Latitude>
                        <Longitude>16.142852</Longitude>
                      </GeodeticCoordinate></Location>
                      <Location><GeodeticCoordinate>
                        <Latitude>58.575546</Latitude>
                        <Longitude>16.097337</Longitude>
                      </GeodeticCoordinate></Location>
                      <Location><GeodeticCoordinate>
                        <Latitude>58.551243</Latitude>
                        <Longitude>16.053213</Longitude>
                      </GeodeticCoordinate></Location>
                      <Location><GeodeticCoordinate>
                        <Latitude>58.455422</Latitude>
                        <Longitude>16.775393</Longitude>
                      </GeodeticCoordinate></Location>
                      <Location><GeodeticCoordinate>
                        <Latitude>58.441699</Latitude>
                        <Longitude>16.714145</Longitude>
                      </GeodeticCoordinate></Location>
                      <Location><GeodeticCoordinate>
                        <Latitude>58.434112</Latitude>
                        <Longitude>16.682943</Longitude>
                      </GeodeticCoordinate></Location>
                    </PhysicalState>
                  </CurrentState>
                </Route>
              </Line>
            </TacticalGraphic>
          </MapGraphic>
        </PhysicalEntity>
      </Entity>
      
      <!-- Row45 RP PEACH-->
      <Entity>
        <PhysicalEntity>
          <MapGraphic>
            <TacticalGraphic>
              <Point>
                <EntityType>
                  <NamedEntityType>
                    <EntityTypeString>POINT</EntityTypeString>
                  </NamedEntityType>
                </EntityType>
                <Name>RP-PEACH</Name>
                <UUID>00000000-0001-0001-1000-000000000006</UUID>
                <CurrentState>
                  <PhysicalState>
                    <Location><GeodeticCoordinate>
                      <Latitude>58.673917</Latitude>
                      <Longitude>16.266833</Longitude>
                    </GeodeticCoordinate></Location>
                  </PhysicalState>
                </CurrentState>           
              </Point>
            </TacticalGraphic>
          </MapGraphic>
        </PhysicalEntity>
      </Entity>
      
      <!-- Battlefield Geometry -->
      
      <!-- Row47 FOB Eagle -->
      <Entity>
        <PhysicalEntity>
          <MapGraphic>
            <TacticalGraphic>
              <Point>
                <EntityType>
                  <NamedEntityType>
                    <EntityTypeString>FORWARD-OPERATING-BASE</EntityTypeString>
                  </NamedEntityType>
                </EntityType>
                <Name>FOB-EAGLE</Name>
                <UUID>00000000-0001-0001-1000-000000000007</UUID>
                <CurrentState>
                  <PhysicalState>
                    <Location><GeodeticCoordinate>
                      <Latitude>58.600734</Latitude>
                      <Longitude>16.178198</Longitude>
                    </GeodeticCoordinate></Location>
                  </PhysicalState>
                </CurrentState>       
              </Point>
            </TacticalGraphic>
          </MapGraphic>
        </PhysicalEntity>
      </Entity>
      
      <!-- Row48 FOB HAWK-->
      <Entity>
        <PhysicalEntity>
          <MapGraphic>
            <TacticalGraphic>
              <Point>
                <EntityType>
                  <NamedEntityType>
                    <EntityTypeString>FORWARD-OPERATING-BASE</EntityTypeString>
                  </NamedEntityType>
                </EntityType>
                <Name>FOB-HAWK</Name>
                <UUID>00000000-0001-0001-1000-000000000008</UUID>
                <CurrentState>
                  <PhysicalState>
                    <Location><GeodeticCoordinate>
                      <Latitude>58.43207</Latitude>
                      <Longitude>16.676511</Longitude>
                    </GeodeticCoordinate></Location>
                  </PhysicalState>
                </CurrentState>         
              </Point>
            </TacticalGraphic>
          </MapGraphic>
        </PhysicalEntity>
      </Entity>
      
      <!--!- Row49 FOB FALCON-->
      <Entity>
        <PhysicalEntity>
          <MapGraphic>
            <TacticalGraphic>
              <Point>
                <EntityType>
                  <NamedEntityType>
                    <EntityTypeString>FORWARD-OPERATING-BASE</EntityTypeString>
                  </NamedEntityType>
                </EntityType>
                <Name>FOB-FALCON</Name>
                <UUID>00000000-0001-0001-1000-000000000009</UUID>
                <CurrentState>
                  <PhysicalState>
                    <Location><GeodeticCoordinate>
                      <Latitude>58.734342</Latitude>
                      <Longitude>17.001257</Longitude>
                    </GeodeticCoordinate></Location>
                  </PhysicalState>
                </CurrentState>               
              </Point>
            </TacticalGraphic>
          </MapGraphic>
        </PhysicalEntity>
      </Entity>
      
      <!-- Row50 OP CHICK-->
      <Entity>
        <PhysicalEntity>
          <MapGraphic>
            <TacticalGraphic>
              <Point>
                <EntityType>
                  <NamedEntityType>
                    <EntityTypeString>POINT</EntityTypeString>
                  </NamedEntityType>
                </EntityType>
                <Name>OP-CHICK</Name>
                <UUID>00000000-0001-0001-1000-000000000010</UUID>
                  <CurrentState>
                    <PhysicalState>
                      <Location><GeodeticCoordinate>
                        <Latitude>58.673917</Latitude>
                        <Longitude>16.266833</Longitude>
                      </GeodeticCoordinate></Location>
                    </PhysicalState>
                  </CurrentState>           
              </Point>
            </TacticalGraphic>
          </MapGraphic>
        </PhysicalEntity>
      </Entity>
      
      <!-- Row 51 DP-1 -->
      <Entity>
        <PhysicalEntity>
          <MapGraphic>
            <TacticalGraphic>
              <Point>
                <EntityType>
                  <NamedEntityType>
                    <EntityTypeString>DECISION-POINT</EntityTypeString>
                  </NamedEntityType>
                </EntityType>
                <Name>DP-1</Name>
                <UUID>00000000-0001-0001-1000-000000000011</UUID>
                  <CurrentState>
                    <PhysicalState>
                      <Location><GeodeticCoordinate>
                        <Latitude>58.673917</Latitude>
                        <Longitude>16.266833</Longitude>
                      </GeodeticCoordinate></Location>
                    </PhysicalState>
                  </CurrentState>                
              </Point>
            </TacticalGraphic>
          </MapGraphic>
        </PhysicalEntity>
      </Entity>
      
      <!-- Row 52 NAI-301-->
      <Entity>
        <PhysicalEntity>
          <MapGraphic>
            <TacticalGraphic>
              <TacticalArea>
                  <EntityType>
                    <NamedEntityType>
                      <EntityTypeString>NAMED-AREA-OF-INTEREST</EntityTypeString>
                    </NamedEntityType>
                  </EntityType>
                <Name>AI-301</Name>
                <UUID>00000000-0001-0001-1000-000000000012</UUID>
                  <CurrentState>
                    <PhysicalState>
                      <Location><GeodeticCoordinate>
                        <Latitude>58.68936</Latitude>
                        <Longitude>16.303956</Longitude>
                      </GeodeticCoordinate></Location>
                      <Location><GeodeticCoordinate>
                        <Latitude>58.673464</Latitude>
                        <Longitude>16.309383</Longitude>
                      </GeodeticCoordinate></Location>
                    </PhysicalState>
                  </CurrentState>            
              </TacticalArea>
            </TacticalGraphic>
          </MapGraphic>
        </PhysicalEntity>
      </Entity>
      
     <!-- Scenario Details-->
      <PlanPhaseReference>00000000-0001-0001-1000-000000000013</PlanPhaseReference>
    </ObjectDefinitions>
    <ScenarioSetting>
      <DateTime>
        <IsoDateTime>0000-00-00T00:00:00Z</IsoDateTime>
      </DateTime>
      <Version>1</Version>
    </ScenarioSetting>
    <!-- Assignments of units to simulators -->
    <SystemEntityList>
      <!--iABG-KORA (3BnACoy; 3BnHQ; BDE HQ)-->
      <ActorReference>00000000-0001-0001-1310-000000000000</ActorReference> <!-- 3BnACoy-->
      <ActorReference>00000000-0001-0001-1300-000000000000</ActorReference> <!-- 3BnHQ -->
      <ActorReference>00000000-0001-0001-1000-000000000000</ActorReference> <!-- BDE HQ -->
      <SystemName>DEU</SystemName>
    </SystemEntityList>
    <SystemEntityList>
      <!--NPS-VRForces (3BnBCoy; USA boat; three UAS)-->
      <ActorReference>00000000-0001-0001-1320-000000000000</ActorReference> <!-- 3BnBCoy -->
      <ActorReference>00000000-0007-0001-0030-000000000000</ActorReference> <!-- USABoat4 -->
      <ActorReference>00000000-0001-0001-1434-000000000000</ActorReference> <!-- UAS4 -->
      <ActorReference>00000000-0001-0001-1435-000000000000</ActorReference> <!-- UAS5 -->
      <ActorReference>00000000-0001-0001-1436-000000000000</ActorReference> <!-- UAS6 -->
      <SystemName>NPS</SystemName>
    </SystemEntityList>
    <SystemEntityList>
      <!--MSCOE-SWORD (3BnCCoy)-->
      <ActorReference>00000000-0001-0001-1330-000000000000</ActorReference> <!-- 3BnCCoy -->
      <ActorReference>00000000-0001-0001-1113-000000000000</ActorReference> <!-- 1BNCp3 -->
      <SystemName>COE</SystemName>
    </SystemEntityList>
    <SystemEntityList>
      <!--FRA-SWORD (1BnAcoyPlt 1/2/3; 4BnQRF; 4Bn MH6; three UAS; 4BnHQ)-->
      <ActorReference>00000000-0001-0001-1111-000000000000</ActorReference> <!-- 1BnCp1 -->
      <ActorReference>00000000-0001-0001-1112-000000000000</ActorReference> <!-- 1BnCp2 -->
      <ActorReference>00000000-0001-0001-1411-000000000000</ActorReference> <!-- 4Bn QRF -->
      <ActorReference>00000000-0001-0001-1421-000000000000</ActorReference> <!-- 4Bn MH6 -->
      <ActorReference>00000000-0001-0001-1431-000000000000</ActorReference> <!-- UAS1 -->
      <ActorReference>00000000-0001-0001-1432-000000000000</ActorReference> <!-- UAS2 -->
      <ActorReference>00000000-0001-0001-1433-000000000000</ActorReference> <!-- UAS3 -->
      <ActorReference>00000000-0001-0001-1400-000000000000</ActorReference> <!-- 4BnHQ -->
      <SystemName>FRA</SystemName>
    </SystemEntityList>
    <SystemEntityList>
      <!--Netherlands MOD VRForces (OPFOR NorC1; NykC2; OxeC3; Krok; Norr; SBC8)-->
      <ActorReference>00000000-0002-0007-1001-000000000000</ActorReference> <!-- OPFOR NorC2 -->
      <ActorReference>00000000-0002-0007-1002-000000000000</ActorReference> <!-- OPFOR NykC1 -->
      <ActorReference>00000000-0002-0007-1003-000000000000</ActorReference> <!-- OPFOR OxeC3 -->
      <ActorReference>00000000-0002-0007-1004-000000000000</ActorReference> <!-- OPFOR Krok -->
      <ActorReference>00000000-0002-0007-1005-000000000000</ActorReference> <!-- OPFOR Norr -->
      <ActorReference>00000000-0002-0007-1006-000000000000</ActorReference> <!-- OPFOR SBC8 -->
      <SystemName>NLD-</SystemName>
    </SystemEntityList>
    <SystemEntityList>
      <!-- not used in Mini-MR -->
      <ActorReference>00000000-0001-0001-1100-000000000000</ActorReference> <!-- 1BnHQ -->
      <ActorReference>00000000-0001-0001-1110-000000000000</ActorReference> <!-- 1BnACoy-->
      <ActorReference>00000000-0001-0001-1120-000000000000</ActorReference> <!-- 1BnBCoy -->
      <ActorReference>00000000-0001-0001-1130-000000000000</ActorReference> <!-- 1BnCCoy -->
      <ActorReference>00000000-0001-0001-1200-000000000000</ActorReference> <!-- 2BnHQ -->
      <ActorReference>00000000-0001-0001-1210-000000000000</ActorReference> <!-- 2BnACoy -->
      <ActorReference>00000000-0001-0001-1220-000000000000</ActorReference> <!-- 2BnBCoy -->
      <ActorReference>00000000-0001-0001-1230-000000000000</ActorReference> <!-- 2BnCCoy -->
      <SystemName>NOTUSED-</SystemName>
    </SystemEntityList>  
  </C2SIMInitializationBody>
</MessageBody>
