<?xml version="1.0" encoding="UTF-8"?><MessageBody xmlns:xsi="http://www.w3.org/2001/XMLSchema-instance"
    xsi:schemaLocation="http://www.sisostds.org/schemas/C2SIM/1.1 ../../schema/flattenedSchemas/C2SIM_SMX_LOX_v11_Mod1_DSC.xsd"
    xmlns="http://www.sisostds.org/schemas/C2SIM/1.1">
    <DomainMessageBody>
        <ReportBody xmlns:xsi="http://www.w3.org/2001/XMLSchema-instance"
            xmlns="http://www.sisostds.org/schemas/C2SIM/1.1">
            <FromSender>00000000-0000-0001-0010-000000000000</FromSender>
            <ToReceiver>00000000-0000-0001-0001-000000000000</ToReceiver>
            <ReportContent>
                <PositionReportContent>
                    <TimeOfObservation>
                        <IsoDateTime>0000-00-00T00:15:00Z</IsoDateTime>
                    </TimeOfObservation>
                    <EntityHealthStatus>
                        <OperationalStatus>
                            <OperationalStatusCode>FullyOperational</OperationalStatusCode>
                        </OperationalStatus>
                    </EntityHealthStatus>
                    <EntityHealthStatus>
                        <Strength>
                            <StrengthPercentage>85</StrengthPercentage>
                        </Strength>
                    </EntityHealthStatus>
                    
                    <Location>
                        <GeodeticCoordinate>
                            <Latitude>58.507</Latitude>
                            <Longitude>15.880</Longitude>
                        </GeodeticCoordinate>
                    </Location>

                    <SubjectEntity>00000000-0000-0001-0010-000000000000</SubjectEntity>
                </PositionReportContent>
            </ReportContent>
            <ReportingEntity>00000000-0000-0001-0010-000000000000</ReportingEntity>
        </ReportBody>
    </DomainMessageBody>
</MessageBody>