<?xml version="1.0" encoding="UTF-8" standalone="no"?>
<cbml:CBMLReport xmlns:xsi="http://www.w3.org/2001/XMLSchema-instance"
 xsi:schemaLocation="http://www.sisostds.org/schemas/c-bml/1.0 ../CBML_Light_FLAT.xsd"
 xmlns="http://www.sisostds.org/schemas/c-bml/1.0"
 xmlns:cbml="http://www.sisostds.org/schemas/c-bml/1.0"
 xmlns:jc3iedm="urn:int:nato:standard:mip:jc3iedm:3.0.2:oo:2.2">
    <cbml:Report>
        <cbml:CategoryOfReport>StatusReport</cbml:CategoryOfReport>
        <cbml:TypeOfReport>GeneralStatusReport</cbml:TypeOfReport>
        <cbml:ReportHeader>
            <cbml:ReporterWho><cbml:OID>1/202 INF</cbml:OID></cbml:ReporterWho>
            <cbml:ReportingData>
                <cbml:OID>20130613062529190</cbml:OID>
                <cbml:ReportingDataCategoryCode>REP</cbml:ReportingDataCategoryCode>
                <cbml:CredibilityCode>IND</cbml:CredibilityCode>
            </cbml:ReportingData>
            <cbml:AbsoluteReportedWhen>
                <cbml:EffectiveStartDateTime>201306131024287230</cbml:EffectiveStartDateTime>
            </cbml:AbsoluteReportedWhen>
        </cbml:ReportHeader>
        
        <cbml:StatusReport>
            <cbml:GeneralStatusReport>
                <cbml:Hostility>HO</cbml:Hostility>
                <cbml:Executer>
                	<cbml:UnitID>1/1 OPFOR-ARMOR</cbml:UnitID>
                </cbml:Executer>
                <cbml:OpStatus>MOPS</cbml:OpStatus>
                <cbml:WhereLocation>
                    <cbml:GDC>
                        <cbml:SpecificPoint>
                	         <cbml:Latitude>58.693</cbml:Latitude>
                	         <cbml:Longitude>14.972</cbml:Longitude>
                	         <cbml:ElevationAMSL>2.054</cbml:ElevationAMSL>
                        </cbml:SpecificPoint>
                    </cbml:GDC>
                </cbml:WhereLocation>
                <cbml:ObservedWhen>201306131024287230</cbml:ObservedWhen>
            </cbml:GeneralStatusReport>
        </cbml:StatusReport>
    </cbml:Report>
</cbml:CBMLReport>
