<?xml version="1.0" encoding="UTF-8"?>
<MessageBody xmlns:xsi="http://www.w3.org/2001/XMLSchema-instance"
 xsi:schemaLocation="http://www.sisostds.org/schemas/C2SIM/1.1 ../Schema/C2SIM/C2SIM_SMX_LOX_V1.0.2.xsd"
 xmlns="http://www.sisostds.org/schemas/C2SIM/1.1"
 xmlns:c2s="http://www.sisostds.org/schemas/C2SIM/1.1">
<DomainMessageBody>
<!-- Operations Order Phase 3 for MSG-201 CWIX 2022 -->
<OrderBody>
    <FromSender>00000000-0000-0001-0001-000000000000</FromSender>
    <ToReceiver>00000000-0007-0001-0000-000000000000</ToReceiver>
    <IssuedTime>
        <IsoDateTime>0000-00-00T00:00:00Z</IsoDateTime>
    </IssuedTime>
    <OrderID>00000000-0001-0001-1000-200000000000</OrderID>
    
    <Task><ManeuverWarfareTask> 
        <!-- Row58 Establish ambush site vic 58.677858,16.271561 -->
        <Location><GeodeticCoordinate>
            <Latitude>58.66513</Latitude>
            <Longitude>16.312227</Longitude>
        </GeodeticCoordinate></Location>
        <Location><GeodeticCoordinate>
            <Latitude>58.677858</Latitude>
            <Longitude>16.271561</Longitude>
        </GeodeticCoordinate></Location>
        <Name>Move-Kroc-1</Name>
        <UUID>00000000-0002-0002-1000-000200000000</UUID>
        <AffectedEntity>00000000-0002-0007-1004-000000000000</AffectedEntity>   
        <DesiredEffectCode>TaskSuccess</DesiredEffectCode>
        <PerformingEntity>00000000-0002-0007-1004-000000000000</PerformingEntity>
        <StartTime>
            <RelativeTime>
                <DelayTimeAmount>
                    <IsoTimeDuration>P00Y00M00DT00H00M00S</IsoTimeDuration>
                </DelayTimeAmount>
                <EventReference>00000000-0002-0002-1000-000100000000</EventReference>
                <TimeReferenceCode>IntervalEndTime</TimeReferenceCode>
            </RelativeTime>
        </StartTime>
        <TaskActionCode>MOVE</TaskActionCode>
        <RuleOfEngagement><MipWeaponUseROE><WeaponROECode>
            <WeaponRuleOfEngagementCode>ROEFree</WeaponRuleOfEngagementCode>
        </WeaponROECode></MipWeaponUseROE></RuleOfEngagement>
    </ManeuverWarfareTask></Task>
    
    <Task><ManeuverWarfareTask> 
        <!-- Row65 Prepare to receive 3Bn. Then prepare to execute Phase IV. -->
        <Location><GeodeticCoordinate>
            <Latitude>58.43207</Latitude>
            <Longitude>16.676511</Longitude>
        </GeodeticCoordinate></Location>
        <Name>Move-3BnACoy-4</Name>
        <UUID>00000000-0001-0001-1000-000800000000</UUID>
        <AffectedEntity>00000000-0001-0001-1310-000000000000</AffectedEntity>   
        <DesiredEffectCode>TaskSuccess</DesiredEffectCode>
        <PerformingEntity>00000000-0001-0001-1310-000000000000</PerformingEntity>
        <StartTime>
            <SimulationTime><DelayTimeAmount>
                <IsoTimeDuration>P00Y00M00DT00H03M00S</IsoTimeDuration>
            </DelayTimeAmount></SimulationTime>
        </StartTime>
        <TaskActionCode>DEFEND</TaskActionCode>
        <RuleOfEngagement><MipWeaponUseROE><WeaponROECode>
            <WeaponRuleOfEngagementCode>ROEHold</WeaponRuleOfEngagementCode>
        </WeaponROECode></MipWeaponUseROE></RuleOfEngagement>
    </ManeuverWarfareTask></Task>
    
    <Task><ManeuverWarfareTask> 
        <!-- Row66 Start Phase III (3Bn Main Party to FOB Hawk). Initial Position to SP-ORANGE. (Distance 18 KM) -->
        <Location><GeodeticCoordinate>
            <Latitude>58.575894</Latitude>
            <Longitude>16.259419</Longitude>
        </GeodeticCoordinate></Location>
        <Name>Move-3BnBCoy-1</Name>
        <UUID>00000000-0001-0001-1000-000900000000</UUID>
        <AffectedEntity>00000000-0001-0001-1320-000000000000</AffectedEntity>   
        <DesiredEffectCode>TaskSuccess</DesiredEffectCode>
        <PerformingEntity>00000000-0001-0001-1320-000000000000</PerformingEntity>
        <StartTime>
            <SimulationTime><DelayTimeAmount>
                <IsoTimeDuration>P00Y00M00DT00H03M00S</IsoTimeDuration>
            </DelayTimeAmount></SimulationTime>
        </StartTime>
        <TaskActionCode>MOVE</TaskActionCode>
        <RuleOfEngagement><MipWeaponUseROE><WeaponROECode>
            <WeaponRuleOfEngagementCode>ROEHold</WeaponRuleOfEngagementCode>
        </WeaponROECode></MipWeaponUseROE></RuleOfEngagement>
    </ManeuverWarfareTask></Task>
    
    <Task><ManeuverWarfareTask>
        <!-- Row67 Move from SP-ORANGE along Route ORANGE -->
        <ActionTemporalRelationship>
            <ActionTemporalAssociationCode>STREND</ActionTemporalAssociationCode>
            <TemporalAssociationWithAction>00000000-0001-0001-1000-000900000000</TemporalAssociationWithAction>
        </ActionTemporalRelationship>
        <Location><GeodeticCoordinate>
            <Latitude>58.637863</Latitude>
            <Longitude>16.162447</Longitude>
        </GeodeticCoordinate></Location>
        <MapGraphicID>00000000-0001-0001-1000-000000000002</MapGraphicID>
        <Name>Move-3BnBCoy-2</Name>
        <UUID>00000000-0001-0001-1000-001000000000</UUID>
        <AffectedEntity>00000000-0001-0001-1320-000000000000</AffectedEntity>
        <DesiredEffectCode>TaskSuccess</DesiredEffectCode>
        <PerformingEntity>00000000-0001-0001-1320-000000000000</PerformingEntity>
        <StartTime>
            <RelativeTime>
                <DelayTimeAmount>
                    <IsoTimeDuration>P00Y00M00DT00H00M60S</IsoTimeDuration>
                </DelayTimeAmount>
                <EventReference>00000000-0001-0001-1000-000900000000</EventReference>
                <TimeReferenceCode>IntervalEndTime</TimeReferenceCode>
            </RelativeTime>
        </StartTime>
        <TaskActionCode>MOVE</TaskActionCode>     
        <RuleOfEngagement><MipWeaponUseROE><WeaponROECode>
            <WeaponRuleOfEngagementCode>ROEHold</WeaponRuleOfEngagementCode>
        </WeaponROECode></MipWeaponUseROE></RuleOfEngagement>
    </ManeuverWarfareTask></Task>
    
    <Task><ManeuverWarfareTask>
        <!-- Row71 Move from RP-ORANGE to FOB HAWK (10 KM) -->
        <ActionTemporalRelationship>
            <ActionTemporalAssociationCode>STREND</ActionTemporalAssociationCode>
            <TemporalAssociationWithAction>00000000-0001-0001-1000-001000000000</TemporalAssociationWithAction>
        </ActionTemporalRelationship>
        <Location><GeodeticCoordinate>
            <Latitude>58.745235</Latitude>
            <Longitude>16.939855</Longitude>
        </GeodeticCoordinate></Location>
        <Location><GeodeticCoordinate>
            <Latitude>58.734342</Latitude>
            <Longitude>17.001257</Longitude>
        </GeodeticCoordinate></Location>
        <Name>Move-3BnBCoy-3</Name>
        <UUID>00000000-0001-0001-1000-001100000000</UUID>
        <AffectedEntity>00000000-0001-0001-1320-000000000000</AffectedEntity>
        <DesiredEffectCode>TaskSuccess</DesiredEffectCode>
        <PerformingEntity>00000000-0001-0001-1320-000000000000</PerformingEntity>
        <StartTime>
            <RelativeTime>
                <DelayTimeAmount>
                    <IsoTimeDuration>P00Y00M00DT00H00M00S</IsoTimeDuration>
                </DelayTimeAmount>
                <EventReference>00000000-0001-0001-1000-001000000000</EventReference>
                <TimeReferenceCode>IntervalEndTime</TimeReferenceCode>
            </RelativeTime>
        </StartTime>
        <TaskActionCode>MOVE</TaskActionCode>     
        <RuleOfEngagement><MipWeaponUseROE><WeaponROECode>
            <WeaponRuleOfEngagementCode>ROEHold</WeaponRuleOfEngagementCode>
        </WeaponROECode></MipWeaponUseROE></RuleOfEngagement>
    </ManeuverWarfareTask></Task>
       
    <Task><ManeuverWarfareTask>
        <!-- Row72 Prepare to execute Phase IV -->
        <ActionTemporalRelationship>
            <ActionTemporalAssociationCode>STREND</ActionTemporalAssociationCode>
            <TemporalAssociationWithAction>00000000-0001-0001-1000-000700000000</TemporalAssociationWithAction>
        </ActionTemporalRelationship>
        <Location><GeodeticCoordinate>
            <Latitude>58.745235</Latitude>
            <Longitude>16.939855</Longitude>
        </GeodeticCoordinate></Location>
        <Location><GeodeticCoordinate>
            <Latitude>58.734342</Latitude>
            <Longitude>17.001257</Longitude>
        </GeodeticCoordinate></Location>
        <Name>Defend-3BnBCoy-1</Name>
        <UUID>00000000-0001-0001-1000-001200000000</UUID>
        <AffectedEntity>00000000-0001-0001-1310-000000000000</AffectedEntity>
        <DesiredEffectCode>TaskSuccess</DesiredEffectCode>
        <PerformingEntity>00000000-0001-0001-1310-000000000000</PerformingEntity>
        <StartTime>
            <RelativeTime>
                <DelayTimeAmount>
                    <IsoTimeDuration>P00Y00M00DT00H00M00S</IsoTimeDuration>
                </DelayTimeAmount>
                <EventReference>00000000-0001-0001-1000-001100000000</EventReference>
                <TimeReferenceCode>IntervalEndTime</TimeReferenceCode>
            </RelativeTime>
        </StartTime>
        <TaskActionCode>DEFEND</TaskActionCode>     
        <RuleOfEngagement><MipWeaponUseROE><WeaponROECode>
            <WeaponRuleOfEngagementCode>ROEHold</WeaponRuleOfEngagementCode>
        </WeaponROECode></MipWeaponUseROE></RuleOfEngagement>
    </ManeuverWarfareTask></Task>
    
    <Task><ManeuverWarfareTask>
        <!-- Row73 Continue Phase III (3Bn Main Party to FOB Hawk). Initial Position to SP-ORANGE. (Distance 18 KM) -->
        <Location><GeodeticCoordinate>
            <Latitude>58.575894</Latitude>
            <Longitude>16.259419</Longitude>
        </GeodeticCoordinate></Location>
        <Location><GeodeticCoordinate>
            <Latitude>58.637863</Latitude>
            <Longitude>16.162447</Longitude>
        </GeodeticCoordinate></Location>
        <Name>Move-3BnCCoy-1</Name>
        <UUID>00000000-0001-0001-1000-001300000000</UUID>
        <AffectedEntity>00000000-0001-0001-1330-000000000000</AffectedEntity>
        <DesiredEffectCode>TaskSuccess</DesiredEffectCode>
        <PerformingEntity>00000000-0001-0001-1330-000000000000</PerformingEntity>
        <StartTime>
            <SimulationTime><DelayTimeAmount>
                <IsoTimeDuration>P00Y00M00DT00H05M00S</IsoTimeDuration>
            </DelayTimeAmount></SimulationTime>
        </StartTime>
        <TaskActionCode>MOVE</TaskActionCode>     
        <RuleOfEngagement><MipWeaponUseROE><WeaponROECode>
            <WeaponRuleOfEngagementCode>ROEHold</WeaponRuleOfEngagementCode>
        </WeaponROECode></MipWeaponUseROE></RuleOfEngagement>
    </ManeuverWarfareTask></Task>
    
    <Task><ManeuverWarfareTask>
        <!-- Row74 Move from SP-ORANGE along Route ORANGE -->
        <ActionTemporalRelationship>
            <ActionTemporalAssociationCode>STREND</ActionTemporalAssociationCode>
            <TemporalAssociationWithAction>00000000-0001-0001-1000-001300000000</TemporalAssociationWithAction>
        </ActionTemporalRelationship>
        <Location><GeodeticCoordinate>
            <Latitude>58.637863</Latitude>
            <Longitude>16.162447</Longitude>
        </GeodeticCoordinate></Location>
        <MapGraphicID>00000000-0001-0001-1000-000000000002</MapGraphicID>
        <Name>Move-3BnCCoy-2</Name>
        <UUID>00000000-0001-0001-1000-001400000000</UUID>
        <AffectedEntity>00000000-0001-0001-1330-000000000000</AffectedEntity>
        <DesiredEffectCode>TaskSuccess</DesiredEffectCode>
        <PerformingEntity>00000000-0001-0001-1330-000000000000</PerformingEntity>
        <StartTime>
            <RelativeTime>
                <DelayTimeAmount>
                    <IsoTimeDuration>P00Y00M00DT00H00M00S</IsoTimeDuration>
                </DelayTimeAmount>
                <EventReference>00000000-0001-0001-1000-001300000000</EventReference>
                <TimeReferenceCode>IntervalEndTime</TimeReferenceCode>
            </RelativeTime>
        </StartTime>
        <TaskActionCode>MOVE</TaskActionCode>     
        <RuleOfEngagement><MipWeaponUseROE><WeaponROECode>
            <WeaponRuleOfEngagementCode>ROEHold</WeaponRuleOfEngagementCode>
        </WeaponROECode></MipWeaponUseROE></RuleOfEngagement>
    </ManeuverWarfareTask></Task>
    
    <Task><ManeuverWarfareTask>
        <!-- Row78 Move from RP-ORANGE to FOB HAWK (10 KM)-->
        <ActionTemporalRelationship>
            <ActionTemporalAssociationCode>STREND</ActionTemporalAssociationCode>
            <TemporalAssociationWithAction>00000000-0001-0001-1000-001400000000</TemporalAssociationWithAction>
        </ActionTemporalRelationship>
        <Location><GeodeticCoordinate>
            <Latitude>58.745235</Latitude>
            <Longitude>16.939855</Longitude>
        </GeodeticCoordinate></Location>
        <Name>Move-3BnCCoy-3</Name>
        <UUID>00000000-0001-0001-1000-001500000000</UUID>
        <AffectedEntity>00000000-0001-0001-1330-000000000000</AffectedEntity>
        <DesiredEffectCode>TaskSuccess</DesiredEffectCode>
        <PerformingEntity>00000000-0001-0001-1330-000000000000</PerformingEntity>
        <StartTime>
            <RelativeTime>
                <DelayTimeAmount>
                    <IsoTimeDuration>P00Y00M00DT00H00M00S</IsoTimeDuration>
                </DelayTimeAmount>
                <EventReference>00000000-0001-0001-1000-001400000000</EventReference>
                <TimeReferenceCode>IntervalStartTime</TimeReferenceCode>
            </RelativeTime>
        </StartTime>
        <TaskActionCode>MOVE</TaskActionCode>     
        <RuleOfEngagement><MipWeaponUseROE><WeaponROECode>
            <WeaponRuleOfEngagementCode>ROEHold</WeaponRuleOfEngagementCode>
        </WeaponROECode></MipWeaponUseROE></RuleOfEngagement>
    </ManeuverWarfareTask></Task>
    
    <Task><ManeuverWarfareTask> 
        <!-- Row79 Prepare to execute Phase IV -->
        <Location><GeodeticCoordinate>
            <Latitude>58.43207</Latitude>
            <Longitude>15.676511</Longitude>
        </GeodeticCoordinate></Location>
        <Name>Defend-3BnCCoy-1</Name>
        <UUID>00000000-0001-0001-1000-001600000000</UUID>
        <AffectedEntity>00000000-0001-0001-1330-000000000000</AffectedEntity>   
        <DesiredEffectCode>TaskSuccess</DesiredEffectCode>
        <PerformingEntity>00000000-0001-0001-1330-000000000000</PerformingEntity>
        <StartTime>
            <RelativeTime>
                <DelayTimeAmount>
                    <IsoTimeDuration>P00Y00M00DT00H00M00S</IsoTimeDuration>
                </DelayTimeAmount>
                <EventReference>00000000-0001-0001-1000-001500000000</EventReference>
                <TimeReferenceCode>IntervalStartTime</TimeReferenceCode>
            </RelativeTime>
        </StartTime>
        <TaskActionCode>DEFEND</TaskActionCode>
        <RuleOfEngagement><MipWeaponUseROE><WeaponROECode>
            <WeaponRuleOfEngagementCode>ROEHold</WeaponRuleOfEngagementCode>
        </WeaponROECode></MipWeaponUseROE></RuleOfEngagement>
    </ManeuverWarfareTask></Task>
    
    <Task><ManeuverWarfareTask>
        <!-- Row80 Continue Phase III (3Bn Main Party to FOB Hawk). Initial Position to SP-ORANGE. (Distance 18 KM) -->
        <Location><GeodeticCoordinate>
            <Latitude>58.575894</Latitude>
            <Longitude>16.259419</Longitude>
        </GeodeticCoordinate></Location>
        <Location><GeodeticCoordinate>
            <Latitude>58.637863</Latitude>
            <Longitude>16.162447</Longitude>
        </GeodeticCoordinate></Location>
        <Name>Move-3Bn-1</Name>
        <UUID>00000000-0001-0001-1000-001700000000</UUID>
        <AffectedEntity>00000000-0001-0001-1300-000000000000</AffectedEntity>
        <DesiredEffectCode>TaskSuccess</DesiredEffectCode>
        <PerformingEntity>00000000-0001-0001-1300-000000000000</PerformingEntity>
        <StartTime>
            <SimulationTime><DelayTimeAmount>
                <IsoTimeDuration>P00Y00M00DT00H06M00S</IsoTimeDuration>
            </DelayTimeAmount></SimulationTime>
        </StartTime>
        <TaskActionCode>MOVE</TaskActionCode>     
        <RuleOfEngagement><MipWeaponUseROE><WeaponROECode>
            <WeaponRuleOfEngagementCode>ROEHold</WeaponRuleOfEngagementCode>
        </WeaponROECode></MipWeaponUseROE></RuleOfEngagement>
    </ManeuverWarfareTask></Task>
    
    <Task><ManeuverWarfareTask>
        <!-- Row81 Move from SP-ORANGE along Route ORANGE -->
        <ActionTemporalRelationship>
            <ActionTemporalAssociationCode>STREND</ActionTemporalAssociationCode>
            <TemporalAssociationWithAction>00000000-0001-0001-1000-001700000000</TemporalAssociationWithAction>
        </ActionTemporalRelationship>
        <Location><GeodeticCoordinate>
            <Latitude>58.637863</Latitude>
            <Longitude>16.162447</Longitude>
        </GeodeticCoordinate></Location>
        <MapGraphicID>00000000-0001-0001-1000-000000000002</MapGraphicID>
        <Name>Move-3Bn-2</Name>
        <UUID>00000000-0001-0001-1000-001800000000</UUID>
        <AffectedEntity>00000000-0001-0001-1300-000000000000</AffectedEntity>
        <DesiredEffectCode>TaskSuccess</DesiredEffectCode>
        <PerformingEntity>00000000-0001-0001-1300-000000000000</PerformingEntity>
        <StartTime>
            <RelativeTime>
                <DelayTimeAmount>
                    <IsoTimeDuration>P00Y00M00DT00H00M00S</IsoTimeDuration>
                </DelayTimeAmount>
                <EventReference>00000000-0001-0001-1000-001700000000</EventReference>
                <TimeReferenceCode>IntervalEndTime</TimeReferenceCode>
            </RelativeTime>
        </StartTime>
        <TaskActionCode>MOVE</TaskActionCode>     
        <RuleOfEngagement><MipWeaponUseROE><WeaponROECode>
            <WeaponRuleOfEngagementCode>ROEHold</WeaponRuleOfEngagementCode>
        </WeaponROECode></MipWeaponUseROE></RuleOfEngagement>
    </ManeuverWarfareTask></Task>
    
    <Task><ManeuverWarfareTask>
        <!-- Row85 Move from RP-ORANGE to FOB HAWK (10 KM)-->
        <ActionTemporalRelationship>
            <ActionTemporalAssociationCode>STREND</ActionTemporalAssociationCode>
            <TemporalAssociationWithAction>00000000-0001-0001-1000-001800000000</TemporalAssociationWithAction>
        </ActionTemporalRelationship>
        <Location><GeodeticCoordinate>
            <Latitude>58.745235</Latitude>
            <Longitude>16.939855</Longitude>
        </GeodeticCoordinate></Location>
        <Name>Move-3Bn-3</Name>
        <UUID>00000000-0001-0001-1000-001900000000</UUID>
        <AffectedEntity>00000000-0001-0001-1300-000000000000</AffectedEntity>
        <DesiredEffectCode>TaskSuccess</DesiredEffectCode>
        <PerformingEntity>00000000-0001-0001-1300-000000000000</PerformingEntity>
        <StartTime>
            <RelativeTime>
                <DelayTimeAmount>
                    <IsoTimeDuration>P00Y00M00DT00H00M00S</IsoTimeDuration>
                </DelayTimeAmount>
                <EventReference>00000000-0001-0001-1000-001800000000</EventReference>
                <TimeReferenceCode>IntervalStartTime</TimeReferenceCode>
            </RelativeTime>
        </StartTime>
        <TaskActionCode>MOVE</TaskActionCode>     
        <RuleOfEngagement><MipWeaponUseROE><WeaponROECode>
            <WeaponRuleOfEngagementCode>ROEHold</WeaponRuleOfEngagementCode>
        </WeaponROECode></MipWeaponUseROE></RuleOfEngagement>
    </ManeuverWarfareTask></Task>
    
    <Task><ManeuverWarfareTask> 
        <!-- Row86 Prepare to execute Phase IV -->
        <Location><GeodeticCoordinate>
            <Latitude>58.43207</Latitude>
            <Longitude>15.676511</Longitude>
        </GeodeticCoordinate></Location>
        <Name>Defend-3Bn-1</Name>
        <UUID>00000000-0001-0001-1000-002000000000</UUID>
        <AffectedEntity>00000000-0001-0001-1300-000000000000</AffectedEntity>   
        <DesiredEffectCode>TaskSuccess</DesiredEffectCode>
        <PerformingEntity>00000000-0001-0001-1300-000000000000</PerformingEntity>
        <StartTime>
            <RelativeTime>
                <DelayTimeAmount>
                    <IsoTimeDuration>P00Y00M00DT00H00M00S</IsoTimeDuration>
                </DelayTimeAmount>
                <EventReference>00000000-0001-0001-1000-001900000000</EventReference>
                <TimeReferenceCode>IntervalStartTime</TimeReferenceCode>
            </RelativeTime>
        </StartTime>
        <TaskActionCode>DEFEND</TaskActionCode>
        <RuleOfEngagement><MipWeaponUseROE><WeaponROECode>
            <WeaponRuleOfEngagementCode>ROEHold</WeaponRuleOfEngagementCode>
        </WeaponROECode></MipWeaponUseROE></RuleOfEngagement>
    </ManeuverWarfareTask></Task>
    
</OrderBody>
</DomainMessageBody>
</MessageBody>

