<?xml version="1.0" encoding="UTF-8"?>
<BMLReport xmlns="http://netlab.gmu.edu/IBML"><Report xmlns:bml="http://netlab.gmu.edu/IBML" xmlns:mip="urn:int:nato:standard:mip:jc3iedm:3.1a:oo:2.0" xmlns:xs="http://www.w3.org/2001/XMLSchema"><CategoryOfReport>StatusReport</CategoryOfReport><TypeOfReport>GeneralStatusReport</TypeOfReport><StatusReport><GeneralStatusReport><ReporterWho><UnitID>00000000-0000-0001-0010-000000000000</UnitID></ReporterWho><Executer><UnitID>00000000-0000-0001-0010-000000000000</UnitID></Executer><OpStatus>OPR</OpStatus><WhereLocation><GDC><Latitude>58.507</Latitude><Longitude>15.880</Longitude></GDC></WhereLocation><When>00021130001500.000</When><ReportID>00000000-0000-0001-0010-000000000000</ReportID></GeneralStatusReport></StatusReport></Report></BMLReport>