<?xml version="1.0" encoding="UTF-8" standalone="no"?>
<cbml:CBMLOrder xmlns:xsi="http://www.w3.org/2001/XMLSchema-instance"
 xsi:schemaLocation="http://www.sisostds.org/schemas/c-bml/1.0 ../CBML_Light_FLAT.xsd"
 xmlns="http://www.sisostds.org/schemas/c-bml/1.0"
 xmlns:cbml="http://www.sisostds.org/schemas/c-bml/1.0">
  <cbml:Body>
    <cbml:Order>
      <cbml:OrderIssuedWhen>20190101010000.000</cbml:OrderIssuedWhen>
      <cbml:OrderID>00000000-0007-0000-1006-000000000000</cbml:OrderID>
      <cbml:TaskerWho><cbml:OID>202 INF</cbml:OID></cbml:TaskerWho>
      <cbml:Execution>
        <cbml:Tasks>
          <cbml:Task>
            <cbml:TaskID>00000000-0007-0001-1001-000000000000</cbml:TaskID>
            <cbml:TaskeeWhoRef>1/202 INF</cbml:TaskeeWhoRef>
            <cbml:ActivityCode>ATTACK</cbml:ActivityCode>
            <cbml:TaskWhenLight>
              <cbml:TaskStartWhenLight>
                <cbml:StartAbsoluteTime>
                  <cbml:TimingDayCode>D</cbml:TimingDayCode>
                  <cbml:TimingHourCode>H</cbml:TimingHourCode>
                  <cbml:StartSpecifiedTime>
                    <cbml:Datetime>20091013131909.000</cbml:Datetime>
                    <cbml:StartTimeQualifierCode>AT</cbml:StartTimeQualifierCode>
                  </cbml:StartSpecifiedTime>
                </cbml:StartAbsoluteTime>
              </cbml:TaskStartWhenLight>
              <cbml:TaskEndWhenLight>
                <cbml:EndRelativeTimeLight>
                  <cbml:TaskRef>Attack enemy formation</cbml:TaskRef>
                  <cbml:EndTemporalAssociationCategoryCode>ENDSNE</cbml:EndTemporalAssociationCategoryCode>
                  <cbml:ReferenceDuration>2000000</cbml:ReferenceDuration>
                </cbml:EndRelativeTimeLight>
              </cbml:TaskEndWhenLight>
            </cbml:TaskWhenLight>
            <cbml:AtWhere>
              <cbml:OID>LOD</cbml:OID>
              <cbml:LocationLight>
	        <cbml:Line>
                  <cbml:GDC>
                    <cbml:OID>LOD1</cbml:OID>
                    <cbml:SpecificPoint>
                      <cbml:Latitude>58.500965</cbml:Latitude>
                      <cbml:Longitude>14.136887</cbml:Longitude>
                      <cbml:ElevationAMSL>0.0</cbml:ElevationAMSL>
                    </cbml:SpecificPoint>
                  </cbml:GDC>
                  <cbml:GDC>
                    <cbml:OID>LOD2</cbml:OID>
                    <cbml:SpecificPoint>
                      <cbml:Latitude>58.490288</cbml:Latitude>
                      <cbml:Longitude>14.24082</cbml:Longitude>
                      <cbml:ElevationAMSL>0.0</cbml:ElevationAMSL>
                    </cbml:SpecificPoint>
                  </cbml:GDC>
                </cbml:Line>
              </cbml:LocationLight>
            </cbml:AtWhere>
            <cbml:AffectedWhoLight>
              <cbml:ObjectRef>QQQ</cbml:ObjectRef>
              <cbml:ActionObjectiveQualifierCode>DONTAT</cbml:ActionObjectiveQualifierCode>
            </cbml:AffectedWhoLight>
            <cbml:AffectedWhoLight>
              <cbml:ObjectRef>TTT</cbml:ObjectRef>
              <cbml:ActionObjectiveQualifierCode>STAYIN</cbml:ActionObjectiveQualifierCode>
            </cbml:AffectedWhoLight>
            <cbml:WhyLight>
              <cbml:DesiredEffect>
                <cbml:ActionEffectDescriptionCode>KILL</cbml:ActionEffectDescriptionCode>
                <cbml:OID>QQQ</cbml:OID>
              </cbml:DesiredEffect>
            </cbml:WhyLight>
            <cbml:TaskControlMeasures>P</cbml:TaskControlMeasures>
            <cbml:TaskControlMeasures>Q</cbml:TaskControlMeasures>
          </cbml:Task>
        </cbml:Tasks>
        <!--cbml:ControlMeasures>
          <cbml:ControlMeasure>
            <cbml:AtWhere>
              <cbml:OID>P</cbml:OID>
              <cbml:LocationLight>
                <cbml:Line>
                  <cbml:GDC>
                    <cbml:OID>P0</cbml:OID>
                    <cbml:SpecificPoint>
                      <cbml:Latitude>58.520965</cbml:Latitude>
                      <cbml:LatitudePrecisionCode>100MN</cbml:LatitudePrecisionCode>
                      <cbml:Longitude>14.156887</cbml:Longitude>
                      <cbml:LongitudePrecisionCode>100SEC</cbml:LongitudePrecisionCode>
                      <cbml:ElevationAMSL>41.0</cbml:ElevationAMSL>
                      <cbml:ElevationPrecisionCode>10MTR</cbml:ElevationPrecisionCode>
                      <cbml:ElevationReferenceCode>LOCDAT</cbml:ElevationReferenceCode>
                    </cbml:SpecificPoint>
                    <cbml:Displacement>
                      <cbml:XCoordinateDimension>500.000</cbml:XCoordinateDimension>
                      <cbml:YCoordinateDimension>750.000</cbml:YCoordinateDimension>
                      <cbml:ZCoordinateDimension>100.000</cbml:ZCoordinateDimension>
                      <cbml:XPrecisionCode>10MTR</cbml:XPrecisionCode>
                      <cbml:YPrecisionCode>10MTR</cbml:YPrecisionCode>
                      <cbml:ZPrecisionCode>10MTR</cbml:ZPrecisionCode>
                    </cbml:Displacement>
                  </cbml:GDC>
                  <cbml:GDC>
                    <cbml:OID>P1</cbml:OID>
                    <cbml:SpecificPoint>
                      <cbml:Latitude>58.510288</cbml:Latitude>
                      <cbml:Longitude>14.26082</cbml:Longitude>
                      <cbml:ElevationAMSL>42.0</cbml:ElevationAMSL>
                    </cbml:SpecificPoint>
                  </cbml:GDC>
                  <cbml:GDC>
                    <cbml:OID>P2</cbml:OID>
                    <cbml:SpecificPoint>
                      <cbml:Latitude>58.289596</cbml:Latitude>
                      <cbml:Longitude>14.475105</cbml:Longitude>
                      <cbml:ElevationAMSL>43.0</cbml:ElevationAMSL>
                    </cbml:SpecificPoint>
                  </cbml:GDC>
                  <cbml:GDC>
                    <cbml:OID>P0</cbml:OID>
                      <cbml:SpecificPoint>
                        <cbml:Latitude>58.16715</cbml:Latitude>
                        <cbml:Longitude>14.49006</cbml:Longitude>
                        <cbml:ElevationAMSL>44.0</cbml:ElevationAMSL>
                    </cbml:SpecificPoint>
                  </cbml:GDC>
                </cbml:Line>
              </cbml:LocationLight>
            </cbml:AtWhere>
          </cbml:ControlMeasure>
          <cbml:ControlMeasure>
            <cbml:AtWhere>
              <cbml:OID>P10</cbml:OID>
              <cbml:LocationLight>
                <cbml:PointLight>
                  <cbml:GDC>
                    <cbml:OID>AAA</cbml:OID>
                    <cbml:SpecificPoint>
                      <cbml:Latitude>58.520965</cbml:Latitude>
                      <cbml:Longitude>14.156887</cbml:Longitude>
                      <cbml:ElevationAMSL>45.0</cbml:ElevationAMSL>
                    </cbml:SpecificPoint>
                  </cbml:GDC>
                </cbml:PointLight>
              </cbml:LocationLight>
            </cbml:AtWhere>
          </cbml:ControlMeasure>
          <cbml:ControlMeasure>
            <cbml:AtWhere>
              <cbml:OID>P11</cbml:OID>
              <cbml:LocationLight>
                <cbml:PointLight>
                  <cbml:GDC>
                    <cbml:OID>BBB</cbml:OID>
                    <cbml:SpecificPoint>
                      <cbml:Latitude>58.144363</cbml:Latitude>
                      <cbml:Longitude> 47.543457 </cbml:Longitude>
                      <cbml:ElevationAMSL>46.0</cbml:ElevationAMSL>
                    </cbml:SpecificPoint>
                  </cbml:GDC>
                </cbml:PointLight>
              </cbml:LocationLight>
            </cbml:AtWhere>
          </cbml:ControlMeasure>
          <cbml:ControlMeasure>
            <cbml:AtWhere>
              <cbml:OID>P12</cbml:OID>
              <cbml:LocationLight>
                <cbml:PointLight>
                  <cbml:GDC>
                    <cbml:OID>CCC</cbml:OID>
                    <cbml:SpecificPoint>
                      <cbml:Latitude>58.510288</cbml:Latitude>
                      <cbml:Longitude>14.26082</cbml:Longitude>
                      <cbml:ElevationAMSL>47.0</cbml:ElevationAMSL>
                    </cbml:SpecificPoint>
                  </cbml:GDC>
                </cbml:PointLight>
              </cbml:LocationLight>
            </cbml:AtWhere>
          </cbml:ControlMeasure>
          <cbml:ControlMeasure>
            <cbml:AtWhere>
              <cbml:OID>P13</cbml:OID>
              <cbml:LocationLight>
                <cbml:PointLight>
                  <cbml:GDC>
                    <cbml:OID>DDD</cbml:OID>
                    <cbml:SpecificPoint>
                      <cbml:Latitude>58.488865</cbml:Latitude>
                      <cbml:Longitude>14.11553</cbml:Longitude>
                      <cbml:ElevationAMSL>48.0</cbml:ElevationAMSL>
                    </cbml:SpecificPoint>
                  </cbml:GDC>
                </cbml:PointLight>
              </cbml:LocationLight>
            </cbml:AtWhere>
          </cbml:ControlMeasure>
          <cbml:ControlMeasure>
            <cbml:AtWhere>
              <cbml:OID>P14</cbml:OID>
              <cbml:LocationLight>
                <cbml:PointLight>
                  <cbml:GDC>
                    <cbml:OID>EEE</cbml:OID>
                    <cbml:SpecificPoint>
                      <cbml:Latitude>58.37282</cbml:Latitude>
                      <cbml:Longitude>14.218754</cbml:Longitude>
                      <cbml:ElevationAMSL>49.0</cbml:ElevationAMSL>
                    </cbml:SpecificPoint>
                  </cbml:GDC>
                </cbml:PointLight>
              </cbml:LocationLight>
            </cbml:AtWhere>
          </cbml:ControlMeasure>
          <cbml:ControlMeasure>
            <cbml:AtWhere>
              <cbml:OID>P15</cbml:OID>
              <cbml:LocationLight>
                <cbml:PointLight>
                  <cbml:GDC>
                    <cbml:OID>FFF</cbml:OID>
                    <cbml:SpecificPoint>
                      <cbml:Latitude>58.283123</cbml:Latitude>
                      <cbml:Longitude>14.259335</cbml:Longitude>
                      <cbml:ElevationAMSL>50.0</cbml:ElevationAMSL>
                    </cbml:SpecificPoint>
                  </cbml:GDC>
                </cbml:PointLight>
              </cbml:LocationLight>
            </cbml:AtWhere>
          </cbml:ControlMeasure>
          <cbml:ControlMeasure>
            <cbml:RouteWhereLight>
              <cbml:SpecificRoute>
                <cbml:OID>T</cbml:OID>
                <cbml:FromWhere>
                  <cbml:AtWhereRef>CCC</cbml:AtWhereRef>
                </cbml:FromWhere>
                <cbml:ViaWhere>
                  <cbml:AtWhereRef>DDD</cbml:AtWhereRef>
                </cbml:ViaWhere>
                <cbml:ViaWhere>
                  <cbml:AtWhereRef>EEE</cbml:AtWhereRef>
                </cbml:ViaWhere>
                <cbml:ToWhere>
                  <cbml:AtWhereRef>FFF</cbml:AtWhereRef>
                </cbml:ToWhere>
              </cbml:SpecificRoute>
            </cbml:RouteWhereLight>
          </cbml:ControlMeasure>
        </cbml:ControlMeasures-->
      </cbml:Execution>
      <!--bml:TaskOrganization>
        <cbml:OID>NATO Brigade</cbml:OID>
      </cbml:TaskOrganization-->
    </cbml:Order>
  </cbml:Body>
</cbml:CBMLOrder>