<?xml version="1.0" encoding="UTF-8"?>
<DEFECTS>
  <DEFECT>
    <SFA>
      <FILEPATH>C:\Users\c2sim\Desktop\C2SIM archive\c2simVRFinterfacev2.24\xercesc\util\</FILEPATH>
      <FILENAME>XMLException.hpp</FILENAME>
      <LINE>142</LINE>
      <COLUMN>4</COLUMN>
    </SFA>
    <DEFECTCODE>26812</DEFECTCODE>
    <DESCRIPTION>The enum type 'xercesc_3_1::XMLExcepts::Codes' is unscoped. Prefer 'enum class' over 'enum' (Enum.3).</DESCRIPTION>
    <FUNCTION>xercesc_3_1::XMLException::getCode</FUNCTION>
    <DECORATED>?getCode@XMLException@xercesc_3_1@@QEBA?AW4Codes@XMLExcepts@2@XZ</DECORATED>
    <FUNCLINE>140</FUNCLINE>
    <PATH></PATH>
  </DEFECT>
  <DEFECT>
    <SFA>
      <FILEPATH>C:\Users\c2sim\Desktop\C2SIM archive\c2simVRFinterfacev2.24\xercesc\util\</FILEPATH>
      <FILENAME>XMLException.hpp</FILENAME>
      <LINE>165</LINE>
      <COLUMN>7</COLUMN>
    </SFA>
    <DEFECTCODE>26812</DEFECTCODE>
    <DESCRIPTION>The enum type 'xercesc_3_1::XMLErrorReporter::ErrTypes' is unscoped. Prefer 'enum class' over 'enum' (Enum.3).</DESCRIPTION>
    <FUNCTION>xercesc_3_1::XMLException::getErrorType</FUNCTION>
    <DECORATED>?getErrorType@XMLException@xercesc_3_1@@QEBA?AW4ErrTypes@XMLErrorReporter@2@XZ</DECORATED>
    <FUNCLINE>162</FUNCLINE>
    <PATH></PATH>
  </DEFECT>
  <DEFECT>
    <SFA>
      <FILEPATH>C:\Users\c2sim\Desktop\C2SIM archive\c2simVRFinterfacev2.24\xercesc\internal\</FILEPATH>
      <FILENAME>XSerializeEngine.hpp</FILENAME>
      <LINE>793</LINE>
      <COLUMN>22</COLUMN>
    </SFA>
    <DEFECTCODE>26451</DEFECTCODE>
    <DESCRIPTION>Arithmetic overflow: Using operator '-' on a 4 byte value and then casting the result to a 8 byte value. Cast the value to the wider type before calling operator '-' to avoid overflow (io.2).</DESCRIPTION>
    <FUNCTION>xercesc_3_1::XSerializeEngine::getBufCurAccumulated</FUNCTION>
    <DECORATED>?getBufCurAccumulated@XSerializeEngine@xercesc_3_1@@QEBA_KXZ</DECORATED>
    <FUNCLINE>791</FUNCLINE>
    <PATH></PATH>
  </DEFECT>
  <DEFECT>
    <SFA>
      <FILEPATH>C:\Users\c2sim\Desktop\C2SIM archive\c2simVRFinterfacev2.24\xercesc\framework\</FILEPATH>
      <FILENAME>XMLAttDef.hpp</FILENAME>
      <LINE>454</LINE>
      <COLUMN>4</COLUMN>
    </SFA>
    <DEFECTCODE>26812</DEFECTCODE>
    <DESCRIPTION>The enum type 'xercesc_3_1::XMLAttDef::DefAttTypes' is unscoped. Prefer 'enum class' over 'enum' (Enum.3).</DESCRIPTION>
    <FUNCTION>xercesc_3_1::XMLAttDef::getDefaultType</FUNCTION>
    <DECORATED>?getDefaultType@XMLAttDef@xercesc_3_1@@QEBA?AW4DefAttTypes@12@XZ</DECORATED>
    <FUNCLINE>452</FUNCLINE>
    <PATH></PATH>
  </DEFECT>
  <DEFECT>
    <SFA>
      <FILEPATH>C:\Users\c2sim\Desktop\C2SIM archive\c2simVRFinterfacev2.24\xercesc\framework\</FILEPATH>
      <FILENAME>XMLAttDef.hpp</FILENAME>
      <LINE>469</LINE>
      <COLUMN>4</COLUMN>
    </SFA>
    <DEFECTCODE>26812</DEFECTCODE>
    <DESCRIPTION>The enum type 'xercesc_3_1::XMLAttDef::AttTypes' is unscoped. Prefer 'enum class' over 'enum' (Enum.3).</DESCRIPTION>
    <FUNCTION>xercesc_3_1::XMLAttDef::getType</FUNCTION>
    <DECORATED>?getType@XMLAttDef@xercesc_3_1@@QEBA?AW4AttTypes@12@XZ</DECORATED>
    <FUNCLINE>467</FUNCLINE>
    <PATH></PATH>
  </DEFECT>
  <DEFECT>
    <SFA>
      <FILEPATH>C:\Users\c2sim\Desktop\C2SIM archive\c2simVRFinterfacev2.24\xercesc\framework\</FILEPATH>
      <FILENAME>XMLAttDef.hpp</FILENAME>
      <LINE>479</LINE>
      <COLUMN>4</COLUMN>
    </SFA>
    <DEFECTCODE>26812</DEFECTCODE>
    <DESCRIPTION>The enum type 'xercesc_3_1::XMLAttDef::CreateReasons' is unscoped. Prefer 'enum class' over 'enum' (Enum.3).</DESCRIPTION>
    <FUNCTION>xercesc_3_1::XMLAttDef::getCreateReason</FUNCTION>
    <DECORATED>?getCreateReason@XMLAttDef@xercesc_3_1@@QEBA?AW4CreateReasons@12@XZ</DECORATED>
    <FUNCLINE>477</FUNCLINE>
    <PATH></PATH>
  </DEFECT>
  <DEFECT>
    <SFA>
      <FILEPATH>C:\Users\c2sim\Desktop\C2SIM archive\c2simVRFinterfacev2.24\xercesc\util\regx\</FILEPATH>
      <FILENAME>Op.hpp</FILENAME>
      <LINE>279</LINE>
      <COLUMN>4</COLUMN>
    </SFA>
    <DEFECTCODE>26812</DEFECTCODE>
    <DESCRIPTION>The enum type 'xercesc_3_1::Op::opType' is unscoped. Prefer 'enum class' over 'enum' (Enum.3).</DESCRIPTION>
    <FUNCTION>xercesc_3_1::Op::getOpType</FUNCTION>
    <DECORATED>?getOpType@Op@xercesc_3_1@@QEBA?AW4opType@12@XZ</DECORATED>
    <FUNCLINE>277</FUNCLINE>
    <PATH></PATH>
  </DEFECT>
  <DEFECT>
    <SFA>
      <FILEPATH>C:\Users\c2sim\Desktop\C2SIM archive\c2simVRFinterfacev2.24\xercesc\util\regx\</FILEPATH>
      <FILENAME>Token.hpp</FILENAME>
      <LINE>150</LINE>
      <COLUMN>4</COLUMN>
    </SFA>
    <DEFECTCODE>26812</DEFECTCODE>
    <DESCRIPTION>The enum type 'xercesc_3_1::Token::tokType' is unscoped. Prefer 'enum class' over 'enum' (Enum.3).</DESCRIPTION>
    <FUNCTION>xercesc_3_1::Token::getTokenType</FUNCTION>
    <DECORATED>?getTokenType@Token@xercesc_3_1@@QEBA?AW4tokType@12@XZ</DECORATED>
    <FUNCLINE>148</FUNCLINE>
    <PATH></PATH>
  </DEFECT>
  <DEFECT>
    <SFA>
      <FILEPATH>C:\Users\c2sim\Desktop\C2SIM archive\c2simVRFinterfacev2.24\xercesc\framework\psvi\</FILEPATH>
      <FILENAME>XSObject.hpp</FILENAME>
      <LINE>147</LINE>
      <COLUMN>4</COLUMN>
    </SFA>
    <DEFECTCODE>26812</DEFECTCODE>
    <DESCRIPTION>The enum type 'xercesc_3_1::XSConstants::COMPONENT_TYPE' is unscoped. Prefer 'enum class' over 'enum' (Enum.3).</DESCRIPTION>
    <FUNCTION>xercesc_3_1::XSObject::getType</FUNCTION>
    <DECORATED>?getType@XSObject@xercesc_3_1@@QEBA?AW4COMPONENT_TYPE@XSConstants@2@XZ</DECORATED>
    <FUNCLINE>145</FUNCLINE>
    <PATH></PATH>
  </DEFECT>
  <DEFECT>
    <SFA>
      <FILEPATH>C:\Users\c2sim\Desktop\C2SIM archive\c2simVRFinterfacev2.24\xercesc\framework\psvi\</FILEPATH>
      <FILENAME>XSTypeDefinition.hpp</FILENAME>
      <LINE>203</LINE>
      <COLUMN>4</COLUMN>
    </SFA>
    <DEFECTCODE>26812</DEFECTCODE>
    <DESCRIPTION>The enum type 'xercesc_3_1::XSTypeDefinition::TYPE_CATEGORY' is unscoped. Prefer 'enum class' over 'enum' (Enum.3).</DESCRIPTION>
    <FUNCTION>xercesc_3_1::XSTypeDefinition::getTypeCategory</FUNCTION>
    <DECORATED>?getTypeCategory@XSTypeDefinition@xercesc_3_1@@QEBA?AW4TYPE_CATEGORY@12@XZ</DECORATED>
    <FUNCLINE>201</FUNCLINE>
    <PATH></PATH>
  </DEFECT>
  <DEFECT>
    <SFA>
      <FILEPATH>C:\Users\c2sim\Desktop\C2SIM archive\c2simVRFinterfacev2.24\xercesc\framework\psvi\</FILEPATH>
      <FILENAME>XSSimpleTypeDefinition.hpp</FILENAME>
      <LINE>390</LINE>
      <COLUMN>4</COLUMN>
    </SFA>
    <DEFECTCODE>26812</DEFECTCODE>
    <DESCRIPTION>The enum type 'xercesc_3_1::XSSimpleTypeDefinition::VARIETY' is unscoped. Prefer 'enum class' over 'enum' (Enum.3).</DESCRIPTION>
    <FUNCTION>xercesc_3_1::XSSimpleTypeDefinition::getVariety</FUNCTION>
    <DECORATED>?getVariety@XSSimpleTypeDefinition@xercesc_3_1@@QEBA?AW4VARIETY@12@XZ</DECORATED>
    <FUNCLINE>388</FUNCLINE>
    <PATH></PATH>
  </DEFECT>
  <DEFECT>
    <SFA>
      <FILEPATH>C:\Users\c2sim\Desktop\C2SIM archive\c2simVRFinterfacev2.24\xercesc\validators\datatype\</FILEPATH>
      <FILENAME>DatatypeValidator.hpp</FILENAME>
      <LINE>578</LINE>
      <COLUMN>4</COLUMN>
    </SFA>
    <DEFECTCODE>26812</DEFECTCODE>
    <DESCRIPTION>The enum type 'xercesc_3_1::DatatypeValidator::ValidatorType' is unscoped. Prefer 'enum class' over 'enum' (Enum.3).</DESCRIPTION>
    <FUNCTION>xercesc_3_1::DatatypeValidator::getType</FUNCTION>
    <DECORATED>?getType@DatatypeValidator@xercesc_3_1@@QEBA?AW4ValidatorType@12@XZ</DECORATED>
    <FUNCLINE>576</FUNCLINE>
    <PATH></PATH>
  </DEFECT>
  <DEFECT>
    <SFA>
      <FILEPATH>C:\Users\c2sim\Desktop\C2SIM archive\c2simVRFinterfacev2.24\xercesc\validators\datatype\</FILEPATH>
      <FILENAME>DatatypeValidator.hpp</FILENAME>
      <LINE>628</LINE>
      <COLUMN>4</COLUMN>
    </SFA>
    <DEFECTCODE>26812</DEFECTCODE>
    <DESCRIPTION>The enum type 'xercesc_3_1::XSSimpleTypeDefinition::ORDERING' is unscoped. Prefer 'enum class' over 'enum' (Enum.3).</DESCRIPTION>
    <FUNCTION>xercesc_3_1::DatatypeValidator::getOrdered</FUNCTION>
    <DECORATED>?getOrdered@DatatypeValidator@xercesc_3_1@@QEBA?AW4ORDERING@XSSimpleTypeDefinition@2@XZ</DECORATED>
    <FUNCLINE>626</FUNCLINE>
    <PATH></PATH>
  </DEFECT>
  <DEFECT>
    <SFA>
      <FILEPATH>C:\Users\c2sim\Desktop\C2SIM archive\c2simVRFinterfacev2.24\xercesc\framework\</FILEPATH>
      <FILENAME>XMLElementDecl.hpp</FILENAME>
      <LINE>505</LINE>
      <COLUMN>4</COLUMN>
    </SFA>
    <DEFECTCODE>26812</DEFECTCODE>
    <DESCRIPTION>The enum type 'xercesc_3_1::XMLElementDecl::CreateReasons' is unscoped. Prefer 'enum class' over 'enum' (Enum.3).</DESCRIPTION>
    <FUNCTION>xercesc_3_1::XMLElementDecl::getCreateReason</FUNCTION>
    <DECORATED>?getCreateReason@XMLElementDecl@xercesc_3_1@@QEBA?AW4CreateReasons@12@XZ</DECORATED>
    <FUNCLINE>503</FUNCLINE>
    <PATH></PATH>
  </DEFECT>
  <DEFECT>
    <SFA>
      <FILEPATH>C:\Users\c2sim\Desktop\C2SIM archive\c2simVRFinterfacev2.24\xercesc\validators\DTD\</FILEPATH>
      <FILENAME>DTDElementDecl.hpp</FILENAME>
      <LINE>233</LINE>
      <COLUMN>4</COLUMN>
    </SFA>
    <DEFECTCODE>26812</DEFECTCODE>
    <DESCRIPTION>The enum type 'xercesc_3_1::DTDElementDecl::ModelTypes' is unscoped. Prefer 'enum class' over 'enum' (Enum.3).</DESCRIPTION>
    <FUNCTION>xercesc_3_1::DTDElementDecl::getModelType</FUNCTION>
    <DECORATED>?getModelType@DTDElementDecl@xercesc_3_1@@QEBA?AW4ModelTypes@12@XZ</DECORATED>
    <FUNCLINE>231</FUNCLINE>
    <PATH></PATH>
  </DEFECT>
  <DEFECT>
    <SFA>
      <FILEPATH>C:\MAK\vrlink5.8\include\vlutil\</FILEPATH>
      <FILENAME>vlUtilTypes.inl</FILENAME>
      <LINE>14</LINE>
      <COLUMN>15</COLUMN>
    </SFA>
    <DEFECTCODE>26495</DEFECTCODE>
    <DESCRIPTION>Variable 'DtU128::ms64bits' is uninitialized. Always initialize a member variable (type.6).</DESCRIPTION>
    <FUNCTION>DtU128::{ctor}</FUNCTION>
    <DECORATED>??0DtU128@@QEAA@XZ</DECORATED>
    <FUNCLINE>14</FUNCLINE>
    <ADDITIONALINFO>
      <targetSymbol>DtU128::ms64bits</targetSymbol>
    </ADDITIONALINFO>
    <PATH></PATH>
  </DEFECT>
  <DEFECT>
    <SFA>
      <FILEPATH>C:\MAK\vrlink5.8\include\vlutil\</FILEPATH>
      <FILENAME>vlUtilTypes.inl</FILENAME>
      <LINE>14</LINE>
      <COLUMN>15</COLUMN>
    </SFA>
    <DEFECTCODE>26495</DEFECTCODE>
    <DESCRIPTION>Variable 'DtU128::ls64bits' is uninitialized. Always initialize a member variable (type.6).</DESCRIPTION>
    <FUNCTION>DtU128::{ctor}</FUNCTION>
    <DECORATED>??0DtU128@@QEAA@XZ</DECORATED>
    <FUNCLINE>14</FUNCLINE>
    <ADDITIONALINFO>
      <targetSymbol>DtU128::ls64bits</targetSymbol>
    </ADDITIONALINFO>
    <PATH></PATH>
  </DEFECT>
  <DEFECT>
    <SFA>
      <FILEPATH>C:\MAK\vrlink5.8\include\vlutil\</FILEPATH>
      <FILENAME>vlNetTypes.inl</FILENAME>
      <LINE>15</LINE>
      <COLUMN>17</COLUMN>
    </SFA>
    <DEFECTCODE>26495</DEFECTCODE>
    <DESCRIPTION>Variable 'DtNetU16::lsbyte' is uninitialized. Always initialize a member variable (type.6).</DESCRIPTION>
    <FUNCTION>DtNetU16::{ctor}</FUNCTION>
    <DECORATED>??0DtNetU16@@QEAA@G@Z</DECORATED>
    <FUNCLINE>15</FUNCLINE>
    <ADDITIONALINFO>
      <targetSymbol>DtNetU16::lsbyte</targetSymbol>
    </ADDITIONALINFO>
    <PATH></PATH>
  </DEFECT>
  <DEFECT>
    <SFA>
      <FILEPATH>C:\MAK\vrlink5.8\include\vlutil\</FILEPATH>
      <FILENAME>vlNetTypes.inl</FILENAME>
      <LINE>15</LINE>
      <COLUMN>17</COLUMN>
    </SFA>
    <DEFECTCODE>26495</DEFECTCODE>
    <DESCRIPTION>Variable 'DtNetU16::msbyte' is uninitialized. Always initialize a member variable (type.6).</DESCRIPTION>
    <FUNCTION>DtNetU16::{ctor}</FUNCTION>
    <DECORATED>??0DtNetU16@@QEAA@G@Z</DECORATED>
    <FUNCLINE>15</FUNCLINE>
    <ADDITIONALINFO>
      <targetSymbol>DtNetU16::msbyte</targetSymbol>
    </ADDITIONALINFO>
    <PATH></PATH>
  </DEFECT>
  <DEFECT>
    <SFA>
      <FILEPATH>C:\MAK\vrlink5.8\include\vlutil\</FILEPATH>
      <FILENAME>vlNetTypes.inl</FILENAME>
      <LINE>106</LINE>
      <COLUMN>19</COLUMN>
    </SFA>
    <DEFECTCODE>26495</DEFECTCODE>
    <DESCRIPTION>Variable 'DtNetInt16::msbyte' is uninitialized. Always initialize a member variable (type.6).</DESCRIPTION>
    <FUNCTION>DtNetInt16::{ctor}</FUNCTION>
    <DECORATED>??0DtNetInt16@@QEAA@AEBF@Z</DECORATED>
    <FUNCLINE>106</FUNCLINE>
    <ADDITIONALINFO>
      <targetSymbol>DtNetInt16::msbyte</targetSymbol>
    </ADDITIONALINFO>
    <PATH></PATH>
  </DEFECT>
  <DEFECT>
    <SFA>
      <FILEPATH>C:\MAK\vrlink5.8\include\vlutil\</FILEPATH>
      <FILENAME>vlNetTypes.inl</FILENAME>
      <LINE>106</LINE>
      <COLUMN>19</COLUMN>
    </SFA>
    <DEFECTCODE>26495</DEFECTCODE>
    <DESCRIPTION>Variable 'DtNetInt16::lsbyte' is uninitialized. Always initialize a member variable (type.6).</DESCRIPTION>
    <FUNCTION>DtNetInt16::{ctor}</FUNCTION>
    <DECORATED>??0DtNetInt16@@QEAA@AEBF@Z</DECORATED>
    <FUNCLINE>106</FUNCLINE>
    <ADDITIONALINFO>
      <targetSymbol>DtNetInt16::lsbyte</targetSymbol>
    </ADDITIONALINFO>
    <PATH></PATH>
  </DEFECT>
  <DEFECT>
    <SFA>
      <FILEPATH>C:\MAK\vrlink5.8\include\vlpi\</FILEPATH>
      <FILENAME>disEnums.h</FILENAME>
      <LINE>333</LINE>
      <COLUMN>48</COLUMN>
    </SFA>
    <DEFECTCODE>26812</DEFECTCODE>
    <DESCRIPTION>The enum type 'DtPduKind' is unscoped. Prefer 'enum class' over 'enum' (Enum.3).</DESCRIPTION>
    <FUNCTION></FUNCTION>
    <DECORATED></DECORATED>
    <FUNCLINE>0</FUNCLINE>
    <PATH></PATH>
  </DEFECT>
  <DEFECT>
    <SFA>
      <FILEPATH>C:\MAK\vrlink5.8\include\vlpi\</FILEPATH>
      <FILENAME>disEnums.h</FILENAME>
      <LINE>926</LINE>
      <COLUMN>59</COLUMN>
    </SFA>
    <DEFECTCODE>26812</DEFECTCODE>
    <DESCRIPTION>The enum type 'DtEncodingClass' is unscoped. Prefer 'enum class' over 'enum' (Enum.3).</DESCRIPTION>
    <FUNCTION></FUNCTION>
    <DECORATED></DECORATED>
    <FUNCLINE>0</FUNCLINE>
    <PATH></PATH>
  </DEFECT>
  <DEFECT>
    <SFA>
      <FILEPATH>C:\MAK\vrlink5.8\include\vlpi\</FILEPATH>
      <FILENAME>disEnums.h</FILENAME>
      <LINE>1128</LINE>
      <COLUMN>0</COLUMN>
    </SFA>
    <DEFECTCODE>26812</DEFECTCODE>
    <DESCRIPTION>The enum type 'DtAppearAttributeBitShift' is unscoped. Prefer 'enum class' over 'enum' (Enum.3).</DESCRIPTION>
    <FUNCTION></FUNCTION>
    <DECORATED></DECORATED>
    <FUNCLINE>0</FUNCLINE>
    <PATH></PATH>
  </DEFECT>
  <DEFECT>
    <SFA>
      <FILEPATH>C:\MAK\vrlink5.8\include\vlpi\</FILEPATH>
      <FILENAME>disEnums.h</FILENAME>
      <LINE>1291</LINE>
      <COLUMN>0</COLUMN>
    </SFA>
    <DEFECTCODE>26812</DEFECTCODE>
    <DESCRIPTION>The enum type 'DtAppearAttribute' is unscoped. Prefer 'enum class' over 'enum' (Enum.3).</DESCRIPTION>
    <FUNCTION></FUNCTION>
    <DECORATED></DECORATED>
    <FUNCLINE>0</FUNCLINE>
    <PATH></PATH>
  </DEFECT>
  <DEFECT>
    <SFA>
      <FILEPATH>C:\MAK\vrlink5.8\include\vlpi\</FILEPATH>
      <FILENAME>disEnums.h</FILENAME>
      <LINE>1430</LINE>
      <COLUMN>0</COLUMN>
    </SFA>
    <DEFECTCODE>26812</DEFECTCODE>
    <DESCRIPTION>The enum type 'DtAppearAttrVal' is unscoped. Prefer 'enum class' over 'enum' (Enum.3).</DESCRIPTION>
    <FUNCTION></FUNCTION>
    <DECORATED></DECORATED>
    <FUNCLINE>0</FUNCLINE>
    <PATH></PATH>
  </DEFECT>
  <DEFECT>
    <SFA>
      <FILEPATH>C:\MAK\vrlink5.8\include\vlpi\</FILEPATH>
      <FILENAME>disEnums.h</FILENAME>
      <LINE>1690</LINE>
      <COLUMN>52</COLUMN>
    </SFA>
    <DEFECTCODE>26812</DEFECTCODE>
    <DESCRIPTION>The enum type 'DtLightType' is unscoped. Prefer 'enum class' over 'enum' (Enum.3).</DESCRIPTION>
    <FUNCTION></FUNCTION>
    <DECORATED></DECORATED>
    <FUNCLINE>0</FUNCLINE>
    <PATH></PATH>
  </DEFECT>
  <DEFECT>
    <SFA>
      <FILEPATH>C:\MAK\vrlink5.8\include\vlutil\</FILEPATH>
      <FILENAME>vlHashKeys.h</FILENAME>
      <LINE>66</LINE>
      <COLUMN>46</COLUMN>
    </SFA>
    <DEFECTCODE>26812</DEFECTCODE>
    <DESCRIPTION>The enum type 'DtHashKeyType' is unscoped. Prefer 'enum class' over 'enum' (Enum.3).</DESCRIPTION>
    <FUNCTION>DtBaseHashKey::hashKeyType</FUNCTION>
    <DECORATED>?hashKeyType@DtBaseHashKey@@UEBA?AW4DtHashKeyType@@XZ</DECORATED>
    <FUNCLINE>66</FUNCLINE>
    <PATH></PATH>
  </DEFECT>
  <DEFECT>
    <SFA>
      <FILEPATH>C:\MAK\vrlink5.8\include\boost_1_55\exception\</FILEPATH>
      <FILENAME>exception.hpp</FILENAME>
      <LINE>168</LINE>
      <COLUMN>13</COLUMN>
    </SFA>
    <DEFECTCODE>26439</DEFECTCODE>
    <DESCRIPTION>This kind of function may not throw. Declare it 'noexcept' (f.6).</DESCRIPTION>
    <FUNCTION>boost_1_55::exception_detail::error_info_container::{dtor}</FUNCTION>
    <DECORATED>??1error_info_container@exception_detail@boost_1_55@@IEAA@XZ</DECORATED>
    <FUNCLINE>168</FUNCLINE>
    <PATH></PATH>
  </DEFECT>
  <DEFECT>
    <SFA>
      <FILEPATH>C:\MAK\vrlink5.8\include\boost_1_55\exception\</FILEPATH>
      <FILENAME>exception.hpp</FILENAME>
      <LINE>276</LINE>
      <COLUMN>5</COLUMN>
    </SFA>
    <DEFECTCODE>26439</DEFECTCODE>
    <DESCRIPTION>This kind of function may not throw. Declare it 'noexcept' (f.6).</DESCRIPTION>
    <FUNCTION>boost_1_55::exception::{dtor}</FUNCTION>
    <DECORATED>??1exception@boost_1_55@@MEAA@XZ</DECORATED>
    <FUNCLINE>276</FUNCLINE>
    <PATH></PATH>
  </DEFECT>
  <DEFECT>
    <SFA>
      <FILEPATH>C:\MAK\vrlink5.8\include\boost_1_55\exception\</FILEPATH>
      <FILENAME>exception.hpp</FILENAME>
      <LINE>400</LINE>
      <COLUMN>13</COLUMN>
    </SFA>
    <DEFECTCODE>26439</DEFECTCODE>
    <DESCRIPTION>This kind of function may not throw. Declare it 'noexcept' (f.6).</DESCRIPTION>
    <FUNCTION>boost_1_55::exception_detail::clone_base::{dtor}</FUNCTION>
    <DECORATED>??1clone_base@exception_detail@boost_1_55@@UEAA@XZ</DECORATED>
    <FUNCLINE>400</FUNCLINE>
    <PATH></PATH>
  </DEFECT>
  <DEFECT>
    <SFA>
      <FILEPATH>C:\MAK\vrlink5.8\include\boost_1_55\smart_ptr\detail\</FILEPATH>
      <FILENAME>shared_count.hpp</FILENAME>
      <LINE>387</LINE>
      <COLUMN>4</COLUMN>
    </SFA>
    <DEFECTCODE>26439</DEFECTCODE>
    <DESCRIPTION>This kind of function may not throw. Declare it 'noexcept' (f.6).</DESCRIPTION>
    <FUNCTION>boost_1_55::detail::shared_count::{ctor}</FUNCTION>
    <DECORATED>??0shared_count@detail@boost_1_55@@QEAA@$$QEAV012@@Z</DECORATED>
    <FUNCLINE>387</FUNCLINE>
    <PATH></PATH>
  </DEFECT>
  <DEFECT>
    <SFA>
      <FILEPATH>C:\MAK\vrlink5.8\include\boost_1_55\smart_ptr\detail\</FILEPATH>
      <FILENAME>shared_count.hpp</FILENAME>
      <LINE>499</LINE>
      <COLUMN>4</COLUMN>
    </SFA>
    <DEFECTCODE>26439</DEFECTCODE>
    <DESCRIPTION>This kind of function may not throw. Declare it 'noexcept' (f.6).</DESCRIPTION>
    <FUNCTION>boost_1_55::detail::weak_count::{ctor}</FUNCTION>
    <DECORATED>??0weak_count@detail@boost_1_55@@QEAA@$$QEAV012@@Z</DECORATED>
    <FUNCLINE>499</FUNCLINE>
    <PATH></PATH>
  </DEFECT>
  <DEFECT>
    <SFA>
      <FILEPATH>C:\MAK\vrlink5.8\include\vlutil\</FILEPATH>
      <FILENAME>vlFedTargetTypes.h</FILENAME>
      <LINE>83</LINE>
      <COLUMN>22</COLUMN>
    </SFA>
    <DEFECTCODE>26812</DEFECTCODE>
    <DESCRIPTION>The enum type 'DtCapabilityType' is unscoped. Prefer 'enum class' over 'enum' (Enum.3).</DESCRIPTION>
    <FUNCTION>DtSynchronizationPointsType::{ctor}</FUNCTION>
    <DECORATED>??0DtSynchronizationPointsType@@QEAA@XZ</DECORATED>
    <FUNCLINE>80</FUNCLINE>
    <PATH></PATH>
  </DEFECT>
  <DEFECT>
    <SFA>
      <FILEPATH>C:\MAK\vrlink5.8\include\vlutil\</FILEPATH>
      <FILENAME>vlFedTargetTypes.h</FILENAME>
      <LINE>209</LINE>
      <COLUMN>18</COLUMN>
    </SFA>
    <DEFECTCODE>26812</DEFECTCODE>
    <DESCRIPTION>The enum type 'DtEndianness' is unscoped. Prefer 'enum class' over 'enum' (Enum.3).</DESCRIPTION>
    <FUNCTION>DtBasicDataRepresentationType::{ctor}</FUNCTION>
    <DECORATED>??0DtBasicDataRepresentationType@@QEAA@XZ</DECORATED>
    <FUNCLINE>205</FUNCLINE>
    <PATH></PATH>
  </DEFECT>
  <DEFECT>
    <SFA>
      <FILEPATH>C:\MAK\vrforces5.0.1\include\boost\exception\</FILEPATH>
      <FILENAME>exception.hpp</FILENAME>
      <LINE>173</LINE>
      <COLUMN>13</COLUMN>
    </SFA>
    <DEFECTCODE>26439</DEFECTCODE>
    <DESCRIPTION>This kind of function may not throw. Declare it 'noexcept' (f.6).</DESCRIPTION>
    <FUNCTION>boost::exception_detail::error_info_container::{dtor}</FUNCTION>
    <DECORATED>??1error_info_container@exception_detail@boost@@IEAA@XZ</DECORATED>
    <FUNCLINE>173</FUNCLINE>
    <PATH></PATH>
  </DEFECT>
  <DEFECT>
    <SFA>
      <FILEPATH>C:\MAK\vrforces5.0.1\include\boost\exception\</FILEPATH>
      <FILENAME>exception.hpp</FILENAME>
      <LINE>304</LINE>
      <COLUMN>5</COLUMN>
    </SFA>
    <DEFECTCODE>26439</DEFECTCODE>
    <DESCRIPTION>This kind of function may not throw. Declare it 'noexcept' (f.6).</DESCRIPTION>
    <FUNCTION>boost::exception::{dtor}</FUNCTION>
    <DECORATED>??1exception@boost@@MEAA@XZ</DECORATED>
    <FUNCLINE>304</FUNCLINE>
    <PATH></PATH>
  </DEFECT>
  <DEFECT>
    <SFA>
      <FILEPATH>C:\MAK\vrforces5.0.1\include\boost\exception\</FILEPATH>
      <FILENAME>exception.hpp</FILENAME>
      <LINE>428</LINE>
      <COLUMN>13</COLUMN>
    </SFA>
    <DEFECTCODE>26439</DEFECTCODE>
    <DESCRIPTION>This kind of function may not throw. Declare it 'noexcept' (f.6).</DESCRIPTION>
    <FUNCTION>boost::exception_detail::clone_base::{dtor}</FUNCTION>
    <DECORATED>??1clone_base@exception_detail@boost@@UEAA@XZ</DECORATED>
    <FUNCLINE>428</FUNCLINE>
    <PATH></PATH>
  </DEFECT>
  <DEFECT>
    <SFA>
      <FILEPATH>C:\MAK\vrforces5.0.1\include\boost\function\</FILEPATH>
      <FILENAME>function_base.hpp</FILENAME>
      <LINE>598</LINE>
      <COLUMN>2</COLUMN>
    </SFA>
    <DEFECTCODE>26495</DEFECTCODE>
    <DESCRIPTION>Variable 'boost::function_base::functor' is uninitialized. Always initialize a member variable (type.6).</DESCRIPTION>
    <FUNCTION>boost::function_base::{ctor}</FUNCTION>
    <DECORATED>??0function_base@boost@@QEAA@XZ</DECORATED>
    <FUNCLINE>598</FUNCLINE>
    <ADDITIONALINFO>
      <targetSymbol>boost::function_base::functor</targetSymbol>
    </ADDITIONALINFO>
    <PATH></PATH>
  </DEFECT>
  <DEFECT>
    <SFA>
      <FILEPATH>C:\MAK\vrforces5.0.1\include\boost\smart_ptr\detail\</FILEPATH>
      <FILENAME>shared_count.hpp</FILENAME>
      <LINE>489</LINE>
      <COLUMN>4</COLUMN>
    </SFA>
    <DEFECTCODE>26439</DEFECTCODE>
    <DESCRIPTION>This kind of function may not throw. Declare it 'noexcept' (f.6).</DESCRIPTION>
    <FUNCTION>boost::detail::shared_count::{ctor}</FUNCTION>
    <DECORATED>??0shared_count@detail@boost@@QEAA@$$QEAV012@@Z</DECORATED>
    <FUNCLINE>489</FUNCLINE>
    <PATH></PATH>
  </DEFECT>
  <DEFECT>
    <SFA>
      <FILEPATH>C:\MAK\vrforces5.0.1\include\boost\smart_ptr\detail\</FILEPATH>
      <FILENAME>shared_count.hpp</FILENAME>
      <LINE>601</LINE>
      <COLUMN>4</COLUMN>
    </SFA>
    <DEFECTCODE>26439</DEFECTCODE>
    <DESCRIPTION>This kind of function may not throw. Declare it 'noexcept' (f.6).</DESCRIPTION>
    <FUNCTION>boost::detail::weak_count::{ctor}</FUNCTION>
    <DECORATED>??0weak_count@detail@boost@@QEAA@$$QEAV012@@Z</DECORATED>
    <FUNCLINE>601</FUNCLINE>
    <PATH></PATH>
  </DEFECT>
  <DEFECT>
    <SFA>
      <FILEPATH>C:\MAK\vrforces5.0.1\include\tbb\</FILEPATH>
      <FILENAME>tbb_profiling.h</FILENAME>
      <LINE>242</LINE>
      <COLUMN>20</COLUMN>
    </SFA>
    <DEFECTCODE>26812</DEFECTCODE>
    <DESCRIPTION>The enum type 'tbb::internal::notify_type' is unscoped. Prefer 'enum class' over 'enum' (Enum.3).</DESCRIPTION>
    <FUNCTION>tbb::internal::call_itt_notify</FUNCTION>
    <DECORATED>?call_itt_notify@internal@tbb@@YAXW4notify_type@12@PEAX@Z</DECORATED>
    <FUNCLINE>242</FUNCLINE>
    <PATH></PATH>
  </DEFECT>
  <DEFECT>
    <SFA>
      <FILEPATH>C:\MAK\vrforces5.0.1\include\boost\uuid\</FILEPATH>
      <FILENAME>uuid.hpp</FILENAME>
      <LINE>105</LINE>
      <COLUMN>12</COLUMN>
    </SFA>
    <DEFECTCODE>26812</DEFECTCODE>
    <DESCRIPTION>The enum type 'boost::uuids::uuid::variant_type' is unscoped. Prefer 'enum class' over 'enum' (Enum.3).</DESCRIPTION>
    <FUNCTION>boost::uuids::uuid::variant</FUNCTION>
    <DECORATED>?variant@uuid@uuids@boost@@QEBA?AW4variant_type@123@XZ</DECORATED>
    <FUNCLINE>97</FUNCLINE>
    <PATH></PATH>
  </DEFECT>
  <DEFECT>
    <SFA>
      <FILEPATH>C:\MAK\vrforces5.0.1\include\boost\uuid\</FILEPATH>
      <FILENAME>uuid.hpp</FILENAME>
      <LINE>129</LINE>
      <COLUMN>12</COLUMN>
    </SFA>
    <DEFECTCODE>26812</DEFECTCODE>
    <DESCRIPTION>The enum type 'boost::uuids::uuid::version_type' is unscoped. Prefer 'enum class' over 'enum' (Enum.3).</DESCRIPTION>
    <FUNCTION>boost::uuids::uuid::version</FUNCTION>
    <DECORATED>?version@uuid@uuids@boost@@QEBA?AW4version_type@123@XZ</DECORATED>
    <FUNCLINE>123</FUNCLINE>
    <PATH></PATH>
  </DEFECT>
  <DEFECT>
    <SFA>
      <FILEPATH>C:\MAK\vrforces5.0.1\include\tbb\</FILEPATH>
      <FILENAME>recursive_mutex.h</FILENAME>
      <LINE>42</LINE>
      <COLUMN>4</COLUMN>
    </SFA>
    <DEFECTCODE>26495</DEFECTCODE>
    <DESCRIPTION>Variable 'tbb::recursive_mutex::state' is uninitialized. Always initialize a member variable (type.6).</DESCRIPTION>
    <FUNCTION>tbb::recursive_mutex::{ctor}</FUNCTION>
    <DECORATED>??0recursive_mutex@tbb@@QEAA@XZ</DECORATED>
    <FUNCLINE>42</FUNCLINE>
    <ADDITIONALINFO>
      <targetSymbol>tbb::recursive_mutex::state</targetSymbol>
    </ADDITIONALINFO>
    <PATH></PATH>
  </DEFECT>
  <DEFECT>
    <SFA>
      <FILEPATH>C:\MAK\vrforces5.0.1\include\vrfutil\</FILEPATH>
      <FILENAME>stringIntMapper.h</FILENAME>
      <LINE>83</LINE>
      <COLUMN>3</COLUMN>
    </SFA>
    <DEFECTCODE>26495</DEFECTCODE>
    <DESCRIPTION>Variable 'DtStringIntMapper::myIntToStringArray' is uninitialized. Always initialize a member variable (type.6).</DESCRIPTION>
    <FUNCTION>DtStringIntMapper::{ctor}</FUNCTION>
    <DECORATED>??0DtStringIntMapper@@IEAA@AEBV0@@Z</DECORATED>
    <FUNCLINE>83</FUNCLINE>
    <ADDITIONALINFO>
      <targetSymbol>DtStringIntMapper::myIntToStringArray</targetSymbol>
    </ADDITIONALINFO>
    <PATH></PATH>
  </DEFECT>
  <DEFECT>
    <SFA>
      <FILEPATH>C:\MAK\vrforces5.0.1\include\vrfutil\</FILEPATH>
      <FILENAME>stringIntMapper.h</FILENAME>
      <LINE>83</LINE>
      <COLUMN>3</COLUMN>
    </SFA>
    <DEFECTCODE>26495</DEFECTCODE>
    <DESCRIPTION>Variable 'DtStringIntMapper::myOffset' is uninitialized. Always initialize a member variable (type.6).</DESCRIPTION>
    <FUNCTION>DtStringIntMapper::{ctor}</FUNCTION>
    <DECORATED>??0DtStringIntMapper@@IEAA@AEBV0@@Z</DECORATED>
    <FUNCLINE>83</FUNCLINE>
    <ADDITIONALINFO>
      <targetSymbol>DtStringIntMapper::myOffset</targetSymbol>
    </ADDITIONALINFO>
    <PATH></PATH>
  </DEFECT>
  <DEFECT>
    <SFA>
      <FILEPATH>C:\MAK\vrforces5.0.1\include\vrfutil\</FILEPATH>
      <FILENAME>stringIntMapper.h</FILENAME>
      <LINE>83</LINE>
      <COLUMN>3</COLUMN>
    </SFA>
    <DEFECTCODE>26495</DEFECTCODE>
    <DESCRIPTION>Variable 'DtStringIntMapper::myStringToIntHashlist' is uninitialized. Always initialize a member variable (type.6).</DESCRIPTION>
    <FUNCTION>DtStringIntMapper::{ctor}</FUNCTION>
    <DECORATED>??0DtStringIntMapper@@IEAA@AEBV0@@Z</DECORATED>
    <FUNCLINE>83</FUNCLINE>
    <ADDITIONALINFO>
      <targetSymbol>DtStringIntMapper::myStringToIntHashlist</targetSymbol>
    </ADDITIONALINFO>
    <PATH></PATH>
  </DEFECT>
  <DEFECT>
    <SFA>
      <FILEPATH>C:\MAK\vrforces5.0.1\include\vrfutil\</FILEPATH>
      <FILENAME>stringIntMapper.h</FILENAME>
      <LINE>83</LINE>
      <COLUMN>3</COLUMN>
    </SFA>
    <DEFECTCODE>26495</DEFECTCODE>
    <DESCRIPTION>Variable 'DtStringIntMapper::myIntToStringHashlist' is uninitialized. Always initialize a member variable (type.6).</DESCRIPTION>
    <FUNCTION>DtStringIntMapper::{ctor}</FUNCTION>
    <DECORATED>??0DtStringIntMapper@@IEAA@AEBV0@@Z</DECORATED>
    <FUNCLINE>83</FUNCLINE>
    <ADDITIONALINFO>
      <targetSymbol>DtStringIntMapper::myIntToStringHashlist</targetSymbol>
    </ADDITIONALINFO>
    <PATH></PATH>
  </DEFECT>
  <DEFECT>
    <SFA>
      <FILEPATH>C:\MAK\vrforces5.0.1\include\vrfutil\</FILEPATH>
      <FILENAME>stringIntMapper.h</FILENAME>
      <LINE>83</LINE>
      <COLUMN>3</COLUMN>
    </SFA>
    <DEFECTCODE>26495</DEFECTCODE>
    <DESCRIPTION>Variable 'DtStringIntMapper::myMapSize' is uninitialized. Always initialize a member variable (type.6).</DESCRIPTION>
    <FUNCTION>DtStringIntMapper::{ctor}</FUNCTION>
    <DECORATED>??0DtStringIntMapper@@IEAA@AEBV0@@Z</DECORATED>
    <FUNCLINE>83</FUNCLINE>
    <ADDITIONALINFO>
      <targetSymbol>DtStringIntMapper::myMapSize</targetSymbol>
    </ADDITIONALINFO>
    <PATH></PATH>
  </DEFECT>
  <DEFECT>
    <SFA>
      <FILEPATH>C:\MAK\vrforces5.0.1\include\vrfutil\</FILEPATH>
      <FILENAME>stringIntMapper.h</FILENAME>
      <LINE>83</LINE>
      <COLUMN>3</COLUMN>
    </SFA>
    <DEFECTCODE>26495</DEFECTCODE>
    <DESCRIPTION>Variable 'DtStringIntMapper::myUseStringHashlist' is uninitialized. Always initialize a member variable (type.6).</DESCRIPTION>
    <FUNCTION>DtStringIntMapper::{ctor}</FUNCTION>
    <DECORATED>??0DtStringIntMapper@@IEAA@AEBV0@@Z</DECORATED>
    <FUNCLINE>83</FUNCLINE>
    <ADDITIONALINFO>
      <targetSymbol>DtStringIntMapper::myUseStringHashlist</targetSymbol>
    </ADDITIONALINFO>
    <PATH></PATH>
  </DEFECT>
  <DEFECT>
    <SFA>
      <FILEPATH>C:\MAK\vrforces5.0.1\include\vrfExtProtocol\</FILEPATH>
      <FILENAME>messageTypes.h</FILENAME>
      <LINE>21</LINE>
      <COLUMN>50</COLUMN>
    </SFA>
    <DEFECTCODE>26812</DEFECTCODE>
    <DESCRIPTION>The enum type 'DtDatumParam' is unscoped. Prefer 'enum class' over 'enum' (Enum.3).</DESCRIPTION>
    <FUNCTION></FUNCTION>
    <DECORATED></DECORATED>
    <FUNCLINE>0</FUNCLINE>
    <PATH></PATH>
  </DEFECT>
  <DEFECT>
    <SFA>
      <FILEPATH>C:\MAK\vrforces5.0.1\include\tbb\</FILEPATH>
      <FILENAME>mutex.h</FILENAME>
      <LINE>43</LINE>
      <COLUMN>4</COLUMN>
    </SFA>
    <DEFECTCODE>26495</DEFECTCODE>
    <DESCRIPTION>Variable 'tbb::mutex::state' is uninitialized. Always initialize a member variable (type.6).</DESCRIPTION>
    <FUNCTION>tbb::mutex::{ctor}</FUNCTION>
    <DECORATED>??0mutex@tbb@@QEAA@XZ</DECORATED>
    <FUNCLINE>43</FUNCLINE>
    <ADDITIONALINFO>
      <targetSymbol>tbb::mutex::state</targetSymbol>
    </ADDITIONALINFO>
    <PATH></PATH>
  </DEFECT>
  <DEFECT>
    <SFA>
      <FILEPATH>C:\MAK\vrforces5.0.1\include\tbb\</FILEPATH>
      <FILENAME>mutex.h</FILENAME>
      <LINE>226</LINE>
      <COLUMN>9</COLUMN>
    </SFA>
    <DEFECTCODE>26812</DEFECTCODE>
    <DESCRIPTION>The enum type 'tbb::mutex::state_t' is unscoped. Prefer 'enum class' over 'enum' (Enum.3).</DESCRIPTION>
    <FUNCTION>tbb::mutex::set_state</FUNCTION>
    <DECORATED>?set_state@mutex@tbb@@QEAAXW4state_t@12@@Z</DECORATED>
    <FUNCLINE>226</FUNCLINE>
    <PATH></PATH>
  </DEFECT>
  <DEFECT>
    <SFA>
      <FILEPATH>C:\MAK\vrforces5.0.1\include\boost\signals2\</FILEPATH>
      <FILENAME>connection.hpp</FILENAME>
      <LINE>241</LINE>
      <COLUMN>6</COLUMN>
    </SFA>
    <DEFECTCODE>26439</DEFECTCODE>
    <DESCRIPTION>This kind of function may not throw. Declare it 'noexcept' (f.6).</DESCRIPTION>
    <FUNCTION>boost::signals2::connection::{ctor}</FUNCTION>
    <DECORATED>??0connection@signals2@boost@@QEAA@$$QEAV012@@Z</DECORATED>
    <FUNCLINE>241</FUNCLINE>
    <PATH></PATH>
  </DEFECT>
  <DEFECT>
    <SFA>
      <FILEPATH>C:\MAK\vrforces5.0.1\include\boost\signals2\</FILEPATH>
      <FILENAME>connection.hpp</FILENAME>
      <LINE>247</LINE>
      <COLUMN>19</COLUMN>
    </SFA>
    <DEFECTCODE>26439</DEFECTCODE>
    <DESCRIPTION>This kind of function may not throw. Declare it 'noexcept' (f.6).</DESCRIPTION>
    <FUNCTION>boost::signals2::connection::=</FUNCTION>
    <DECORATED>??4connection@signals2@boost@@QEAAAEAV012@$$QEAV012@@Z</DECORATED>
    <FUNCLINE>247</FUNCLINE>
    <PATH></PATH>
  </DEFECT>
  <DEFECT>
    <SFA>
      <FILEPATH>C:\MAK\vrforces5.0.1\include\boost\signals2\</FILEPATH>
      <FILENAME>connection.hpp</FILENAME>
      <LINE>333</LINE>
      <COLUMN>6</COLUMN>
    </SFA>
    <DEFECTCODE>26439</DEFECTCODE>
    <DESCRIPTION>This kind of function may not throw. Declare it 'noexcept' (f.6).</DESCRIPTION>
    <FUNCTION>boost::signals2::scoped_connection::{ctor}</FUNCTION>
    <DECORATED>??0scoped_connection@signals2@boost@@QEAA@$$QEAV012@@Z</DECORATED>
    <FUNCLINE>333</FUNCLINE>
    <PATH></PATH>
  </DEFECT>
  <DEFECT>
    <SFA>
      <FILEPATH>C:\MAK\vrforces5.0.1\include\boost\signals2\</FILEPATH>
      <FILENAME>connection.hpp</FILENAME>
      <LINE>339</LINE>
      <COLUMN>26</COLUMN>
    </SFA>
    <DEFECTCODE>26439</DEFECTCODE>
    <DESCRIPTION>This kind of function may not throw. Declare it 'noexcept' (f.6).</DESCRIPTION>
    <FUNCTION>boost::signals2::scoped_connection::=</FUNCTION>
    <DECORATED>??4scoped_connection@signals2@boost@@QEAAAEAV012@$$QEAV012@@Z</DECORATED>
    <FUNCLINE>339</FUNCLINE>
    <PATH></PATH>
  </DEFECT>
  <DEFECT>
    <SFA>
      <FILEPATH>C:\MAK\vrforces5.0.1\include\geometry\</FILEPATH>
      <FILENAME>point.h</FILENAME>
      <LINE>164</LINE>
      <COLUMN>30</COLUMN>
    </SFA>
    <DEFECTCODE>26812</DEFECTCODE>
    <DESCRIPTION>The enum type 'DtPoint::DtPointIndex' is unscoped. Prefer 'enum class' over 'enum' (Enum.3).</DESCRIPTION>
    <FUNCTION>DtPoint::[]</FUNCTION>
    <DECORATED>??ADtPoint@@QEBAAEBNAEBW4DtPointIndex@0@@Z</DECORATED>
    <FUNCLINE>164</FUNCLINE>
    <PATH></PATH>
  </DEFECT>
  <DEFECT>
    <SFA>
      <FILEPATH>C:\MAK\vrforces5.0.1\include\vrfExtProtocol\</FILEPATH>
      <FILENAME>objectTypeEnums.h</FILENAME>
      <LINE>47</LINE>
      <COLUMN>54</COLUMN>
    </SFA>
    <DEFECTCODE>26812</DEFECTCODE>
    <DESCRIPTION>The enum type 'DtEntityKind' is unscoped. Prefer 'enum class' over 'enum' (Enum.3).</DESCRIPTION>
    <FUNCTION></FUNCTION>
    <DECORATED></DECORATED>
    <FUNCLINE>0</FUNCLINE>
    <PATH></PATH>
  </DEFECT>
  <DEFECT>
    <SFA>
      <FILEPATH>C:\Users\c2sim\Desktop\C2SIM archive\c2simVRFinterfacev2.24\</FILEPATH>
      <FILENAME>C2SIMxmlHandler.cpp</FILENAME>
      <LINE>92</LINE>
      <COLUMN>33</COLUMN>
    </SFA>
    <DEFECTCODE>26812</DEFECTCODE>
    <DESCRIPTION>The enum type 'parsingType' is unscoped. Prefer 'enum class' over 'enum' (Enum.3).</DESCRIPTION>
    <FUNCTION></FUNCTION>
    <DECORATED></DECORATED>
    <FUNCLINE>0</FUNCLINE>
    <PATH></PATH>
  </DEFECT>
  <DEFECT>
    <SFA>
      <FILEPATH>C:\Users\c2sim\Desktop\C2SIM archive\c2simVRFinterfacev2.24\</FILEPATH>
      <FILENAME>C2SIMxmlHandler.cpp</FILENAME>
      <LINE>229</LINE>
      <COLUMN>30</COLUMN>
    </SFA>
    <DEFECTCODE>26451</DEFECTCODE>
    <DESCRIPTION>Arithmetic overflow: Using operator '+' on a 4 byte value and then casting the result to a 8 byte value. Cast the value to the wider type before calling operator '+' to avoid overflow (io.2).</DESCRIPTION>
    <FUNCTION>C2SIMxmlHandler::findTotalIsoMs</FUNCTION>
    <DECORATED>?findTotalIsoMs@C2SIMxmlHandler@@QEAAHV?$basic_string@DU?$char_traits@D@std@@V?$allocator@D@2@@std@@@Z</DECORATED>
    <FUNCLINE>216</FUNCLINE>
    <PATH></PATH>
  </DEFECT>
  <DEFECT>
    <SFA>
      <FILEPATH>C:\Users\c2sim\Desktop\C2SIM archive\c2simVRFinterfacev2.24\</FILEPATH>
      <FILENAME>C2SIMxmlHandler.cpp</FILENAME>
      <LINE>235</LINE>
      <COLUMN>34</COLUMN>
    </SFA>
    <DEFECTCODE>26451</DEFECTCODE>
    <DESCRIPTION>Arithmetic overflow: Using operator '+' on a 4 byte value and then casting the result to a 8 byte value. Cast the value to the wider type before calling operator '+' to avoid overflow (io.2).</DESCRIPTION>
    <FUNCTION>C2SIMxmlHandler::findTotalIsoMs</FUNCTION>
    <DECORATED>?findTotalIsoMs@C2SIMxmlHandler@@QEAAHV?$basic_string@DU?$char_traits@D@std@@V?$allocator@D@2@@std@@@Z</DECORATED>
    <FUNCLINE>216</FUNCLINE>
    <PATH></PATH>
  </DEFECT>
  <DEFECT>
    <SFA>
      <FILEPATH>C:\Users\c2sim\Desktop\C2SIM archive\c2simVRFinterfacev2.24\</FILEPATH>
      <FILENAME>C2SIMxmlHandler.cpp</FILENAME>
      <LINE>241</LINE>
      <COLUMN>31</COLUMN>
    </SFA>
    <DEFECTCODE>26451</DEFECTCODE>
    <DESCRIPTION>Arithmetic overflow: Using operator '+' on a 4 byte value and then casting the result to a 8 byte value. Cast the value to the wider type before calling operator '+' to avoid overflow (io.2).</DESCRIPTION>
    <FUNCTION>C2SIMxmlHandler::findTotalIsoMs</FUNCTION>
    <DECORATED>?findTotalIsoMs@C2SIMxmlHandler@@QEAAHV?$basic_string@DU?$char_traits@D@std@@V?$allocator@D@2@@std@@@Z</DECORATED>
    <FUNCLINE>216</FUNCLINE>
    <PATH></PATH>
  </DEFECT>
  <DEFECT>
    <SFA>
      <FILEPATH>C:\Users\c2sim\Desktop\C2SIM archive\c2simVRFinterfacev2.24\</FILEPATH>
      <FILENAME>C2SIMxmlHandler.cpp</FILENAME>
      <LINE>247</LINE>
      <COLUMN>30</COLUMN>
    </SFA>
    <DEFECTCODE>26451</DEFECTCODE>
    <DESCRIPTION>Arithmetic overflow: Using operator '+' on a 4 byte value and then casting the result to a 8 byte value. Cast the value to the wider type before calling operator '+' to avoid overflow (io.2).</DESCRIPTION>
    <FUNCTION>C2SIMxmlHandler::findTotalIsoMs</FUNCTION>
    <DECORATED>?findTotalIsoMs@C2SIMxmlHandler@@QEAAHV?$basic_string@DU?$char_traits@D@std@@V?$allocator@D@2@@std@@@Z</DECORATED>
    <FUNCLINE>216</FUNCLINE>
    <PATH></PATH>
  </DEFECT>
  <DEFECT>
    <SFA>
      <FILEPATH>C:\Users\c2sim\Desktop\C2SIM archive\c2simVRFinterfacev2.24\</FILEPATH>
      <FILENAME>C2SIMxmlHandler.cpp</FILENAME>
      <LINE>253</LINE>
      <COLUMN>32</COLUMN>
    </SFA>
    <DEFECTCODE>26451</DEFECTCODE>
    <DESCRIPTION>Arithmetic overflow: Using operator '+' on a 4 byte value and then casting the result to a 8 byte value. Cast the value to the wider type before calling operator '+' to avoid overflow (io.2).</DESCRIPTION>
    <FUNCTION>C2SIMxmlHandler::findTotalIsoMs</FUNCTION>
    <DECORATED>?findTotalIsoMs@C2SIMxmlHandler@@QEAAHV?$basic_string@DU?$char_traits@D@std@@V?$allocator@D@2@@std@@@Z</DECORATED>
    <FUNCLINE>216</FUNCLINE>
    <PATH></PATH>
  </DEFECT>
  <DEFECT>
    <SFA>
      <FILEPATH>C:\Users\c2sim\Desktop\C2SIM archive\c2simVRFinterfacev2.24\</FILEPATH>
      <FILENAME>C2SIMxmlHandler.h</FILENAME>
      <LINE>87</LINE>
      <COLUMN>0</COLUMN>
    </SFA>
    <DEFECTCODE>26495</DEFECTCODE>
    <DESCRIPTION>Variable 'Unit::createdObject' is uninitialized. Always initialize a member variable (type.6).</DESCRIPTION>
    <FUNCTION>Unit::{ctor}</FUNCTION>
    <DECORATED>??0Unit@@QEAA@XZ</DECORATED>
    <FUNCLINE>87</FUNCLINE>
    <ADDITIONALINFO>
      <targetSymbol>Unit::createdObject</targetSymbol>
    </ADDITIONALINFO>
    <PATH></PATH>
  </DEFECT>
  <DEFECT>
    <SFA>
      <FILEPATH>C:\Users\c2sim\Desktop\C2SIM archive\c2simVRFinterfacev2.24\</FILEPATH>
      <FILENAME>C2SIMxmlHandler.h</FILENAME>
      <LINE>87</LINE>
      <COLUMN>0</COLUMN>
    </SFA>
    <DEFECTCODE>26495</DEFECTCODE>
    <DESCRIPTION>Variable 'Unit::vrfObjectHasBeenCreated' is uninitialized. Always initialize a member variable (type.6).</DESCRIPTION>
    <FUNCTION>Unit::{ctor}</FUNCTION>
    <DECORATED>??0Unit@@QEAA@XZ</DECORATED>
    <FUNCLINE>87</FUNCLINE>
    <ADDITIONALINFO>
      <targetSymbol>Unit::vrfObjectHasBeenCreated</targetSymbol>
    </ADDITIONALINFO>
    <PATH></PATH>
  </DEFECT>
  <DEFECT>
    <SFA>
      <FILEPATH>C:\Users\c2sim\Desktop\C2SIM archive\c2simVRFinterfacev2.24\</FILEPATH>
      <FILENAME>C2SIMxmlHandler.h</FILENAME>
      <LINE>87</LINE>
      <COLUMN>0</COLUMN>
    </SFA>
    <DEFECTCODE>26495</DEFECTCODE>
    <DESCRIPTION>Variable 'Unit::routeIsComplete' is uninitialized. Always initialize a member variable (type.6).</DESCRIPTION>
    <FUNCTION>Unit::{ctor}</FUNCTION>
    <DECORATED>??0Unit@@QEAA@XZ</DECORATED>
    <FUNCLINE>87</FUNCLINE>
    <ADDITIONALINFO>
      <targetSymbol>Unit::routeIsComplete</targetSymbol>
    </ADDITIONALINFO>
    <PATH></PATH>
  </DEFECT>
  <DEFECT>
    <SFA>
      <FILEPATH>C:\Users\c2sim\Desktop\C2SIM archive\c2simVRFinterfacev2.24\</FILEPATH>
      <FILENAME>C2SIMxmlHandler.h</FILENAME>
      <LINE>87</LINE>
      <COLUMN>0</COLUMN>
    </SFA>
    <DEFECTCODE>26495</DEFECTCODE>
    <DESCRIPTION>Variable 'Unit::taskIsComplete' is uninitialized. Always initialize a member variable (type.6).</DESCRIPTION>
    <FUNCTION>Unit::{ctor}</FUNCTION>
    <DECORATED>??0Unit@@QEAA@XZ</DECORATED>
    <FUNCLINE>87</FUNCLINE>
    <ADDITIONALINFO>
      <targetSymbol>Unit::taskIsComplete</targetSymbol>
    </ADDITIONALINFO>
    <PATH></PATH>
  </DEFECT>
  <DEFECT>
    <SFA>
      <FILEPATH>C:\Users\c2sim\Desktop\C2SIM archive\c2simVRFinterfacev2.24\</FILEPATH>
      <FILENAME>C2SIMxmlHandler.h</FILENAME>
      <LINE>87</LINE>
      <COLUMN>0</COLUMN>
    </SFA>
    <DEFECTCODE>26495</DEFECTCODE>
    <DESCRIPTION>Variable 'Unit::vrfUuidInitCount' is uninitialized. Always initialize a member variable (type.6).</DESCRIPTION>
    <FUNCTION>Unit::{ctor}</FUNCTION>
    <DECORATED>??0Unit@@QEAA@XZ</DECORATED>
    <FUNCLINE>87</FUNCLINE>
    <ADDITIONALINFO>
      <targetSymbol>Unit::vrfUuidInitCount</targetSymbol>
    </ADDITIONALINFO>
    <PATH></PATH>
  </DEFECT>
  <DEFECT>
    <SFA>
      <FILEPATH>C:\Users\c2sim\Desktop\C2SIM archive\c2simVRFinterfacev2.24\</FILEPATH>
      <FILENAME>C2SIMxmlHandler.h</FILENAME>
      <LINE>87</LINE>
      <COLUMN>0</COLUMN>
    </SFA>
    <DEFECTCODE>26495</DEFECTCODE>
    <DESCRIPTION>Variable 'Unit::numberOfVehicles' is uninitialized. Always initialize a member variable (type.6).</DESCRIPTION>
    <FUNCTION>Unit::{ctor}</FUNCTION>
    <DECORATED>??0Unit@@QEAA@XZ</DECORATED>
    <FUNCLINE>87</FUNCLINE>
    <ADDITIONALINFO>
      <targetSymbol>Unit::numberOfVehicles</targetSymbol>
    </ADDITIONALINFO>
    <PATH></PATH>
  </DEFECT>
  <DEFECT>
    <SFA>
      <FILEPATH>C:\Users\c2sim\Desktop\C2SIM archive\c2simVRFinterfacev2.24\</FILEPATH>
      <FILENAME>C2SIMxmlHandler.h</FILENAME>
      <LINE>87</LINE>
      <COLUMN>0</COLUMN>
    </SFA>
    <DEFECTCODE>26495</DEFECTCODE>
    <DESCRIPTION>Variable 'Unit::reportCount' is uninitialized. Always initialize a member variable (type.6).</DESCRIPTION>
    <FUNCTION>Unit::{ctor}</FUNCTION>
    <DECORATED>??0Unit@@QEAA@XZ</DECORATED>
    <FUNCLINE>87</FUNCLINE>
    <ADDITIONALINFO>
      <targetSymbol>Unit::reportCount</targetSymbol>
    </ADDITIONALINFO>
    <PATH></PATH>
  </DEFECT>
  <DEFECT>
    <SFA>
      <FILEPATH>C:\Users\c2sim\Desktop\C2SIM archive\c2simVRFinterfacev2.24\</FILEPATH>
      <FILENAME>C2SIMxmlHandler.h</FILENAME>
      <LINE>87</LINE>
      <COLUMN>0</COLUMN>
    </SFA>
    <DEFECTCODE>26495</DEFECTCODE>
    <DESCRIPTION>Variable 'Unit::DISKind' is uninitialized. Always initialize a member variable (type.6).</DESCRIPTION>
    <FUNCTION>Unit::{ctor}</FUNCTION>
    <DECORATED>??0Unit@@QEAA@XZ</DECORATED>
    <FUNCLINE>87</FUNCLINE>
    <ADDITIONALINFO>
      <targetSymbol>Unit::DISKind</targetSymbol>
    </ADDITIONALINFO>
    <PATH></PATH>
  </DEFECT>
  <DEFECT>
    <SFA>
      <FILEPATH>C:\Users\c2sim\Desktop\C2SIM archive\c2simVRFinterfacev2.24\</FILEPATH>
      <FILENAME>C2SIMxmlHandler.h</FILENAME>
      <LINE>87</LINE>
      <COLUMN>0</COLUMN>
    </SFA>
    <DEFECTCODE>26495</DEFECTCODE>
    <DESCRIPTION>Variable 'Unit::DISDomain' is uninitialized. Always initialize a member variable (type.6).</DESCRIPTION>
    <FUNCTION>Unit::{ctor}</FUNCTION>
    <DECORATED>??0Unit@@QEAA@XZ</DECORATED>
    <FUNCLINE>87</FUNCLINE>
    <ADDITIONALINFO>
      <targetSymbol>Unit::DISDomain</targetSymbol>
    </ADDITIONALINFO>
    <PATH></PATH>
  </DEFECT>
  <DEFECT>
    <SFA>
      <FILEPATH>C:\Users\c2sim\Desktop\C2SIM archive\c2simVRFinterfacev2.24\</FILEPATH>
      <FILENAME>C2SIMxmlHandler.h</FILENAME>
      <LINE>87</LINE>
      <COLUMN>0</COLUMN>
    </SFA>
    <DEFECTCODE>26495</DEFECTCODE>
    <DESCRIPTION>Variable 'Unit::DISCountry' is uninitialized. Always initialize a member variable (type.6).</DESCRIPTION>
    <FUNCTION>Unit::{ctor}</FUNCTION>
    <DECORATED>??0Unit@@QEAA@XZ</DECORATED>
    <FUNCLINE>87</FUNCLINE>
    <ADDITIONALINFO>
      <targetSymbol>Unit::DISCountry</targetSymbol>
    </ADDITIONALINFO>
    <PATH></PATH>
  </DEFECT>
  <DEFECT>
    <SFA>
      <FILEPATH>C:\Users\c2sim\Desktop\C2SIM archive\c2simVRFinterfacev2.24\</FILEPATH>
      <FILENAME>C2SIMxmlHandler.h</FILENAME>
      <LINE>87</LINE>
      <COLUMN>0</COLUMN>
    </SFA>
    <DEFECTCODE>26495</DEFECTCODE>
    <DESCRIPTION>Variable 'Unit::DISCategory' is uninitialized. Always initialize a member variable (type.6).</DESCRIPTION>
    <FUNCTION>Unit::{ctor}</FUNCTION>
    <DECORATED>??0Unit@@QEAA@XZ</DECORATED>
    <FUNCLINE>87</FUNCLINE>
    <ADDITIONALINFO>
      <targetSymbol>Unit::DISCategory</targetSymbol>
    </ADDITIONALINFO>
    <PATH></PATH>
  </DEFECT>
  <DEFECT>
    <SFA>
      <FILEPATH>C:\Users\c2sim\Desktop\C2SIM archive\c2simVRFinterfacev2.24\</FILEPATH>
      <FILENAME>C2SIMxmlHandler.h</FILENAME>
      <LINE>87</LINE>
      <COLUMN>0</COLUMN>
    </SFA>
    <DEFECTCODE>26495</DEFECTCODE>
    <DESCRIPTION>Variable 'Unit::DISSubcategory' is uninitialized. Always initialize a member variable (type.6).</DESCRIPTION>
    <FUNCTION>Unit::{ctor}</FUNCTION>
    <DECORATED>??0Unit@@QEAA@XZ</DECORATED>
    <FUNCLINE>87</FUNCLINE>
    <ADDITIONALINFO>
      <targetSymbol>Unit::DISSubcategory</targetSymbol>
    </ADDITIONALINFO>
    <PATH></PATH>
  </DEFECT>
  <DEFECT>
    <SFA>
      <FILEPATH>C:\Users\c2sim\Desktop\C2SIM archive\c2simVRFinterfacev2.24\</FILEPATH>
      <FILENAME>C2SIMxmlHandler.h</FILENAME>
      <LINE>87</LINE>
      <COLUMN>0</COLUMN>
    </SFA>
    <DEFECTCODE>26495</DEFECTCODE>
    <DESCRIPTION>Variable 'Unit::DISSpecific' is uninitialized. Always initialize a member variable (type.6).</DESCRIPTION>
    <FUNCTION>Unit::{ctor}</FUNCTION>
    <DECORATED>??0Unit@@QEAA@XZ</DECORATED>
    <FUNCLINE>87</FUNCLINE>
    <ADDITIONALINFO>
      <targetSymbol>Unit::DISSpecific</targetSymbol>
    </ADDITIONALINFO>
    <PATH></PATH>
  </DEFECT>
  <DEFECT>
    <SFA>
      <FILEPATH>C:\Users\c2sim\Desktop\C2SIM archive\c2simVRFinterfacev2.24\</FILEPATH>
      <FILENAME>C2SIMxmlHandler.h</FILENAME>
      <LINE>87</LINE>
      <COLUMN>0</COLUMN>
    </SFA>
    <DEFECTCODE>26495</DEFECTCODE>
    <DESCRIPTION>Variable 'Unit::DISExtra' is uninitialized. Always initialize a member variable (type.6).</DESCRIPTION>
    <FUNCTION>Unit::{ctor}</FUNCTION>
    <DECORATED>??0Unit@@QEAA@XZ</DECORATED>
    <FUNCLINE>87</FUNCLINE>
    <ADDITIONALINFO>
      <targetSymbol>Unit::DISExtra</targetSymbol>
    </ADDITIONALINFO>
    <PATH></PATH>
  </DEFECT>
  <DEFECT>
    <SFA>
      <FILEPATH>C:\Users\c2sim\Desktop\C2SIM archive\c2simVRFinterfacev2.24\</FILEPATH>
      <FILENAME>C2SIMxmlHandler.h</FILENAME>
      <LINE>114</LINE>
      <COLUMN>0</COLUMN>
    </SFA>
    <DEFECTCODE>26495</DEFECTCODE>
    <DESCRIPTION>Variable 'Task::simulationStartMs' is uninitialized. Always initialize a member variable (type.6).</DESCRIPTION>
    <FUNCTION>Task::{ctor}</FUNCTION>
    <DECORATED>??0Task@@QEAA@XZ</DECORATED>
    <FUNCLINE>114</FUNCLINE>
    <ADDITIONALINFO>
      <targetSymbol>Task::simulationStartMs</targetSymbol>
    </ADDITIONALINFO>
    <PATH></PATH>
  </DEFECT>
  <DEFECT>
    <SFA>
      <FILEPATH>C:\Users\c2sim\Desktop\C2SIM archive\c2simVRFinterfacev2.24\</FILEPATH>
      <FILENAME>C2SIMxmlHandler.h</FILENAME>
      <LINE>114</LINE>
      <COLUMN>0</COLUMN>
    </SFA>
    <DEFECTCODE>26495</DEFECTCODE>
    <DESCRIPTION>Variable 'Task::relativeDelayMs' is uninitialized. Always initialize a member variable (type.6).</DESCRIPTION>
    <FUNCTION>Task::{ctor}</FUNCTION>
    <DECORATED>??0Task@@QEAA@XZ</DECORATED>
    <FUNCLINE>114</FUNCLINE>
    <ADDITIONALINFO>
      <targetSymbol>Task::relativeDelayMs</targetSymbol>
    </ADDITIONALINFO>
    <PATH></PATH>
  </DEFECT>
  <DEFECT>
    <SFA>
      <FILEPATH>C:\Users\c2sim\Desktop\C2SIM archive\c2simVRFinterfacev2.24\</FILEPATH>
      <FILENAME>C2SIMxmlHandler.h</FILENAME>
      <LINE>114</LINE>
      <COLUMN>0</COLUMN>
    </SFA>
    <DEFECTCODE>26495</DEFECTCODE>
    <DESCRIPTION>Variable 'Task::locationPointCount' is uninitialized. Always initialize a member variable (type.6).</DESCRIPTION>
    <FUNCTION>Task::{ctor}</FUNCTION>
    <DECORATED>??0Task@@QEAA@XZ</DECORATED>
    <FUNCLINE>114</FUNCLINE>
    <ADDITIONALINFO>
      <targetSymbol>Task::locationPointCount</targetSymbol>
    </ADDITIONALINFO>
    <PATH></PATH>
  </DEFECT>
  <DEFECT>
    <SFA>
      <FILEPATH>C:\Users\c2sim\Desktop\C2SIM archive\c2simVRFinterfacev2.24\</FILEPATH>
      <FILENAME>C2SIMxmlHandler.cpp</FILENAME>
      <LINE>1678</LINE>
      <COLUMN>42</COLUMN>
    </SFA>
    <DEFECTCODE>6011</DEFECTCODE>
    <DESCRIPTION>Dereferencing NULL pointer 'thisPhysicalRoute'. </DESCRIPTION>
    <FUNCTION>C2SIMxmlHandler::endElement</FUNCTION>
    <DECORATED>?endElement@C2SIMxmlHandler@@UEAAXQEB_W@Z</DECORATED>
    <FUNCLINE>1331</FUNCLINE>
    <PROBABILITY>1</PROBABILITY>
    <RANK>4</RANK>
    <CATEGORY>
      <RULECATEGORY>mspft</RULECATEGORY>
    </CATEGORY>
    <PATH>
      <SFA>
        <FILEPATH>C:\Users\c2sim\Desktop\C2SIM archive\c2simVRFinterfacev2.24\</FILEPATH>
        <FILENAME>C2SIMxmlHandler.cpp</FILENAME>
        <LINE>1333</LINE>
        <COLUMN>5</COLUMN>
      </SFA>
      <SFA>
        <FILEPATH>C:\Users\c2sim\Desktop\C2SIM archive\c2simVRFinterfacev2.24\</FILEPATH>
        <FILENAME>C2SIMxmlHandler.cpp</FILENAME>
        <LINE>1336</LINE>
        <COLUMN>16</COLUMN>
      </SFA>
      <SFA>
        <FILEPATH>C:\Users\c2sim\Desktop\C2SIM archive\c2simVRFinterfacev2.24\</FILEPATH>
        <FILENAME>C2SIMxmlHandler.cpp</FILENAME>
        <LINE>1338</LINE>
        <COLUMN>5</COLUMN>
      </SFA>
      <SFA>
        <FILEPATH>C:\Users\c2sim\Desktop\C2SIM archive\c2simVRFinterfacev2.24\</FILEPATH>
        <FILENAME>C2SIMxmlHandler.cpp</FILENAME>
        <LINE>1339</LINE>
        <COLUMN>6</COLUMN>
      </SFA>
      <SFA>
        <FILEPATH>C:\Users\c2sim\Desktop\C2SIM archive\c2simVRFinterfacev2.24\</FILEPATH>
        <FILENAME>C2SIMxmlHandler.cpp</FILENAME>
        <LINE>1537</LINE>
        <COLUMN>11</COLUMN>
      </SFA>
      <SFA>
        <FILEPATH>C:\Users\c2sim\Desktop\C2SIM archive\c2simVRFinterfacev2.24\</FILEPATH>
        <FILENAME>C2SIMxmlHandler.cpp</FILENAME>
        <LINE>1559</LINE>
        <COLUMN>11</COLUMN>
      </SFA>
      <SFA>
        <FILEPATH>C:\Users\c2sim\Desktop\C2SIM archive\c2simVRFinterfacev2.24\</FILEPATH>
        <FILENAME>C2SIMxmlHandler.cpp</FILENAME>
        <LINE>1561</LINE>
        <COLUMN>14</COLUMN>
      </SFA>
      <SFA>
        <FILEPATH>C:\Users\c2sim\Desktop\C2SIM archive\c2simVRFinterfacev2.24\</FILEPATH>
        <FILENAME>C2SIMxmlHandler.cpp</FILENAME>
        <LINE>1567</LINE>
        <COLUMN>30</COLUMN>
      </SFA>
      <SFA>
        <FILEPATH>C:\Users\c2sim\Desktop\C2SIM archive\c2simVRFinterfacev2.24\</FILEPATH>
        <FILENAME>C2SIMxmlHandler.cpp</FILENAME>
        <LINE>1574</LINE>
        <COLUMN>33</COLUMN>
      </SFA>
      <SFA>
        <FILEPATH>C:\Users\c2sim\Desktop\C2SIM archive\c2simVRFinterfacev2.24\</FILEPATH>
        <FILENAME>C2SIMxmlHandler.cpp</FILENAME>
        <LINE>1581</LINE>
        <COLUMN>30</COLUMN>
      </SFA>
      <SFA>
        <FILEPATH>C:\Users\c2sim\Desktop\C2SIM archive\c2simVRFinterfacev2.24\</FILEPATH>
        <FILENAME>C2SIMxmlHandler.cpp</FILENAME>
        <LINE>1588</LINE>
        <COLUMN>37</COLUMN>
      </SFA>
      <SFA>
        <FILEPATH>C:\Users\c2sim\Desktop\C2SIM archive\c2simVRFinterfacev2.24\</FILEPATH>
        <FILENAME>C2SIMxmlHandler.cpp</FILENAME>
        <LINE>1596</LINE>
        <COLUMN>19</COLUMN>
      </SFA>
      <SFA>
        <FILEPATH>C:\Users\c2sim\Desktop\C2SIM archive\c2simVRFinterfacev2.24\</FILEPATH>
        <FILENAME>C2SIMxmlHandler.cpp</FILENAME>
        <LINE>1617</LINE>
        <COLUMN>19</COLUMN>
      </SFA>
      <SFA>
        <FILEPATH>C:\Users\c2sim\Desktop\C2SIM archive\c2simVRFinterfacev2.24\</FILEPATH>
        <FILENAME>C2SIMxmlHandler.cpp</FILENAME>
        <LINE>1676</LINE>
        <COLUMN>41</COLUMN>
      </SFA>
      <SFA>
        <FILEPATH>C:\Users\c2sim\Desktop\C2SIM archive\c2simVRFinterfacev2.24\</FILEPATH>
        <FILENAME>C2SIMxmlHandler.cpp</FILENAME>
        <LINE>1677</LINE>
        <COLUMN>26</COLUMN>
        <KEYEVENT>
          <ID>1</ID>
          <KIND>branch</KIND>
          <IMPORTANCE>Full</IMPORTANCE>
          <MESSAGE>'thisPhysicalRoute' may be NULL (Enter this branch)</MESSAGE>
        </KEYEVENT>
      </SFA>
      <SFA>
        <FILEPATH>C:\Users\c2sim\Desktop\C2SIM archive\c2simVRFinterfacev2.24\</FILEPATH>
        <FILENAME>C2SIMxmlHandler.cpp</FILENAME>
        <LINE>1677</LINE>
        <COLUMN>53</COLUMN>
      </SFA>
      <SFA>
        <FILEPATH>C:\Users\c2sim\Desktop\C2SIM archive\c2simVRFinterfacev2.24\</FILEPATH>
        <FILENAME>C2SIMxmlHandler.cpp</FILENAME>
        <LINE>1678</LINE>
        <COLUMN>42</COLUMN>
        <KEYEVENT>
          <ID>2</ID>
          <KIND>usage</KIND>
          <IMPORTANCE>Essential</IMPORTANCE>
          <MESSAGE>'thisPhysicalRoute' is dereferenced, but may still be NULL</MESSAGE>
        </KEYEVENT>
      </SFA>
    </PATH>
  </DEFECT>
  <DEFECT>
    <SFA>
      <FILEPATH>C:\MAK\vrforces5.0.1\include\vrfutil\</FILEPATH>
      <FILENAME>rwTemplatedList.h</FILENAME>
      <LINE>68</LINE>
      <COLUMN>20</COLUMN>
    </SFA>
    <DEFECTCODE>6011</DEFECTCODE>
    <DESCRIPTION>Dereferencing NULL pointer 'item'. </DESCRIPTION>
    <FUNCTION>DtRwTemplatedListPtr&lt;DtRwWindLevel,1&gt;::insertItemAt</FUNCTION>
    <DECORATED>?insertItemAt@?$DtRwTemplatedListPtr@VDtRwWindLevel@@$00@@UEAAPEAVDtListItem@@PEAVDtRwWindLevel@@H@Z</DECORATED>
    <FUNCLINE>58</FUNCLINE>
    <PROBABILITY>1</PROBABILITY>
    <RANK>4</RANK>
    <CATEGORY>
      <RULECATEGORY>mspft</RULECATEGORY>
    </CATEGORY>
    <PATH>
      <SFA>
        <FILEPATH>C:\MAK\vrforces5.0.1\include\vrfutil\</FILEPATH>
        <FILENAME>rwTemplatedList.h</FILENAME>
        <LINE>60</LINE>
        <COLUMN>16</COLUMN>
      </SFA>
      <SFA>
        <FILEPATH>C:\MAK\vrforces5.0.1\include\vrfutil\</FILEPATH>
        <FILENAME>rwTemplatedList.h</FILENAME>
        <LINE>62</LINE>
        <COLUMN>19</COLUMN>
        <KEYEVENT>
          <ID>1</ID>
          <KIND>declaration</KIND>
          <IMPORTANCE>Full</IMPORTANCE>
          <MESSAGE>'item' may be NULL</MESSAGE>
        </KEYEVENT>
      </SFA>
      <SFA>
        <FILEPATH>C:\MAK\vrforces5.0.1\include\vrfutil\</FILEPATH>
        <FILENAME>rwTemplatedList.h</FILENAME>
        <LINE>68</LINE>
        <COLUMN>20</COLUMN>
        <KEYEVENT>
          <ID>2</ID>
          <KIND>branch</KIND>
          <IMPORTANCE>Full</IMPORTANCE>
          <MESSAGE>Skip this branch, (assume 'item-&gt;data()' is false)</MESSAGE>
        </KEYEVENT>
      </SFA>
      <SFA>
        <FILEPATH>C:\MAK\vrforces5.0.1\include\vrfutil\</FILEPATH>
        <FILENAME>rwTemplatedList.h</FILENAME>
        <LINE>68</LINE>
        <COLUMN>20</COLUMN>
        <KEYEVENT>
          <ID>3</ID>
          <KIND>usage</KIND>
          <IMPORTANCE>Essential</IMPORTANCE>
          <MESSAGE>'item' is dereferenced, but may still be NULL</MESSAGE>
        </KEYEVENT>
      </SFA>
    </PATH>
  </DEFECT>
  <DEFECT>
    <SFA>
      <FILEPATH>C:\MAK\vrforces5.0.1\include\vrfutil\</FILEPATH>
      <FILENAME>rwTemplatedList.h</FILENAME>
      <LINE>68</LINE>
      <COLUMN>20</COLUMN>
    </SFA>
    <DEFECTCODE>6011</DEFECTCODE>
    <DESCRIPTION>Dereferencing NULL pointer 'item'. </DESCRIPTION>
    <FUNCTION>DtRwTemplatedListPtr&lt;DtRwReal,1&gt;::insertItemAt</FUNCTION>
    <DECORATED>?insertItemAt@?$DtRwTemplatedListPtr@VDtRwReal@@$00@@UEAAPEAVDtListItem@@PEAVDtRwReal@@H@Z</DECORATED>
    <FUNCLINE>58</FUNCLINE>
    <PROBABILITY>1</PROBABILITY>
    <RANK>4</RANK>
    <CATEGORY>
      <RULECATEGORY>mspft</RULECATEGORY>
    </CATEGORY>
    <PATH>
      <SFA>
        <FILEPATH>C:\MAK\vrforces5.0.1\include\vrfutil\</FILEPATH>
        <FILENAME>rwTemplatedList.h</FILENAME>
        <LINE>60</LINE>
        <COLUMN>16</COLUMN>
      </SFA>
      <SFA>
        <FILEPATH>C:\MAK\vrforces5.0.1\include\vrfutil\</FILEPATH>
        <FILENAME>rwTemplatedList.h</FILENAME>
        <LINE>62</LINE>
        <COLUMN>19</COLUMN>
        <KEYEVENT>
          <ID>1</ID>
          <KIND>declaration</KIND>
          <IMPORTANCE>Full</IMPORTANCE>
          <MESSAGE>'item' may be NULL</MESSAGE>
        </KEYEVENT>
      </SFA>
      <SFA>
        <FILEPATH>C:\MAK\vrforces5.0.1\include\vrfutil\</FILEPATH>
        <FILENAME>rwTemplatedList.h</FILENAME>
        <LINE>68</LINE>
        <COLUMN>20</COLUMN>
        <KEYEVENT>
          <ID>2</ID>
          <KIND>branch</KIND>
          <IMPORTANCE>Full</IMPORTANCE>
          <MESSAGE>Skip this branch, (assume 'item-&gt;data()' is false)</MESSAGE>
        </KEYEVENT>
      </SFA>
      <SFA>
        <FILEPATH>C:\MAK\vrforces5.0.1\include\vrfutil\</FILEPATH>
        <FILENAME>rwTemplatedList.h</FILENAME>
        <LINE>68</LINE>
        <COLUMN>20</COLUMN>
        <KEYEVENT>
          <ID>3</ID>
          <KIND>usage</KIND>
          <IMPORTANCE>Essential</IMPORTANCE>
          <MESSAGE>'item' is dereferenced, but may still be NULL</MESSAGE>
        </KEYEVENT>
      </SFA>
    </PATH>
  </DEFECT>
  <DEFECT>
    <SFA>
      <FILEPATH>C:\MAK\vrforces5.0.1\include\vrfutil\</FILEPATH>
      <FILENAME>rwTemplatedList.h</FILENAME>
      <LINE>68</LINE>
      <COLUMN>20</COLUMN>
    </SFA>
    <DEFECTCODE>6011</DEFECTCODE>
    <DESCRIPTION>Dereferencing NULL pointer 'item'. </DESCRIPTION>
    <FUNCTION>DtRwTemplatedListPtr&lt;DtRwInt,1&gt;::insertItemAt</FUNCTION>
    <DECORATED>?insertItemAt@?$DtRwTemplatedListPtr@VDtRwInt@@$00@@UEAAPEAVDtListItem@@PEAVDtRwInt@@H@Z</DECORATED>
    <FUNCLINE>58</FUNCLINE>
    <PROBABILITY>1</PROBABILITY>
    <RANK>4</RANK>
    <CATEGORY>
      <RULECATEGORY>mspft</RULECATEGORY>
    </CATEGORY>
    <PATH>
      <SFA>
        <FILEPATH>C:\MAK\vrforces5.0.1\include\vrfutil\</FILEPATH>
        <FILENAME>rwTemplatedList.h</FILENAME>
        <LINE>60</LINE>
        <COLUMN>16</COLUMN>
      </SFA>
      <SFA>
        <FILEPATH>C:\MAK\vrforces5.0.1\include\vrfutil\</FILEPATH>
        <FILENAME>rwTemplatedList.h</FILENAME>
        <LINE>62</LINE>
        <COLUMN>19</COLUMN>
        <KEYEVENT>
          <ID>1</ID>
          <KIND>declaration</KIND>
          <IMPORTANCE>Full</IMPORTANCE>
          <MESSAGE>'item' may be NULL</MESSAGE>
        </KEYEVENT>
      </SFA>
      <SFA>
        <FILEPATH>C:\MAK\vrforces5.0.1\include\vrfutil\</FILEPATH>
        <FILENAME>rwTemplatedList.h</FILENAME>
        <LINE>68</LINE>
        <COLUMN>20</COLUMN>
        <KEYEVENT>
          <ID>2</ID>
          <KIND>branch</KIND>
          <IMPORTANCE>Full</IMPORTANCE>
          <MESSAGE>Skip this branch, (assume 'item-&gt;data()' is false)</MESSAGE>
        </KEYEVENT>
      </SFA>
      <SFA>
        <FILEPATH>C:\MAK\vrforces5.0.1\include\vrfutil\</FILEPATH>
        <FILENAME>rwTemplatedList.h</FILENAME>
        <LINE>68</LINE>
        <COLUMN>20</COLUMN>
        <KEYEVENT>
          <ID>3</ID>
          <KIND>usage</KIND>
          <IMPORTANCE>Essential</IMPORTANCE>
          <MESSAGE>'item' is dereferenced, but may still be NULL</MESSAGE>
        </KEYEVENT>
      </SFA>
    </PATH>
  </DEFECT>
  <DEFECT>
    <SFA>
      <FILEPATH>C:\MAK\vrforces5.0.1\include\vrfutil\</FILEPATH>
      <FILENAME>rwTemplatedList.h</FILENAME>
      <LINE>68</LINE>
      <COLUMN>20</COLUMN>
    </SFA>
    <DEFECTCODE>6011</DEFECTCODE>
    <DESCRIPTION>Dereferencing NULL pointer 'item'. </DESCRIPTION>
    <FUNCTION>DtRwTemplatedListPtr&lt;DtRwUUID,1&gt;::insertItemAt</FUNCTION>
    <DECORATED>?insertItemAt@?$DtRwTemplatedListPtr@VDtRwUUID@@$00@@UEAAPEAVDtListItem@@PEAVDtRwUUID@@H@Z</DECORATED>
    <FUNCLINE>58</FUNCLINE>
    <PROBABILITY>1</PROBABILITY>
    <RANK>4</RANK>
    <CATEGORY>
      <RULECATEGORY>mspft</RULECATEGORY>
    </CATEGORY>
    <PATH>
      <SFA>
        <FILEPATH>C:\MAK\vrforces5.0.1\include\vrfutil\</FILEPATH>
        <FILENAME>rwTemplatedList.h</FILENAME>
        <LINE>60</LINE>
        <COLUMN>16</COLUMN>
      </SFA>
      <SFA>
        <FILEPATH>C:\MAK\vrforces5.0.1\include\vrfutil\</FILEPATH>
        <FILENAME>rwTemplatedList.h</FILENAME>
        <LINE>62</LINE>
        <COLUMN>19</COLUMN>
        <KEYEVENT>
          <ID>1</ID>
          <KIND>declaration</KIND>
          <IMPORTANCE>Full</IMPORTANCE>
          <MESSAGE>'item' may be NULL</MESSAGE>
        </KEYEVENT>
      </SFA>
      <SFA>
        <FILEPATH>C:\MAK\vrforces5.0.1\include\vrfutil\</FILEPATH>
        <FILENAME>rwTemplatedList.h</FILENAME>
        <LINE>68</LINE>
        <COLUMN>20</COLUMN>
        <KEYEVENT>
          <ID>2</ID>
          <KIND>branch</KIND>
          <IMPORTANCE>Full</IMPORTANCE>
          <MESSAGE>Skip this branch, (assume 'item-&gt;data()' is false)</MESSAGE>
        </KEYEVENT>
      </SFA>
      <SFA>
        <FILEPATH>C:\MAK\vrforces5.0.1\include\vrfutil\</FILEPATH>
        <FILENAME>rwTemplatedList.h</FILENAME>
        <LINE>68</LINE>
        <COLUMN>20</COLUMN>
        <KEYEVENT>
          <ID>3</ID>
          <KIND>usage</KIND>
          <IMPORTANCE>Essential</IMPORTANCE>
          <MESSAGE>'item' is dereferenced, but may still be NULL</MESSAGE>
        </KEYEVENT>
      </SFA>
    </PATH>
  </DEFECT>
  <DEFECT>
    <SFA>
      <FILEPATH>C:\MAK\vrforces5.0.1\include\vrfutil\</FILEPATH>
      <FILENAME>rwTemplatedList.h</FILENAME>
      <LINE>68</LINE>
      <COLUMN>20</COLUMN>
    </SFA>
    <DEFECTCODE>6011</DEFECTCODE>
    <DESCRIPTION>Dereferencing NULL pointer 'item'. </DESCRIPTION>
    <FUNCTION>DtRwTemplatedListPtr&lt;DtRwString,1&gt;::insertItemAt</FUNCTION>
    <DECORATED>?insertItemAt@?$DtRwTemplatedListPtr@VDtRwString@@$00@@UEAAPEAVDtListItem@@PEAVDtRwString@@H@Z</DECORATED>
    <FUNCLINE>58</FUNCLINE>
    <PROBABILITY>1</PROBABILITY>
    <RANK>4</RANK>
    <CATEGORY>
      <RULECATEGORY>mspft</RULECATEGORY>
    </CATEGORY>
    <PATH>
      <SFA>
        <FILEPATH>C:\MAK\vrforces5.0.1\include\vrfutil\</FILEPATH>
        <FILENAME>rwTemplatedList.h</FILENAME>
        <LINE>60</LINE>
        <COLUMN>16</COLUMN>
      </SFA>
      <SFA>
        <FILEPATH>C:\MAK\vrforces5.0.1\include\vrfutil\</FILEPATH>
        <FILENAME>rwTemplatedList.h</FILENAME>
        <LINE>62</LINE>
        <COLUMN>19</COLUMN>
        <KEYEVENT>
          <ID>1</ID>
          <KIND>declaration</KIND>
          <IMPORTANCE>Full</IMPORTANCE>
          <MESSAGE>'item' may be NULL</MESSAGE>
        </KEYEVENT>
      </SFA>
      <SFA>
        <FILEPATH>C:\MAK\vrforces5.0.1\include\vrfutil\</FILEPATH>
        <FILENAME>rwTemplatedList.h</FILENAME>
        <LINE>68</LINE>
        <COLUMN>20</COLUMN>
        <KEYEVENT>
          <ID>2</ID>
          <KIND>branch</KIND>
          <IMPORTANCE>Full</IMPORTANCE>
          <MESSAGE>Skip this branch, (assume 'item-&gt;data()' is false)</MESSAGE>
        </KEYEVENT>
      </SFA>
      <SFA>
        <FILEPATH>C:\MAK\vrforces5.0.1\include\vrfutil\</FILEPATH>
        <FILENAME>rwTemplatedList.h</FILENAME>
        <LINE>68</LINE>
        <COLUMN>20</COLUMN>
        <KEYEVENT>
          <ID>3</ID>
          <KIND>usage</KIND>
          <IMPORTANCE>Essential</IMPORTANCE>
          <MESSAGE>'item' is dereferenced, but may still be NULL</MESSAGE>
        </KEYEVENT>
      </SFA>
    </PATH>
  </DEFECT>
  <DEFECT>
    <SFA>
      <FILEPATH>C:\MAK\vrforces5.0.1\include\boost\function\</FILEPATH>
      <FILENAME>function_template.hpp</FILENAME>
      <LINE>1108</LINE>
      <COLUMN>13</COLUMN>
    </SFA>
    <DEFECTCODE>26439</DEFECTCODE>
    <DESCRIPTION>This kind of function may not throw. Declare it 'noexcept' (f.6).</DESCRIPTION>
    <FUNCTION>boost::function&lt;bool __cdecl(void)&gt;::=</FUNCTION>
    <DECORATED>??4?$function@$$A6A_NXZ@boost@@QEAAAEAV01@$$QEAV01@@Z</DECORATED>
    <FUNCLINE>1108</FUNCLINE>
    <PATH></PATH>
  </DEFECT>
  <DEFECT>
    <SFA>
      <FILEPATH>C:\MAK\vrforces5.0.1\include\boost\function\</FILEPATH>
      <FILENAME>function_template.hpp</FILENAME>
      <LINE>1097</LINE>
      <COLUMN>2</COLUMN>
    </SFA>
    <DEFECTCODE>26439</DEFECTCODE>
    <DESCRIPTION>This kind of function may not throw. Declare it 'noexcept' (f.6).</DESCRIPTION>
    <FUNCTION>boost::function&lt;bool __cdecl(void)&gt;::{ctor}</FUNCTION>
    <DECORATED>??0?$function@$$A6A_NXZ@boost@@QEAA@$$QEAV01@@Z</DECORATED>
    <FUNCLINE>1097</FUNCLINE>
    <PATH></PATH>
  </DEFECT>
  <DEFECT>
    <SFA>
      <FILEPATH>C:\MAK\vrforces5.0.1\include\boost\function\</FILEPATH>
      <FILENAME>function_template.hpp</FILENAME>
      <LINE>757</LINE>
      <COLUMN>4</COLUMN>
    </SFA>
    <DEFECTCODE>26439</DEFECTCODE>
    <DESCRIPTION>This kind of function may not throw. Declare it 'noexcept' (f.6).</DESCRIPTION>
    <FUNCTION>boost::function0&lt;bool&gt;::{ctor}</FUNCTION>
    <DECORATED>??0?$function0@_N@boost@@QEAA@$$QEAV01@@Z</DECORATED>
    <FUNCLINE>757</FUNCLINE>
    <PATH></PATH>
  </DEFECT>
  <DEFECT>
    <SFA>
      <FILEPATH>C:\MAK\vrforces5.0.1\include\boost\exception\</FILEPATH>
      <FILENAME>exception.hpp</FILENAME>
      <LINE>484</LINE>
      <COLUMN>13</COLUMN>
    </SFA>
    <DEFECTCODE>26439</DEFECTCODE>
    <DESCRIPTION>This kind of function may not throw. Declare it 'noexcept' (f.6).</DESCRIPTION>
    <FUNCTION>boost::exception_detail::clone_impl&lt;boost::exception_detail::error_info_injector&lt;boost::bad_function_call&gt; &gt;::{dtor}</FUNCTION>
    <DECORATED>??1?$clone_impl@U?$error_info_injector@Vbad_function_call@boost@@@exception_detail@boost@@@exception_detail@boost@@UEAA@XZ</DECORATED>
    <FUNCLINE>484</FUNCLINE>
    <PATH></PATH>
  </DEFECT>
  <DEFECT>
    <SFA>
      <FILEPATH>C:\MAK\vrforces5.0.1\include\boost\exception\</FILEPATH>
      <FILENAME>exception.hpp</FILENAME>
      <LINE>358</LINE>
      <COLUMN>13</COLUMN>
    </SFA>
    <DEFECTCODE>26439</DEFECTCODE>
    <DESCRIPTION>This kind of function may not throw. Declare it 'noexcept' (f.6).</DESCRIPTION>
    <FUNCTION>boost::exception_detail::error_info_injector&lt;boost::bad_function_call&gt;::{dtor}</FUNCTION>
    <DECORATED>??1?$error_info_injector@Vbad_function_call@boost@@@exception_detail@boost@@UEAA@XZ</DECORATED>
    <FUNCLINE>358</FUNCLINE>
    <PATH></PATH>
  </DEFECT>
  <DEFECT>
    <SFA>
      <FILEPATH>C:\MAK\vrforces5.0.1\include\boost\exception\</FILEPATH>
      <FILENAME>exception.hpp</FILENAME>
      <LINE>484</LINE>
      <COLUMN>13</COLUMN>
    </SFA>
    <DEFECTCODE>26439</DEFECTCODE>
    <DESCRIPTION>This kind of function may not throw. Declare it 'noexcept' (f.6).</DESCRIPTION>
    <FUNCTION>boost::exception_detail::clone_impl&lt;boost::exception_detail::error_info_injector&lt;boost::bad_weak_ptr&gt; &gt;::{dtor}</FUNCTION>
    <DECORATED>??1?$clone_impl@U?$error_info_injector@Vbad_weak_ptr@boost@@@exception_detail@boost@@@exception_detail@boost@@UEAA@XZ</DECORATED>
    <FUNCLINE>484</FUNCLINE>
    <PATH></PATH>
  </DEFECT>
  <DEFECT>
    <SFA>
      <FILEPATH>C:\MAK\vrforces5.0.1\include\boost\exception\</FILEPATH>
      <FILENAME>exception.hpp</FILENAME>
      <LINE>358</LINE>
      <COLUMN>13</COLUMN>
    </SFA>
    <DEFECTCODE>26439</DEFECTCODE>
    <DESCRIPTION>This kind of function may not throw. Declare it 'noexcept' (f.6).</DESCRIPTION>
    <FUNCTION>boost::exception_detail::error_info_injector&lt;boost::bad_weak_ptr&gt;::{dtor}</FUNCTION>
    <DECORATED>??1?$error_info_injector@Vbad_weak_ptr@boost@@@exception_detail@boost@@UEAA@XZ</DECORATED>
    <FUNCLINE>358</FUNCLINE>
    <PATH></PATH>
  </DEFECT>
  <DEFECT>
    <SFA>
      <FILEPATH>C:\MAK\vrforces5.0.1\include\boost\exception\</FILEPATH>
      <FILENAME>exception.hpp</FILENAME>
      <LINE>484</LINE>
      <COLUMN>13</COLUMN>
    </SFA>
    <DEFECTCODE>26439</DEFECTCODE>
    <DESCRIPTION>This kind of function may not throw. Declare it 'noexcept' (f.6).</DESCRIPTION>
    <FUNCTION>boost::exception_detail::clone_impl&lt;boost::exception_detail::error_info_injector&lt;std::runtime_error&gt; &gt;::{dtor}</FUNCTION>
    <DECORATED>??1?$clone_impl@U?$error_info_injector@Vruntime_error@std@@@exception_detail@boost@@@exception_detail@boost@@UEAA@XZ</DECORATED>
    <FUNCLINE>484</FUNCLINE>
    <PATH></PATH>
  </DEFECT>
  <DEFECT>
    <SFA>
      <FILEPATH>C:\MAK\vrforces5.0.1\include\boost\exception\</FILEPATH>
      <FILENAME>exception.hpp</FILENAME>
      <LINE>358</LINE>
      <COLUMN>13</COLUMN>
    </SFA>
    <DEFECTCODE>26439</DEFECTCODE>
    <DESCRIPTION>This kind of function may not throw. Declare it 'noexcept' (f.6).</DESCRIPTION>
    <FUNCTION>boost::exception_detail::error_info_injector&lt;std::runtime_error&gt;::{dtor}</FUNCTION>
    <DECORATED>??1?$error_info_injector@Vruntime_error@std@@@exception_detail@boost@@UEAA@XZ</DECORATED>
    <FUNCLINE>358</FUNCLINE>
    <PATH></PATH>
  </DEFECT>
  <DEFECT>
    <SFA>
      <FILEPATH>C:\MAK\vrlink5.8\include\boost_1_55\exception\</FILEPATH>
      <FILENAME>exception.hpp</FILENAME>
      <LINE>451</LINE>
      <COLUMN>13</COLUMN>
    </SFA>
    <DEFECTCODE>26439</DEFECTCODE>
    <DESCRIPTION>This kind of function may not throw. Declare it 'noexcept' (f.6).</DESCRIPTION>
    <FUNCTION>boost_1_55::exception_detail::clone_impl&lt;boost_1_55::exception_detail::error_info_injector&lt;boost_1_55::bad_weak_ptr&gt; &gt;::{dtor}</FUNCTION>
    <DECORATED>??1?$clone_impl@U?$error_info_injector@Vbad_weak_ptr@boost_1_55@@@exception_detail@boost_1_55@@@exception_detail@boost_1_55@@UEAA@XZ</DECORATED>
    <FUNCLINE>451</FUNCLINE>
    <PATH></PATH>
  </DEFECT>
  <DEFECT>
    <SFA>
      <FILEPATH>C:\MAK\vrlink5.8\include\boost_1_55\exception\</FILEPATH>
      <FILENAME>exception.hpp</FILENAME>
      <LINE>330</LINE>
      <COLUMN>13</COLUMN>
    </SFA>
    <DEFECTCODE>26439</DEFECTCODE>
    <DESCRIPTION>This kind of function may not throw. Declare it 'noexcept' (f.6).</DESCRIPTION>
    <FUNCTION>boost_1_55::exception_detail::error_info_injector&lt;boost_1_55::bad_weak_ptr&gt;::{dtor}</FUNCTION>
    <DECORATED>??1?$error_info_injector@Vbad_weak_ptr@boost_1_55@@@exception_detail@boost_1_55@@UEAA@XZ</DECORATED>
    <FUNCLINE>330</FUNCLINE>
    <PATH></PATH>
  </DEFECT>
  <DEFECT>
    <SFA>
      <FILEPATH>C:\MAK\vrforces5.0.1\include\tbb\</FILEPATH>
      <FILENAME>atomic.h</FILENAME>
      <LINE>227</LINE>
      <COLUMN>8</COLUMN>
    </SFA>
    <DEFECTCODE>26495</DEFECTCODE>
    <DESCRIPTION>Variable 'tbb::internal::atomic_impl&lt;__int64&gt;::converter&lt;__int64&gt;::bits' is uninitialized. Always initialize a member variable (type.6).</DESCRIPTION>
    <FUNCTION>tbb::internal::atomic_impl&lt;__int64&gt;::converter&lt;__int64&gt;::{ctor}</FUNCTION>
    <DECORATED>??0?$converter@_J@?$atomic_impl@_J@internal@tbb@@QEAA@XZ</DECORATED>
    <FUNCLINE>227</FUNCLINE>
    <ADDITIONALINFO>
      <targetSymbol>tbb::internal::atomic_impl&lt;__int64&gt;::converter&lt;__int64&gt;::bits</targetSymbol>
    </ADDITIONALINFO>
    <PATH></PATH>
  </DEFECT>
  <DEFECT>
    <SFA>
      <FILEPATH>C:\MAK\vrforces5.0.1\include\tbb\</FILEPATH>
      <FILENAME>atomic.h</FILENAME>
      <LINE>227</LINE>
      <COLUMN>8</COLUMN>
    </SFA>
    <DEFECTCODE>26495</DEFECTCODE>
    <DESCRIPTION>Variable 'tbb::internal::atomic_impl&lt;__int64&gt;::converter&lt;__int64&gt;::value' is uninitialized. Always initialize a member variable (type.6).</DESCRIPTION>
    <FUNCTION>tbb::internal::atomic_impl&lt;__int64&gt;::converter&lt;__int64&gt;::{ctor}</FUNCTION>
    <DECORATED>??0?$converter@_J@?$atomic_impl@_J@internal@tbb@@QEAA@XZ</DECORATED>
    <FUNCLINE>227</FUNCLINE>
    <ADDITIONALINFO>
      <targetSymbol>tbb::internal::atomic_impl&lt;__int64&gt;::converter&lt;__int64&gt;::value</targetSymbol>
    </ADDITIONALINFO>
    <PATH></PATH>
  </DEFECT>
  <DEFECT>
    <SFA>
      <FILEPATH>C:\MAK\vrforces5.0.1\include\tbb\</FILEPATH>
      <FILENAME>atomic.h</FILENAME>
      <LINE>227</LINE>
      <COLUMN>8</COLUMN>
    </SFA>
    <DEFECTCODE>26495</DEFECTCODE>
    <DESCRIPTION>Variable 'tbb::internal::atomic_impl&lt;unsigned __int64&gt;::converter&lt;unsigned __int64&gt;::bits' is uninitialized. Always initialize a member variable (type.6).</DESCRIPTION>
    <FUNCTION>tbb::internal::atomic_impl&lt;unsigned __int64&gt;::converter&lt;unsigned __int64&gt;::{ctor}</FUNCTION>
    <DECORATED>??0?$converter@_K@?$atomic_impl@_K@internal@tbb@@QEAA@XZ</DECORATED>
    <FUNCLINE>227</FUNCLINE>
    <ADDITIONALINFO>
      <targetSymbol>tbb::internal::atomic_impl&lt;unsigned __int64&gt;::converter&lt;unsigned __int64&gt;::bits</targetSymbol>
    </ADDITIONALINFO>
    <PATH></PATH>
  </DEFECT>
  <DEFECT>
    <SFA>
      <FILEPATH>C:\MAK\vrforces5.0.1\include\tbb\</FILEPATH>
      <FILENAME>atomic.h</FILENAME>
      <LINE>227</LINE>
      <COLUMN>8</COLUMN>
    </SFA>
    <DEFECTCODE>26495</DEFECTCODE>
    <DESCRIPTION>Variable 'tbb::internal::atomic_impl&lt;unsigned __int64&gt;::converter&lt;unsigned __int64&gt;::value' is uninitialized. Always initialize a member variable (type.6).</DESCRIPTION>
    <FUNCTION>tbb::internal::atomic_impl&lt;unsigned __int64&gt;::converter&lt;unsigned __int64&gt;::{ctor}</FUNCTION>
    <DECORATED>??0?$converter@_K@?$atomic_impl@_K@internal@tbb@@QEAA@XZ</DECORATED>
    <FUNCLINE>227</FUNCLINE>
    <ADDITIONALINFO>
      <targetSymbol>tbb::internal::atomic_impl&lt;unsigned __int64&gt;::converter&lt;unsigned __int64&gt;::value</targetSymbol>
    </ADDITIONALINFO>
    <PATH></PATH>
  </DEFECT>
  <DEFECT>
    <SFA>
      <FILEPATH>C:\MAK\vrforces5.0.1\include\tbb\</FILEPATH>
      <FILENAME>atomic.h</FILENAME>
      <LINE>227</LINE>
      <COLUMN>8</COLUMN>
    </SFA>
    <DEFECTCODE>26495</DEFECTCODE>
    <DESCRIPTION>Variable 'tbb::internal::atomic_impl&lt;long&gt;::converter&lt;long&gt;::value' is uninitialized. Always initialize a member variable (type.6).</DESCRIPTION>
    <FUNCTION>tbb::internal::atomic_impl&lt;long&gt;::converter&lt;long&gt;::{ctor}</FUNCTION>
    <DECORATED>??0?$converter@J@?$atomic_impl@J@internal@tbb@@QEAA@XZ</DECORATED>
    <FUNCLINE>227</FUNCLINE>
    <ADDITIONALINFO>
      <targetSymbol>tbb::internal::atomic_impl&lt;long&gt;::converter&lt;long&gt;::value</targetSymbol>
    </ADDITIONALINFO>
    <PATH></PATH>
  </DEFECT>
  <DEFECT>
    <SFA>
      <FILEPATH>C:\MAK\vrforces5.0.1\include\tbb\</FILEPATH>
      <FILENAME>atomic.h</FILENAME>
      <LINE>227</LINE>
      <COLUMN>8</COLUMN>
    </SFA>
    <DEFECTCODE>26495</DEFECTCODE>
    <DESCRIPTION>Variable 'tbb::internal::atomic_impl&lt;long&gt;::converter&lt;long&gt;::bits' is uninitialized. Always initialize a member variable (type.6).</DESCRIPTION>
    <FUNCTION>tbb::internal::atomic_impl&lt;long&gt;::converter&lt;long&gt;::{ctor}</FUNCTION>
    <DECORATED>??0?$converter@J@?$atomic_impl@J@internal@tbb@@QEAA@XZ</DECORATED>
    <FUNCLINE>227</FUNCLINE>
    <ADDITIONALINFO>
      <targetSymbol>tbb::internal::atomic_impl&lt;long&gt;::converter&lt;long&gt;::bits</targetSymbol>
    </ADDITIONALINFO>
    <PATH></PATH>
  </DEFECT>
  <DEFECT>
    <SFA>
      <FILEPATH>C:\MAK\vrforces5.0.1\include\tbb\</FILEPATH>
      <FILENAME>atomic.h</FILENAME>
      <LINE>227</LINE>
      <COLUMN>8</COLUMN>
    </SFA>
    <DEFECTCODE>26495</DEFECTCODE>
    <DESCRIPTION>Variable 'tbb::internal::atomic_impl&lt;unsigned long&gt;::converter&lt;unsigned long&gt;::bits' is uninitialized. Always initialize a member variable (type.6).</DESCRIPTION>
    <FUNCTION>tbb::internal::atomic_impl&lt;unsigned long&gt;::converter&lt;unsigned long&gt;::{ctor}</FUNCTION>
    <DECORATED>??0?$converter@K@?$atomic_impl@K@internal@tbb@@QEAA@XZ</DECORATED>
    <FUNCLINE>227</FUNCLINE>
    <ADDITIONALINFO>
      <targetSymbol>tbb::internal::atomic_impl&lt;unsigned long&gt;::converter&lt;unsigned long&gt;::bits</targetSymbol>
    </ADDITIONALINFO>
    <PATH></PATH>
  </DEFECT>
  <DEFECT>
    <SFA>
      <FILEPATH>C:\MAK\vrforces5.0.1\include\tbb\</FILEPATH>
      <FILENAME>atomic.h</FILENAME>
      <LINE>227</LINE>
      <COLUMN>8</COLUMN>
    </SFA>
    <DEFECTCODE>26495</DEFECTCODE>
    <DESCRIPTION>Variable 'tbb::internal::atomic_impl&lt;unsigned long&gt;::converter&lt;unsigned long&gt;::value' is uninitialized. Always initialize a member variable (type.6).</DESCRIPTION>
    <FUNCTION>tbb::internal::atomic_impl&lt;unsigned long&gt;::converter&lt;unsigned long&gt;::{ctor}</FUNCTION>
    <DECORATED>??0?$converter@K@?$atomic_impl@K@internal@tbb@@QEAA@XZ</DECORATED>
    <FUNCLINE>227</FUNCLINE>
    <ADDITIONALINFO>
      <targetSymbol>tbb::internal::atomic_impl&lt;unsigned long&gt;::converter&lt;unsigned long&gt;::value</targetSymbol>
    </ADDITIONALINFO>
    <PATH></PATH>
  </DEFECT>
  <DEFECT>
    <SFA>
      <FILEPATH>C:\MAK\vrforces5.0.1\include\tbb\</FILEPATH>
      <FILENAME>atomic.h</FILENAME>
      <LINE>227</LINE>
      <COLUMN>8</COLUMN>
    </SFA>
    <DEFECTCODE>26495</DEFECTCODE>
    <DESCRIPTION>Variable 'tbb::internal::atomic_impl&lt;unsigned int&gt;::converter&lt;unsigned int&gt;::bits' is uninitialized. Always initialize a member variable (type.6).</DESCRIPTION>
    <FUNCTION>tbb::internal::atomic_impl&lt;unsigned int&gt;::converter&lt;unsigned int&gt;::{ctor}</FUNCTION>
    <DECORATED>??0?$converter@I@?$atomic_impl@I@internal@tbb@@QEAA@XZ</DECORATED>
    <FUNCLINE>227</FUNCLINE>
    <ADDITIONALINFO>
      <targetSymbol>tbb::internal::atomic_impl&lt;unsigned int&gt;::converter&lt;unsigned int&gt;::bits</targetSymbol>
    </ADDITIONALINFO>
    <PATH></PATH>
  </DEFECT>
  <DEFECT>
    <SFA>
      <FILEPATH>C:\MAK\vrforces5.0.1\include\tbb\</FILEPATH>
      <FILENAME>atomic.h</FILENAME>
      <LINE>227</LINE>
      <COLUMN>8</COLUMN>
    </SFA>
    <DEFECTCODE>26495</DEFECTCODE>
    <DESCRIPTION>Variable 'tbb::internal::atomic_impl&lt;unsigned int&gt;::converter&lt;unsigned int&gt;::value' is uninitialized. Always initialize a member variable (type.6).</DESCRIPTION>
    <FUNCTION>tbb::internal::atomic_impl&lt;unsigned int&gt;::converter&lt;unsigned int&gt;::{ctor}</FUNCTION>
    <DECORATED>??0?$converter@I@?$atomic_impl@I@internal@tbb@@QEAA@XZ</DECORATED>
    <FUNCLINE>227</FUNCLINE>
    <ADDITIONALINFO>
      <targetSymbol>tbb::internal::atomic_impl&lt;unsigned int&gt;::converter&lt;unsigned int&gt;::value</targetSymbol>
    </ADDITIONALINFO>
    <PATH></PATH>
  </DEFECT>
  <DEFECT>
    <SFA>
      <FILEPATH>C:\MAK\vrforces5.0.1\include\tbb\</FILEPATH>
      <FILENAME>atomic.h</FILENAME>
      <LINE>227</LINE>
      <COLUMN>8</COLUMN>
    </SFA>
    <DEFECTCODE>26495</DEFECTCODE>
    <DESCRIPTION>Variable 'tbb::internal::atomic_impl&lt;int&gt;::converter&lt;int&gt;::value' is uninitialized. Always initialize a member variable (type.6).</DESCRIPTION>
    <FUNCTION>tbb::internal::atomic_impl&lt;int&gt;::converter&lt;int&gt;::{ctor}</FUNCTION>
    <DECORATED>??0?$converter@H@?$atomic_impl@H@internal@tbb@@QEAA@XZ</DECORATED>
    <FUNCLINE>227</FUNCLINE>
    <ADDITIONALINFO>
      <targetSymbol>tbb::internal::atomic_impl&lt;int&gt;::converter&lt;int&gt;::value</targetSymbol>
    </ADDITIONALINFO>
    <PATH></PATH>
  </DEFECT>
  <DEFECT>
    <SFA>
      <FILEPATH>C:\MAK\vrforces5.0.1\include\tbb\</FILEPATH>
      <FILENAME>atomic.h</FILENAME>
      <LINE>227</LINE>
      <COLUMN>8</COLUMN>
    </SFA>
    <DEFECTCODE>26495</DEFECTCODE>
    <DESCRIPTION>Variable 'tbb::internal::atomic_impl&lt;int&gt;::converter&lt;int&gt;::bits' is uninitialized. Always initialize a member variable (type.6).</DESCRIPTION>
    <FUNCTION>tbb::internal::atomic_impl&lt;int&gt;::converter&lt;int&gt;::{ctor}</FUNCTION>
    <DECORATED>??0?$converter@H@?$atomic_impl@H@internal@tbb@@QEAA@XZ</DECORATED>
    <FUNCLINE>227</FUNCLINE>
    <ADDITIONALINFO>
      <targetSymbol>tbb::internal::atomic_impl&lt;int&gt;::converter&lt;int&gt;::bits</targetSymbol>
    </ADDITIONALINFO>
    <PATH></PATH>
  </DEFECT>
  <DEFECT>
    <SFA>
      <FILEPATH>C:\MAK\vrforces5.0.1\include\tbb\</FILEPATH>
      <FILENAME>atomic.h</FILENAME>
      <LINE>227</LINE>
      <COLUMN>8</COLUMN>
    </SFA>
    <DEFECTCODE>26495</DEFECTCODE>
    <DESCRIPTION>Variable 'tbb::internal::atomic_impl&lt;unsigned short&gt;::converter&lt;unsigned short&gt;::bits' is uninitialized. Always initialize a member variable (type.6).</DESCRIPTION>
    <FUNCTION>tbb::internal::atomic_impl&lt;unsigned short&gt;::converter&lt;unsigned short&gt;::{ctor}</FUNCTION>
    <DECORATED>??0?$converter@G@?$atomic_impl@G@internal@tbb@@QEAA@XZ</DECORATED>
    <FUNCLINE>227</FUNCLINE>
    <ADDITIONALINFO>
      <targetSymbol>tbb::internal::atomic_impl&lt;unsigned short&gt;::converter&lt;unsigned short&gt;::bits</targetSymbol>
    </ADDITIONALINFO>
    <PATH></PATH>
  </DEFECT>
  <DEFECT>
    <SFA>
      <FILEPATH>C:\MAK\vrforces5.0.1\include\tbb\</FILEPATH>
      <FILENAME>atomic.h</FILENAME>
      <LINE>227</LINE>
      <COLUMN>8</COLUMN>
    </SFA>
    <DEFECTCODE>26495</DEFECTCODE>
    <DESCRIPTION>Variable 'tbb::internal::atomic_impl&lt;unsigned short&gt;::converter&lt;unsigned short&gt;::value' is uninitialized. Always initialize a member variable (type.6).</DESCRIPTION>
    <FUNCTION>tbb::internal::atomic_impl&lt;unsigned short&gt;::converter&lt;unsigned short&gt;::{ctor}</FUNCTION>
    <DECORATED>??0?$converter@G@?$atomic_impl@G@internal@tbb@@QEAA@XZ</DECORATED>
    <FUNCLINE>227</FUNCLINE>
    <ADDITIONALINFO>
      <targetSymbol>tbb::internal::atomic_impl&lt;unsigned short&gt;::converter&lt;unsigned short&gt;::value</targetSymbol>
    </ADDITIONALINFO>
    <PATH></PATH>
  </DEFECT>
  <DEFECT>
    <SFA>
      <FILEPATH>C:\MAK\vrforces5.0.1\include\tbb\</FILEPATH>
      <FILENAME>atomic.h</FILENAME>
      <LINE>227</LINE>
      <COLUMN>8</COLUMN>
    </SFA>
    <DEFECTCODE>26495</DEFECTCODE>
    <DESCRIPTION>Variable 'tbb::internal::atomic_impl&lt;short&gt;::converter&lt;short&gt;::bits' is uninitialized. Always initialize a member variable (type.6).</DESCRIPTION>
    <FUNCTION>tbb::internal::atomic_impl&lt;short&gt;::converter&lt;short&gt;::{ctor}</FUNCTION>
    <DECORATED>??0?$converter@F@?$atomic_impl@F@internal@tbb@@QEAA@XZ</DECORATED>
    <FUNCLINE>227</FUNCLINE>
    <ADDITIONALINFO>
      <targetSymbol>tbb::internal::atomic_impl&lt;short&gt;::converter&lt;short&gt;::bits</targetSymbol>
    </ADDITIONALINFO>
    <PATH></PATH>
  </DEFECT>
  <DEFECT>
    <SFA>
      <FILEPATH>C:\MAK\vrforces5.0.1\include\tbb\</FILEPATH>
      <FILENAME>atomic.h</FILENAME>
      <LINE>227</LINE>
      <COLUMN>8</COLUMN>
    </SFA>
    <DEFECTCODE>26495</DEFECTCODE>
    <DESCRIPTION>Variable 'tbb::internal::atomic_impl&lt;short&gt;::converter&lt;short&gt;::value' is uninitialized. Always initialize a member variable (type.6).</DESCRIPTION>
    <FUNCTION>tbb::internal::atomic_impl&lt;short&gt;::converter&lt;short&gt;::{ctor}</FUNCTION>
    <DECORATED>??0?$converter@F@?$atomic_impl@F@internal@tbb@@QEAA@XZ</DECORATED>
    <FUNCLINE>227</FUNCLINE>
    <ADDITIONALINFO>
      <targetSymbol>tbb::internal::atomic_impl&lt;short&gt;::converter&lt;short&gt;::value</targetSymbol>
    </ADDITIONALINFO>
    <PATH></PATH>
  </DEFECT>
  <DEFECT>
    <SFA>
      <FILEPATH>C:\MAK\vrforces5.0.1\include\tbb\</FILEPATH>
      <FILENAME>atomic.h</FILENAME>
      <LINE>227</LINE>
      <COLUMN>8</COLUMN>
    </SFA>
    <DEFECTCODE>26495</DEFECTCODE>
    <DESCRIPTION>Variable 'tbb::internal::atomic_impl&lt;char&gt;::converter&lt;char&gt;::bits' is uninitialized. Always initialize a member variable (type.6).</DESCRIPTION>
    <FUNCTION>tbb::internal::atomic_impl&lt;char&gt;::converter&lt;char&gt;::{ctor}</FUNCTION>
    <DECORATED>??0?$converter@D@?$atomic_impl@D@internal@tbb@@QEAA@XZ</DECORATED>
    <FUNCLINE>227</FUNCLINE>
    <ADDITIONALINFO>
      <targetSymbol>tbb::internal::atomic_impl&lt;char&gt;::converter&lt;char&gt;::bits</targetSymbol>
    </ADDITIONALINFO>
    <PATH></PATH>
  </DEFECT>
  <DEFECT>
    <SFA>
      <FILEPATH>C:\MAK\vrforces5.0.1\include\tbb\</FILEPATH>
      <FILENAME>atomic.h</FILENAME>
      <LINE>227</LINE>
      <COLUMN>8</COLUMN>
    </SFA>
    <DEFECTCODE>26495</DEFECTCODE>
    <DESCRIPTION>Variable 'tbb::internal::atomic_impl&lt;char&gt;::converter&lt;char&gt;::value' is uninitialized. Always initialize a member variable (type.6).</DESCRIPTION>
    <FUNCTION>tbb::internal::atomic_impl&lt;char&gt;::converter&lt;char&gt;::{ctor}</FUNCTION>
    <DECORATED>??0?$converter@D@?$atomic_impl@D@internal@tbb@@QEAA@XZ</DECORATED>
    <FUNCLINE>227</FUNCLINE>
    <ADDITIONALINFO>
      <targetSymbol>tbb::internal::atomic_impl&lt;char&gt;::converter&lt;char&gt;::value</targetSymbol>
    </ADDITIONALINFO>
    <PATH></PATH>
  </DEFECT>
  <DEFECT>
    <SFA>
      <FILEPATH>C:\MAK\vrforces5.0.1\include\tbb\</FILEPATH>
      <FILENAME>atomic.h</FILENAME>
      <LINE>227</LINE>
      <COLUMN>8</COLUMN>
    </SFA>
    <DEFECTCODE>26495</DEFECTCODE>
    <DESCRIPTION>Variable 'tbb::internal::atomic_impl&lt;signed char&gt;::converter&lt;signed char&gt;::value' is uninitialized. Always initialize a member variable (type.6).</DESCRIPTION>
    <FUNCTION>tbb::internal::atomic_impl&lt;signed char&gt;::converter&lt;signed char&gt;::{ctor}</FUNCTION>
    <DECORATED>??0?$converter@C@?$atomic_impl@C@internal@tbb@@QEAA@XZ</DECORATED>
    <FUNCLINE>227</FUNCLINE>
    <ADDITIONALINFO>
      <targetSymbol>tbb::internal::atomic_impl&lt;signed char&gt;::converter&lt;signed char&gt;::value</targetSymbol>
    </ADDITIONALINFO>
    <PATH></PATH>
  </DEFECT>
  <DEFECT>
    <SFA>
      <FILEPATH>C:\MAK\vrforces5.0.1\include\tbb\</FILEPATH>
      <FILENAME>atomic.h</FILENAME>
      <LINE>227</LINE>
      <COLUMN>8</COLUMN>
    </SFA>
    <DEFECTCODE>26495</DEFECTCODE>
    <DESCRIPTION>Variable 'tbb::internal::atomic_impl&lt;signed char&gt;::converter&lt;signed char&gt;::bits' is uninitialized. Always initialize a member variable (type.6).</DESCRIPTION>
    <FUNCTION>tbb::internal::atomic_impl&lt;signed char&gt;::converter&lt;signed char&gt;::{ctor}</FUNCTION>
    <DECORATED>??0?$converter@C@?$atomic_impl@C@internal@tbb@@QEAA@XZ</DECORATED>
    <FUNCLINE>227</FUNCLINE>
    <ADDITIONALINFO>
      <targetSymbol>tbb::internal::atomic_impl&lt;signed char&gt;::converter&lt;signed char&gt;::bits</targetSymbol>
    </ADDITIONALINFO>
    <PATH></PATH>
  </DEFECT>
  <DEFECT>
    <SFA>
      <FILEPATH>C:\MAK\vrforces5.0.1\include\tbb\</FILEPATH>
      <FILENAME>atomic.h</FILENAME>
      <LINE>227</LINE>
      <COLUMN>8</COLUMN>
    </SFA>
    <DEFECTCODE>26495</DEFECTCODE>
    <DESCRIPTION>Variable 'tbb::internal::atomic_impl&lt;unsigned char&gt;::converter&lt;unsigned char&gt;::bits' is uninitialized. Always initialize a member variable (type.6).</DESCRIPTION>
    <FUNCTION>tbb::internal::atomic_impl&lt;unsigned char&gt;::converter&lt;unsigned char&gt;::{ctor}</FUNCTION>
    <DECORATED>??0?$converter@E@?$atomic_impl@E@internal@tbb@@QEAA@XZ</DECORATED>
    <FUNCLINE>227</FUNCLINE>
    <ADDITIONALINFO>
      <targetSymbol>tbb::internal::atomic_impl&lt;unsigned char&gt;::converter&lt;unsigned char&gt;::bits</targetSymbol>
    </ADDITIONALINFO>
    <PATH></PATH>
  </DEFECT>
  <DEFECT>
    <SFA>
      <FILEPATH>C:\MAK\vrforces5.0.1\include\tbb\</FILEPATH>
      <FILENAME>atomic.h</FILENAME>
      <LINE>227</LINE>
      <COLUMN>8</COLUMN>
    </SFA>
    <DEFECTCODE>26495</DEFECTCODE>
    <DESCRIPTION>Variable 'tbb::internal::atomic_impl&lt;unsigned char&gt;::converter&lt;unsigned char&gt;::value' is uninitialized. Always initialize a member variable (type.6).</DESCRIPTION>
    <FUNCTION>tbb::internal::atomic_impl&lt;unsigned char&gt;::converter&lt;unsigned char&gt;::{ctor}</FUNCTION>
    <DECORATED>??0?$converter@E@?$atomic_impl@E@internal@tbb@@QEAA@XZ</DECORATED>
    <FUNCLINE>227</FUNCLINE>
    <ADDITIONALINFO>
      <targetSymbol>tbb::internal::atomic_impl&lt;unsigned char&gt;::converter&lt;unsigned char&gt;::value</targetSymbol>
    </ADDITIONALINFO>
    <PATH></PATH>
  </DEFECT>
  <DEFECT>
    <SFA>
      <FILEPATH>C:\MAK\vrforces5.0.1\include\tbb\</FILEPATH>
      <FILENAME>atomic.h</FILENAME>
      <LINE>227</LINE>
      <COLUMN>8</COLUMN>
    </SFA>
    <DEFECTCODE>26495</DEFECTCODE>
    <DESCRIPTION>Variable 'tbb::internal::atomic_impl&lt;wchar_t&gt;::converter&lt;wchar_t&gt;::value' is uninitialized. Always initialize a member variable (type.6).</DESCRIPTION>
    <FUNCTION>tbb::internal::atomic_impl&lt;wchar_t&gt;::converter&lt;wchar_t&gt;::{ctor}</FUNCTION>
    <DECORATED>??0?$converter@_W@?$atomic_impl@_W@internal@tbb@@QEAA@XZ</DECORATED>
    <FUNCLINE>227</FUNCLINE>
    <ADDITIONALINFO>
      <targetSymbol>tbb::internal::atomic_impl&lt;wchar_t&gt;::converter&lt;wchar_t&gt;::value</targetSymbol>
    </ADDITIONALINFO>
    <PATH></PATH>
  </DEFECT>
  <DEFECT>
    <SFA>
      <FILEPATH>C:\MAK\vrforces5.0.1\include\tbb\</FILEPATH>
      <FILENAME>atomic.h</FILENAME>
      <LINE>227</LINE>
      <COLUMN>8</COLUMN>
    </SFA>
    <DEFECTCODE>26495</DEFECTCODE>
    <DESCRIPTION>Variable 'tbb::internal::atomic_impl&lt;wchar_t&gt;::converter&lt;wchar_t&gt;::bits' is uninitialized. Always initialize a member variable (type.6).</DESCRIPTION>
    <FUNCTION>tbb::internal::atomic_impl&lt;wchar_t&gt;::converter&lt;wchar_t&gt;::{ctor}</FUNCTION>
    <DECORATED>??0?$converter@_W@?$atomic_impl@_W@internal@tbb@@QEAA@XZ</DECORATED>
    <FUNCLINE>227</FUNCLINE>
    <ADDITIONALINFO>
      <targetSymbol>tbb::internal::atomic_impl&lt;wchar_t&gt;::converter&lt;wchar_t&gt;::bits</targetSymbol>
    </ADDITIONALINFO>
    <PATH></PATH>
  </DEFECT>
  <DEFECT>
    <SFA>
      <FILEPATH>C:\MAK\vrforces5.0.1\include\tbb\</FILEPATH>
      <FILENAME>atomic.h</FILENAME>
      <LINE>227</LINE>
      <COLUMN>8</COLUMN>
    </SFA>
    <DEFECTCODE>26495</DEFECTCODE>
    <DESCRIPTION>Variable 'tbb::internal::atomic_impl&lt;void *&gt;::converter&lt;void *&gt;::bits' is uninitialized. Always initialize a member variable (type.6).</DESCRIPTION>
    <FUNCTION>tbb::internal::atomic_impl&lt;void *&gt;::converter&lt;void *&gt;::{ctor}</FUNCTION>
    <DECORATED>??0?$converter@PEAX@?$atomic_impl@PEAX@internal@tbb@@QEAA@XZ</DECORATED>
    <FUNCLINE>227</FUNCLINE>
    <ADDITIONALINFO>
      <targetSymbol>tbb::internal::atomic_impl&lt;void *&gt;::converter&lt;void *&gt;::bits</targetSymbol>
    </ADDITIONALINFO>
    <PATH></PATH>
  </DEFECT>
  <DEFECT>
    <SFA>
      <FILEPATH>C:\MAK\vrforces5.0.1\include\tbb\</FILEPATH>
      <FILENAME>atomic.h</FILENAME>
      <LINE>227</LINE>
      <COLUMN>8</COLUMN>
    </SFA>
    <DEFECTCODE>26495</DEFECTCODE>
    <DESCRIPTION>Variable 'tbb::internal::atomic_impl&lt;void *&gt;::converter&lt;void *&gt;::value' is uninitialized. Always initialize a member variable (type.6).</DESCRIPTION>
    <FUNCTION>tbb::internal::atomic_impl&lt;void *&gt;::converter&lt;void *&gt;::{ctor}</FUNCTION>
    <DECORATED>??0?$converter@PEAX@?$atomic_impl@PEAX@internal@tbb@@QEAA@XZ</DECORATED>
    <FUNCLINE>227</FUNCLINE>
    <ADDITIONALINFO>
      <targetSymbol>tbb::internal::atomic_impl&lt;void *&gt;::converter&lt;void *&gt;::value</targetSymbol>
    </ADDITIONALINFO>
    <PATH></PATH>
  </DEFECT>
</DEFECTS>