<?xml version="1.0" encoding="UTF-8"?>
<DEFECTS>
  <DEFECT>
    <SFA>
      <FILEPATH>C:\MAK\vrlink5.8\include\cmdLine\</FILEPATH>
      <FILENAME>cmdArgException.h</FILENAME>
      <LINE>64</LINE>
      <COLUMN>15</COLUMN>
    </SFA>
    <DEFECTCODE>26439</DEFECTCODE>
    <DESCRIPTION>This kind of function may not throw. Declare it 'noexcept' (f.6).</DESCRIPTION>
    <FUNCTION>DtCmdLine::ArgException::{dtor}</FUNCTION>
    <DECORATED>??1ArgException@DtCmdLine@@UEAA@XZ</DECORATED>
    <FUNCLINE>64</FUNCLINE>
    <PATH></PATH>
  </DEFECT>
  <DEFECT>
    <SFA>
      <FILEPATH>C:\MAK\vrlink5.8\include\cmdLine\</FILEPATH>
      <FILENAME>cmdArg.h</FILENAME>
      <LINE>305</LINE>
      <COLUMN>70</COLUMN>
    </SFA>
    <DEFECTCODE>26444</DEFECTCODE>
    <DESCRIPTION>Avoid unnamed objects with custom construction and destruction (es.84).</DESCRIPTION>
    <FUNCTION></FUNCTION>
    <DECORATED></DECORATED>
    <FUNCLINE>0</FUNCLINE>
    <PATH></PATH>
  </DEFECT>
  <DEFECT>
    <SFA>
      <FILEPATH>C:\MAK\vrlink5.8\include\cmdLine\</FILEPATH>
      <FILENAME>cmdArg.h</FILENAME>
      <LINE>311</LINE>
      <COLUMN>69</COLUMN>
    </SFA>
    <DEFECTCODE>26444</DEFECTCODE>
    <DESCRIPTION>Avoid unnamed objects with custom construction and destruction (es.84).</DESCRIPTION>
    <FUNCTION></FUNCTION>
    <DECORATED></DECORATED>
    <FUNCLINE>0</FUNCLINE>
    <PATH></PATH>
  </DEFECT>
  <DEFECT>
    <SFA>
      <FILEPATH>C:\MAK\vrlink5.8\include\cmdLine\</FILEPATH>
      <FILENAME>cmdArg.h</FILENAME>
      <LINE>536</LINE>
      <COLUMN>26</COLUMN>
    </SFA>
    <DEFECTCODE>26451</DEFECTCODE>
    <DESCRIPTION>Arithmetic overflow: Using operator '+' on a 4 byte value and then casting the result to a 8 byte value. Cast the value to the wider type before calling operator '+' to avoid overflow (io.2).</DESCRIPTION>
    <FUNCTION>DtCmdLine::Arg::trimFlag</FUNCTION>
    <DECORATED>?trimFlag@Arg@DtCmdLine@@UEBAXAEAV?$basic_string@DU?$char_traits@D@std@@V?$allocator@D@2@@std@@0@Z</DECORATED>
    <FUNCLINE>524</FUNCLINE>
    <PATH></PATH>
  </DEFECT>
  <DEFECT>
    <SFA>
      <FILEPATH>C:\MAK\vrlink5.8\include\cmdLine\</FILEPATH>
      <FILENAME>cmdStdOutput.h</FILENAME>
      <LINE>267</LINE>
      <COLUMN>37</COLUMN>
    </SFA>
    <DEFECTCODE>26451</DEFECTCODE>
    <DESCRIPTION>Arithmetic overflow: Using operator '+' on a 4 byte value and then casting the result to a 8 byte value. Cast the value to the wider type before calling operator '+' to avoid overflow (io.2).</DESCRIPTION>
    <FUNCTION>DtCmdLine::StdOutput::spacePrint</FUNCTION>
    <DECORATED>?spacePrint@StdOutput@DtCmdLine@@IEBAXAEAV?$basic_ostream@DU?$char_traits@D@std@@@std@@AEBV?$basic_string@DU?$char_traits@D@std@@V?$allocator@D@2@@4@HHH@Z</DECORATED>
    <FUNCLINE>243</FUNCLINE>
    <PATH></PATH>
  </DEFECT>
  <DEFECT>
    <SFA>
      <FILEPATH>C:\MAK\vrlink5.8\include\cmdLine\</FILEPATH>
      <FILENAME>cmdStdOutput.h</FILENAME>
      <LINE>268</LINE>
      <COLUMN>37</COLUMN>
    </SFA>
    <DEFECTCODE>26451</DEFECTCODE>
    <DESCRIPTION>Arithmetic overflow: Using operator '+' on a 4 byte value and then casting the result to a 8 byte value. Cast the value to the wider type before calling operator '+' to avoid overflow (io.2).</DESCRIPTION>
    <FUNCTION>DtCmdLine::StdOutput::spacePrint</FUNCTION>
    <DECORATED>?spacePrint@StdOutput@DtCmdLine@@IEBAXAEAV?$basic_ostream@DU?$char_traits@D@std@@@std@@AEBV?$basic_string@DU?$char_traits@D@std@@V?$allocator@D@2@@4@HHH@Z</DECORATED>
    <FUNCLINE>243</FUNCLINE>
    <PATH></PATH>
  </DEFECT>
  <DEFECT>
    <SFA>
      <FILEPATH>C:\MAK\vrlink5.8\include\cmdLine\</FILEPATH>
      <FILENAME>cmdStdOutput.h</FILENAME>
      <LINE>269</LINE>
      <COLUMN>37</COLUMN>
    </SFA>
    <DEFECTCODE>26451</DEFECTCODE>
    <DESCRIPTION>Arithmetic overflow: Using operator '+' on a 4 byte value and then casting the result to a 8 byte value. Cast the value to the wider type before calling operator '+' to avoid overflow (io.2).</DESCRIPTION>
    <FUNCTION>DtCmdLine::StdOutput::spacePrint</FUNCTION>
    <DECORATED>?spacePrint@StdOutput@DtCmdLine@@IEBAXAEAV?$basic_ostream@DU?$char_traits@D@std@@@std@@AEBV?$basic_string@DU?$char_traits@D@std@@V?$allocator@D@2@@4@HHH@Z</DECORATED>
    <FUNCLINE>243</FUNCLINE>
    <PATH></PATH>
  </DEFECT>
  <DEFECT>
    <SFA>
      <FILEPATH>C:\MAK\vrlink5.8\include\cmdLine\</FILEPATH>
      <FILENAME>cmdStdOutput.h</FILENAME>
      <LINE>280</LINE>
      <COLUMN>30</COLUMN>
    </SFA>
    <DEFECTCODE>26451</DEFECTCODE>
    <DESCRIPTION>Arithmetic overflow: Using operator '+' on a 4 byte value and then casting the result to a 8 byte value. Cast the value to the wider type before calling operator '+' to avoid overflow (io.2).</DESCRIPTION>
    <FUNCTION>DtCmdLine::StdOutput::spacePrint</FUNCTION>
    <DECORATED>?spacePrint@StdOutput@DtCmdLine@@IEBAXAEAV?$basic_ostream@DU?$char_traits@D@std@@@std@@AEBV?$basic_string@DU?$char_traits@D@std@@V?$allocator@D@2@@4@HHH@Z</DECORATED>
    <FUNCLINE>243</FUNCLINE>
    <PATH></PATH>
  </DEFECT>
  <DEFECT>
    <SFA>
      <FILEPATH>C:\MAK\vrlink5.8\include\cmdLine\</FILEPATH>
      <FILENAME>cmdStdOutput.h</FILENAME>
      <LINE>299</LINE>
      <COLUMN>34</COLUMN>
    </SFA>
    <DEFECTCODE>26451</DEFECTCODE>
    <DESCRIPTION>Arithmetic overflow: Using operator '+' on a 4 byte value and then casting the result to a 8 byte value. Cast the value to the wider type before calling operator '+' to avoid overflow (io.2).</DESCRIPTION>
    <FUNCTION>DtCmdLine::StdOutput::spacePrint</FUNCTION>
    <DECORATED>?spacePrint@StdOutput@DtCmdLine@@IEBAXAEAV?$basic_ostream@DU?$char_traits@D@std@@@std@@AEBV?$basic_string@DU?$char_traits@D@std@@V?$allocator@D@2@@4@HHH@Z</DECORATED>
    <FUNCLINE>243</FUNCLINE>
    <PATH></PATH>
  </DEFECT>
  <DEFECT>
    <SFA>
      <FILEPATH>C:\MAK\vrlink5.8\include\cmdLine\</FILEPATH>
      <FILENAME>cmdLine.h</FILENAME>
      <LINE>509</LINE>
      <COLUMN>24</COLUMN>
    </SFA>
    <DEFECTCODE>6386</DEFECTCODE>
    <DESCRIPTION>Buffer overrun while writing to 'new_argv':  the writable size is 'args.public: unsigned __int64 __cdecl std::vector&lt;class std::basic_string&lt;char,struct std::char_traits&lt;char&gt;,class std::allocator&lt;char&gt; &gt;,class std::allocator&lt;class std::basic_string&lt;char,struct std::char_traits&lt;char&gt;,class std::allocator&lt;char&gt; &gt; &gt; &gt;::size(void)const ()*8' bytes, but '16' bytes might be written.</DESCRIPTION>
    <FUNCTION>DtCmdLine::CmdLine::checkHelpOption</FUNCTION>
    <DECORATED>?checkHelpOption@CmdLine@DtCmdLine@@QEAAPEAPEADAEAHPEAPEADAEA_N_N@Z</DECORATED>
    <FUNCLINE>423</FUNCLINE>
    <PROBABILITY>1</PROBABILITY>
    <RANK>4</RANK>
    <CATEGORY>
      <RULECATEGORY>mspft</RULECATEGORY>
    </CATEGORY>
    <PATH>
      <SFA>
        <FILEPATH>C:\MAK\vrlink5.8\include\cmdLine\</FILEPATH>
        <FILENAME>cmdLine.h</FILENAME>
        <LINE>426</LINE>
        <COLUMN>16</COLUMN>
      </SFA>
      <SFA>
        <FILEPATH>C:\MAK\vrlink5.8\include\cmdLine\</FILEPATH>
        <FILENAME>cmdLine.h</FILENAME>
        <LINE>429</LINE>
        <COLUMN>10</COLUMN>
      </SFA>
      <SFA>
        <FILEPATH>C:\MAK\vrlink5.8\include\cmdLine\</FILEPATH>
        <FILENAME>cmdLine.h</FILENAME>
        <LINE>432</LINE>
        <COLUMN>31</COLUMN>
      </SFA>
      <SFA>
        <FILEPATH>C:\MAK\vrlink5.8\include\cmdLine\</FILEPATH>
        <FILENAME>cmdLine.h</FILENAME>
        <LINE>433</LINE>
        <COLUMN>15</COLUMN>
      </SFA>
      <SFA>
        <FILEPATH>C:\MAK\vrlink5.8\include\cmdLine\</FILEPATH>
        <FILENAME>cmdLine.h</FILENAME>
        <LINE>433</LINE>
        <COLUMN>24</COLUMN>
      </SFA>
      <SFA>
        <FILEPATH>C:\MAK\vrlink5.8\include\cmdLine\</FILEPATH>
        <FILENAME>cmdLine.h</FILENAME>
        <LINE>436</LINE>
        <COLUMN>41</COLUMN>
      </SFA>
      <SFA>
        <FILEPATH>C:\MAK\vrlink5.8\include\cmdLine\</FILEPATH>
        <FILENAME>cmdLine.h</FILENAME>
        <LINE>437</LINE>
        <COLUMN>41</COLUMN>
      </SFA>
      <SFA>
        <FILEPATH>C:\MAK\vrlink5.8\include\cmdLine\</FILEPATH>
        <FILENAME>cmdLine.h</FILENAME>
        <LINE>438</LINE>
        <COLUMN>41</COLUMN>
      </SFA>
      <SFA>
        <FILEPATH>C:\MAK\vrlink5.8\include\cmdLine\</FILEPATH>
        <FILENAME>cmdLine.h</FILENAME>
        <LINE>441</LINE>
        <COLUMN>10</COLUMN>
      </SFA>
      <SFA>
        <FILEPATH>C:\MAK\vrlink5.8\include\cmdLine\</FILEPATH>
        <FILENAME>cmdLine.h</FILENAME>
        <LINE>444</LINE>
        <COLUMN>11</COLUMN>
      </SFA>
      <SFA>
        <FILEPATH>C:\MAK\vrlink5.8\include\cmdLine\</FILEPATH>
        <FILENAME>cmdLine.h</FILENAME>
        <LINE>446</LINE>
        <COLUMN>26</COLUMN>
      </SFA>
      <SFA>
        <FILEPATH>C:\MAK\vrlink5.8\include\cmdLine\</FILEPATH>
        <FILENAME>cmdLine.h</FILENAME>
        <LINE>448</LINE>
        <COLUMN>20</COLUMN>
      </SFA>
      <SFA>
        <FILEPATH>C:\MAK\vrlink5.8\include\cmdLine\</FILEPATH>
        <FILENAME>cmdLine.h</FILENAME>
        <LINE>470</LINE>
        <COLUMN>25</COLUMN>
      </SFA>
      <SFA>
        <FILEPATH>C:\MAK\vrlink5.8\include\cmdLine\</FILEPATH>
        <FILENAME>cmdLine.h</FILENAME>
        <LINE>472</LINE>
        <COLUMN>16</COLUMN>
      </SFA>
      <SFA>
        <FILEPATH>C:\MAK\vrlink5.8\include\cmdLine\</FILEPATH>
        <FILENAME>cmdLine.h</FILENAME>
        <LINE>475</LINE>
        <COLUMN>19</COLUMN>
      </SFA>
      <SFA>
        <FILEPATH>C:\MAK\vrlink5.8\include\cmdLine\</FILEPATH>
        <FILENAME>cmdLine.h</FILENAME>
        <LINE>478</LINE>
        <COLUMN>25</COLUMN>
      </SFA>
      <SFA>
        <FILEPATH>C:\MAK\vrlink5.8\include\cmdLine\</FILEPATH>
        <FILENAME>cmdLine.h</FILENAME>
        <LINE>482</LINE>
        <COLUMN>16</COLUMN>
      </SFA>
      <SFA>
        <FILEPATH>C:\MAK\vrlink5.8\include\cmdLine\</FILEPATH>
        <FILENAME>cmdLine.h</FILENAME>
        <LINE>485</LINE>
        <COLUMN>21</COLUMN>
      </SFA>
      <SFA>
        <FILEPATH>C:\MAK\vrlink5.8\include\cmdLine\</FILEPATH>
        <FILENAME>cmdLine.h</FILENAME>
        <LINE>499</LINE>
        <COLUMN>13</COLUMN>
      </SFA>
      <SFA>
        <FILEPATH>C:\MAK\vrlink5.8\include\cmdLine\</FILEPATH>
        <FILENAME>cmdLine.h</FILENAME>
        <LINE>501</LINE>
        <COLUMN>37</COLUMN>
      </SFA>
      <SFA>
        <FILEPATH>C:\MAK\vrlink5.8\include\cmdLine\</FILEPATH>
        <FILENAME>cmdLine.h</FILENAME>
        <LINE>506</LINE>
        <COLUMN>14</COLUMN>
        <KEYEVENT>
          <ID>1</ID>
          <KIND>declaration</KIND>
          <IMPORTANCE>Essential</IMPORTANCE>
          <MESSAGE>'new_argv' is an array of 1 elements (8 bytes)</MESSAGE>
        </KEYEVENT>
      </SFA>
      <SFA>
        <FILEPATH>C:\MAK\vrlink5.8\include\cmdLine\</FILEPATH>
        <FILENAME>cmdLine.h</FILENAME>
        <LINE>507</LINE>
        <COLUMN>27</COLUMN>
      </SFA>
      <SFA>
        <FILEPATH>C:\MAK\vrlink5.8\include\cmdLine\</FILEPATH>
        <FILENAME>cmdLine.h</FILENAME>
        <LINE>507</LINE>
        <COLUMN>36</COLUMN>
        <KEYEVENT>
          <ID>2</ID>
          <KIND>branch</KIND>
          <IMPORTANCE>Full</IMPORTANCE>
          <MESSAGE>Enter this loop, (assume 'i&lt;args.size()')</MESSAGE>
        </KEYEVENT>
      </SFA>
      <SFA>
        <FILEPATH>C:\MAK\vrlink5.8\include\cmdLine\</FILEPATH>
        <FILENAME>cmdLine.h</FILENAME>
        <LINE>509</LINE>
        <COLUMN>24</COLUMN>
      </SFA>
      <SFA>
        <FILEPATH>C:\MAK\vrlink5.8\include\cmdLine\</FILEPATH>
        <FILENAME>cmdLine.h</FILENAME>
        <LINE>510</LINE>
        <COLUMN>18</COLUMN>
      </SFA>
      <SFA>
        <FILEPATH>C:\MAK\vrlink5.8\include\cmdLine\</FILEPATH>
        <FILENAME>cmdLine.h</FILENAME>
        <LINE>507</LINE>
        <COLUMN>51</COLUMN>
        <KEYEVENT>
          <ID>3</ID>
          <KIND>declaration</KIND>
          <IMPORTANCE>Essential</IMPORTANCE>
          <MESSAGE>'i' may equal 1</MESSAGE>
        </KEYEVENT>
      </SFA>
      <SFA>
        <FILEPATH>C:\MAK\vrlink5.8\include\cmdLine\</FILEPATH>
        <FILENAME>cmdLine.h</FILENAME>
        <LINE>507</LINE>
        <COLUMN>36</COLUMN>
        <KEYEVENT>
          <ID>4</ID>
          <KIND>branch</KIND>
          <IMPORTANCE>Full</IMPORTANCE>
          <MESSAGE>Continue this loop, (assume 'i&lt;args.size()')</MESSAGE>
        </KEYEVENT>
      </SFA>
      <SFA>
        <FILEPATH>C:\MAK\vrlink5.8\include\cmdLine\</FILEPATH>
        <FILENAME>cmdLine.h</FILENAME>
        <LINE>509</LINE>
        <COLUMN>24</COLUMN>
        <KEYEVENT>
          <ID>5</ID>
          <KIND>declaration</KIND>
          <IMPORTANCE>Full</IMPORTANCE>
          <MESSAGE>'i' is an In/Out argument to 'std::vector&lt;std::basic_string&lt;char,std::char_traits&lt;char&gt;,std::allocator&lt;char&gt; &gt;,std::allocator&lt;std::basic_string&lt;char,std::char_traits&lt;char&gt;,std::allocator&lt;char&gt; &gt; &gt; &gt;::[]' (declared at c:\program files (x86)\microsoft visual studio\2019\community\vc\tools\msvc\14.24.28314\include\vector:1498)</MESSAGE>
        </KEYEVENT>
      </SFA>
      <SFA>
        <FILEPATH>C:\MAK\vrlink5.8\include\cmdLine\</FILEPATH>
        <FILENAME>cmdLine.h</FILENAME>
        <LINE>509</LINE>
        <COLUMN>24</COLUMN>
        <KEYEVENT>
          <ID>6</ID>
          <KIND>usage</KIND>
          <IMPORTANCE>Essential</IMPORTANCE>
          <MESSAGE>Invalid write to 'new_argv[1]', (writable range is 0 to 0)</MESSAGE>
        </KEYEVENT>
      </SFA>
    </PATH>
  </DEFECT>
  <DEFECT>
    <SFA>
      <FILEPATH>C:\MAK\vrlink5.8\include\cmdLine\</FILEPATH>
      <FILENAME>cmdLine.h</FILENAME>
      <LINE>510</LINE>
      <COLUMN>18</COLUMN>
    </SFA>
    <DEFECTCODE>6385</DEFECTCODE>
    <DESCRIPTION>Reading invalid data from 'new_argv':  the readable size is 'args.public: unsigned __int64 __cdecl std::vector&lt;class std::basic_string&lt;char,struct std::char_traits&lt;char&gt;,class std::allocator&lt;char&gt; &gt;,class std::allocator&lt;class std::basic_string&lt;char,struct std::char_traits&lt;char&gt;,class std::allocator&lt;char&gt; &gt; &gt; &gt;::size(void)const ()*8' bytes, but '16' bytes may be read.</DESCRIPTION>
    <FUNCTION>DtCmdLine::CmdLine::checkHelpOption</FUNCTION>
    <DECORATED>?checkHelpOption@CmdLine@DtCmdLine@@QEAAPEAPEADAEAHPEAPEADAEA_N_N@Z</DECORATED>
    <FUNCLINE>423</FUNCLINE>
    <PROBABILITY>1</PROBABILITY>
    <RANK>4</RANK>
    <CATEGORY>
      <RULECATEGORY>mspft</RULECATEGORY>
    </CATEGORY>
    <PATH>
      <SFA>
        <FILEPATH>C:\MAK\vrlink5.8\include\cmdLine\</FILEPATH>
        <FILENAME>cmdLine.h</FILENAME>
        <LINE>426</LINE>
        <COLUMN>16</COLUMN>
      </SFA>
      <SFA>
        <FILEPATH>C:\MAK\vrlink5.8\include\cmdLine\</FILEPATH>
        <FILENAME>cmdLine.h</FILENAME>
        <LINE>429</LINE>
        <COLUMN>10</COLUMN>
      </SFA>
      <SFA>
        <FILEPATH>C:\MAK\vrlink5.8\include\cmdLine\</FILEPATH>
        <FILENAME>cmdLine.h</FILENAME>
        <LINE>432</LINE>
        <COLUMN>31</COLUMN>
      </SFA>
      <SFA>
        <FILEPATH>C:\MAK\vrlink5.8\include\cmdLine\</FILEPATH>
        <FILENAME>cmdLine.h</FILENAME>
        <LINE>433</LINE>
        <COLUMN>15</COLUMN>
      </SFA>
      <SFA>
        <FILEPATH>C:\MAK\vrlink5.8\include\cmdLine\</FILEPATH>
        <FILENAME>cmdLine.h</FILENAME>
        <LINE>433</LINE>
        <COLUMN>24</COLUMN>
      </SFA>
      <SFA>
        <FILEPATH>C:\MAK\vrlink5.8\include\cmdLine\</FILEPATH>
        <FILENAME>cmdLine.h</FILENAME>
        <LINE>436</LINE>
        <COLUMN>41</COLUMN>
      </SFA>
      <SFA>
        <FILEPATH>C:\MAK\vrlink5.8\include\cmdLine\</FILEPATH>
        <FILENAME>cmdLine.h</FILENAME>
        <LINE>437</LINE>
        <COLUMN>41</COLUMN>
      </SFA>
      <SFA>
        <FILEPATH>C:\MAK\vrlink5.8\include\cmdLine\</FILEPATH>
        <FILENAME>cmdLine.h</FILENAME>
        <LINE>438</LINE>
        <COLUMN>41</COLUMN>
      </SFA>
      <SFA>
        <FILEPATH>C:\MAK\vrlink5.8\include\cmdLine\</FILEPATH>
        <FILENAME>cmdLine.h</FILENAME>
        <LINE>441</LINE>
        <COLUMN>10</COLUMN>
      </SFA>
      <SFA>
        <FILEPATH>C:\MAK\vrlink5.8\include\cmdLine\</FILEPATH>
        <FILENAME>cmdLine.h</FILENAME>
        <LINE>444</LINE>
        <COLUMN>11</COLUMN>
      </SFA>
      <SFA>
        <FILEPATH>C:\MAK\vrlink5.8\include\cmdLine\</FILEPATH>
        <FILENAME>cmdLine.h</FILENAME>
        <LINE>446</LINE>
        <COLUMN>26</COLUMN>
      </SFA>
      <SFA>
        <FILEPATH>C:\MAK\vrlink5.8\include\cmdLine\</FILEPATH>
        <FILENAME>cmdLine.h</FILENAME>
        <LINE>448</LINE>
        <COLUMN>20</COLUMN>
      </SFA>
      <SFA>
        <FILEPATH>C:\MAK\vrlink5.8\include\cmdLine\</FILEPATH>
        <FILENAME>cmdLine.h</FILENAME>
        <LINE>470</LINE>
        <COLUMN>25</COLUMN>
      </SFA>
      <SFA>
        <FILEPATH>C:\MAK\vrlink5.8\include\cmdLine\</FILEPATH>
        <FILENAME>cmdLine.h</FILENAME>
        <LINE>472</LINE>
        <COLUMN>16</COLUMN>
      </SFA>
      <SFA>
        <FILEPATH>C:\MAK\vrlink5.8\include\cmdLine\</FILEPATH>
        <FILENAME>cmdLine.h</FILENAME>
        <LINE>475</LINE>
        <COLUMN>19</COLUMN>
      </SFA>
      <SFA>
        <FILEPATH>C:\MAK\vrlink5.8\include\cmdLine\</FILEPATH>
        <FILENAME>cmdLine.h</FILENAME>
        <LINE>478</LINE>
        <COLUMN>25</COLUMN>
      </SFA>
      <SFA>
        <FILEPATH>C:\MAK\vrlink5.8\include\cmdLine\</FILEPATH>
        <FILENAME>cmdLine.h</FILENAME>
        <LINE>482</LINE>
        <COLUMN>16</COLUMN>
      </SFA>
      <SFA>
        <FILEPATH>C:\MAK\vrlink5.8\include\cmdLine\</FILEPATH>
        <FILENAME>cmdLine.h</FILENAME>
        <LINE>485</LINE>
        <COLUMN>21</COLUMN>
      </SFA>
      <SFA>
        <FILEPATH>C:\MAK\vrlink5.8\include\cmdLine\</FILEPATH>
        <FILENAME>cmdLine.h</FILENAME>
        <LINE>499</LINE>
        <COLUMN>13</COLUMN>
      </SFA>
      <SFA>
        <FILEPATH>C:\MAK\vrlink5.8\include\cmdLine\</FILEPATH>
        <FILENAME>cmdLine.h</FILENAME>
        <LINE>501</LINE>
        <COLUMN>37</COLUMN>
      </SFA>
      <SFA>
        <FILEPATH>C:\MAK\vrlink5.8\include\cmdLine\</FILEPATH>
        <FILENAME>cmdLine.h</FILENAME>
        <LINE>506</LINE>
        <COLUMN>14</COLUMN>
        <KEYEVENT>
          <ID>1</ID>
          <KIND>declaration</KIND>
          <IMPORTANCE>Essential</IMPORTANCE>
          <MESSAGE>'new_argv' is an array of 1 elements (8 bytes)</MESSAGE>
        </KEYEVENT>
      </SFA>
      <SFA>
        <FILEPATH>C:\MAK\vrlink5.8\include\cmdLine\</FILEPATH>
        <FILENAME>cmdLine.h</FILENAME>
        <LINE>507</LINE>
        <COLUMN>27</COLUMN>
      </SFA>
      <SFA>
        <FILEPATH>C:\MAK\vrlink5.8\include\cmdLine\</FILEPATH>
        <FILENAME>cmdLine.h</FILENAME>
        <LINE>507</LINE>
        <COLUMN>36</COLUMN>
        <KEYEVENT>
          <ID>2</ID>
          <KIND>branch</KIND>
          <IMPORTANCE>Full</IMPORTANCE>
          <MESSAGE>Enter this loop, (assume 'i&lt;args.size()')</MESSAGE>
        </KEYEVENT>
      </SFA>
      <SFA>
        <FILEPATH>C:\MAK\vrlink5.8\include\cmdLine\</FILEPATH>
        <FILENAME>cmdLine.h</FILENAME>
        <LINE>509</LINE>
        <COLUMN>24</COLUMN>
      </SFA>
      <SFA>
        <FILEPATH>C:\MAK\vrlink5.8\include\cmdLine\</FILEPATH>
        <FILENAME>cmdLine.h</FILENAME>
        <LINE>510</LINE>
        <COLUMN>18</COLUMN>
      </SFA>
      <SFA>
        <FILEPATH>C:\MAK\vrlink5.8\include\cmdLine\</FILEPATH>
        <FILENAME>cmdLine.h</FILENAME>
        <LINE>507</LINE>
        <COLUMN>51</COLUMN>
        <KEYEVENT>
          <ID>3</ID>
          <KIND>declaration</KIND>
          <IMPORTANCE>Essential</IMPORTANCE>
          <MESSAGE>'i' may equal 1</MESSAGE>
        </KEYEVENT>
      </SFA>
      <SFA>
        <FILEPATH>C:\MAK\vrlink5.8\include\cmdLine\</FILEPATH>
        <FILENAME>cmdLine.h</FILENAME>
        <LINE>507</LINE>
        <COLUMN>36</COLUMN>
        <KEYEVENT>
          <ID>4</ID>
          <KIND>branch</KIND>
          <IMPORTANCE>Full</IMPORTANCE>
          <MESSAGE>Continue this loop, (assume 'i&lt;args.size()')</MESSAGE>
        </KEYEVENT>
      </SFA>
      <SFA>
        <FILEPATH>C:\MAK\vrlink5.8\include\cmdLine\</FILEPATH>
        <FILENAME>cmdLine.h</FILENAME>
        <LINE>509</LINE>
        <COLUMN>24</COLUMN>
        <KEYEVENT>
          <ID>5</ID>
          <KIND>declaration</KIND>
          <IMPORTANCE>Full</IMPORTANCE>
          <MESSAGE>'i' is an In/Out argument to 'std::vector&lt;std::basic_string&lt;char,std::char_traits&lt;char&gt;,std::allocator&lt;char&gt; &gt;,std::allocator&lt;std::basic_string&lt;char,std::char_traits&lt;char&gt;,std::allocator&lt;char&gt; &gt; &gt; &gt;::[]' (declared at c:\program files (x86)\microsoft visual studio\2019\community\vc\tools\msvc\14.24.28314\include\vector:1498)</MESSAGE>
        </KEYEVENT>
      </SFA>
      <SFA>
        <FILEPATH>C:\MAK\vrlink5.8\include\cmdLine\</FILEPATH>
        <FILENAME>cmdLine.h</FILENAME>
        <LINE>510</LINE>
        <COLUMN>18</COLUMN>
        <KEYEVENT>
          <ID>6</ID>
          <KIND>declaration</KIND>
          <IMPORTANCE>Full</IMPORTANCE>
          <MESSAGE>'i' is an In/Out argument to 'std::vector&lt;std::basic_string&lt;char,std::char_traits&lt;char&gt;,std::allocator&lt;char&gt; &gt;,std::allocator&lt;std::basic_string&lt;char,std::char_traits&lt;char&gt;,std::allocator&lt;char&gt; &gt; &gt; &gt;::[]' (declared at c:\program files (x86)\microsoft visual studio\2019\community\vc\tools\msvc\14.24.28314\include\vector:1498)</MESSAGE>
        </KEYEVENT>
      </SFA>
      <SFA>
        <FILEPATH>C:\MAK\vrlink5.8\include\cmdLine\</FILEPATH>
        <FILENAME>cmdLine.h</FILENAME>
        <LINE>510</LINE>
        <COLUMN>18</COLUMN>
        <KEYEVENT>
          <ID>7</ID>
          <KIND>usage</KIND>
          <IMPORTANCE>Essential</IMPORTANCE>
          <MESSAGE>Invalid read from 'new_argv[1]', (readable range is 0 to 0)</MESSAGE>
        </KEYEVENT>
      </SFA>
    </PATH>
  </DEFECT>
  <DEFECT>
    <SFA>
      <FILEPATH>C:\MAK\vrlink5.8\include\boost_1_55\exception\</FILEPATH>
      <FILENAME>exception.hpp</FILENAME>
      <LINE>168</LINE>
      <COLUMN>13</COLUMN>
    </SFA>
    <DEFECTCODE>26439</DEFECTCODE>
    <DESCRIPTION>This kind of function may not throw. Declare it 'noexcept' (f.6).</DESCRIPTION>
    <FUNCTION>boost_1_55::exception_detail::error_info_container::{dtor}</FUNCTION>
    <DECORATED>??1error_info_container@exception_detail@boost_1_55@@IEAA@XZ</DECORATED>
    <FUNCLINE>168</FUNCLINE>
    <PATH></PATH>
  </DEFECT>
  <DEFECT>
    <SFA>
      <FILEPATH>C:\MAK\vrlink5.8\include\boost_1_55\exception\</FILEPATH>
      <FILENAME>exception.hpp</FILENAME>
      <LINE>276</LINE>
      <COLUMN>5</COLUMN>
    </SFA>
    <DEFECTCODE>26439</DEFECTCODE>
    <DESCRIPTION>This kind of function may not throw. Declare it 'noexcept' (f.6).</DESCRIPTION>
    <FUNCTION>boost_1_55::exception::{dtor}</FUNCTION>
    <DECORATED>??1exception@boost_1_55@@MEAA@XZ</DECORATED>
    <FUNCLINE>276</FUNCLINE>
    <PATH></PATH>
  </DEFECT>
  <DEFECT>
    <SFA>
      <FILEPATH>C:\MAK\vrlink5.8\include\boost_1_55\exception\</FILEPATH>
      <FILENAME>exception.hpp</FILENAME>
      <LINE>400</LINE>
      <COLUMN>13</COLUMN>
    </SFA>
    <DEFECTCODE>26439</DEFECTCODE>
    <DESCRIPTION>This kind of function may not throw. Declare it 'noexcept' (f.6).</DESCRIPTION>
    <FUNCTION>boost_1_55::exception_detail::clone_base::{dtor}</FUNCTION>
    <DECORATED>??1clone_base@exception_detail@boost_1_55@@UEAA@XZ</DECORATED>
    <FUNCLINE>400</FUNCLINE>
    <PATH></PATH>
  </DEFECT>
  <DEFECT>
    <SFA>
      <FILEPATH>C:\MAK\vrlink5.8\include\boost_1_55\smart_ptr\detail\</FILEPATH>
      <FILENAME>shared_count.hpp</FILENAME>
      <LINE>387</LINE>
      <COLUMN>4</COLUMN>
    </SFA>
    <DEFECTCODE>26439</DEFECTCODE>
    <DESCRIPTION>This kind of function may not throw. Declare it 'noexcept' (f.6).</DESCRIPTION>
    <FUNCTION>boost_1_55::detail::shared_count::{ctor}</FUNCTION>
    <DECORATED>??0shared_count@detail@boost_1_55@@QEAA@$$QEAV012@@Z</DECORATED>
    <FUNCLINE>387</FUNCLINE>
    <PATH></PATH>
  </DEFECT>
  <DEFECT>
    <SFA>
      <FILEPATH>C:\MAK\vrlink5.8\include\boost_1_55\smart_ptr\detail\</FILEPATH>
      <FILENAME>shared_count.hpp</FILENAME>
      <LINE>499</LINE>
      <COLUMN>4</COLUMN>
    </SFA>
    <DEFECTCODE>26439</DEFECTCODE>
    <DESCRIPTION>This kind of function may not throw. Declare it 'noexcept' (f.6).</DESCRIPTION>
    <FUNCTION>boost_1_55::detail::weak_count::{ctor}</FUNCTION>
    <DECORATED>??0weak_count@detail@boost_1_55@@QEAA@$$QEAV012@@Z</DECORATED>
    <FUNCLINE>499</FUNCLINE>
    <PATH></PATH>
  </DEFECT>
  <DEFECT>
    <SFA>
      <FILEPATH>C:\MAK\vrlink5.8\include\mtl\</FILEPATH>
      <FILENAME>baseConfigVariable.h</FILENAME>
      <LINE>62</LINE>
      <COLUMN>6</COLUMN>
    </SFA>
    <DEFECTCODE>26812</DEFECTCODE>
    <DESCRIPTION>The enum type 'DtBaseConfigVariable::DtVariableScope' is unscoped. Prefer 'enum class' over 'enum' (Enum.3).</DESCRIPTION>
    <FUNCTION>DtBaseConfigVariable::scope</FUNCTION>
    <DECORATED>?scope@DtBaseConfigVariable@@QEBA?AW4DtVariableScope@1@XZ</DECORATED>
    <FUNCLINE>60</FUNCLINE>
    <PATH></PATH>
  </DEFECT>
  <DEFECT>
    <SFA>
      <FILEPATH>C:\MAK\vrlink5.8\include\vlutil\</FILEPATH>
      <FILENAME>vlUtilTypes.inl</FILENAME>
      <LINE>14</LINE>
      <COLUMN>15</COLUMN>
    </SFA>
    <DEFECTCODE>26495</DEFECTCODE>
    <DESCRIPTION>Variable 'DtU128::ms64bits' is uninitialized. Always initialize a member variable (type.6).</DESCRIPTION>
    <FUNCTION>DtU128::{ctor}</FUNCTION>
    <DECORATED>??0DtU128@@QEAA@XZ</DECORATED>
    <FUNCLINE>14</FUNCLINE>
    <ADDITIONALINFO>
      <targetSymbol>DtU128::ms64bits</targetSymbol>
    </ADDITIONALINFO>
    <PATH></PATH>
  </DEFECT>
  <DEFECT>
    <SFA>
      <FILEPATH>C:\MAK\vrlink5.8\include\vlutil\</FILEPATH>
      <FILENAME>vlUtilTypes.inl</FILENAME>
      <LINE>14</LINE>
      <COLUMN>15</COLUMN>
    </SFA>
    <DEFECTCODE>26495</DEFECTCODE>
    <DESCRIPTION>Variable 'DtU128::ls64bits' is uninitialized. Always initialize a member variable (type.6).</DESCRIPTION>
    <FUNCTION>DtU128::{ctor}</FUNCTION>
    <DECORATED>??0DtU128@@QEAA@XZ</DECORATED>
    <FUNCLINE>14</FUNCLINE>
    <ADDITIONALINFO>
      <targetSymbol>DtU128::ls64bits</targetSymbol>
    </ADDITIONALINFO>
    <PATH></PATH>
  </DEFECT>
  <DEFECT>
    <SFA>
      <FILEPATH>C:\MAK\vrlink5.8\include\vlutil\</FILEPATH>
      <FILENAME>vlNetTypes.inl</FILENAME>
      <LINE>15</LINE>
      <COLUMN>17</COLUMN>
    </SFA>
    <DEFECTCODE>26495</DEFECTCODE>
    <DESCRIPTION>Variable 'DtNetU16::msbyte' is uninitialized. Always initialize a member variable (type.6).</DESCRIPTION>
    <FUNCTION>DtNetU16::{ctor}</FUNCTION>
    <DECORATED>??0DtNetU16@@QEAA@G@Z</DECORATED>
    <FUNCLINE>15</FUNCLINE>
    <ADDITIONALINFO>
      <targetSymbol>DtNetU16::msbyte</targetSymbol>
    </ADDITIONALINFO>
    <PATH></PATH>
  </DEFECT>
  <DEFECT>
    <SFA>
      <FILEPATH>C:\MAK\vrlink5.8\include\vlutil\</FILEPATH>
      <FILENAME>vlNetTypes.inl</FILENAME>
      <LINE>15</LINE>
      <COLUMN>17</COLUMN>
    </SFA>
    <DEFECTCODE>26495</DEFECTCODE>
    <DESCRIPTION>Variable 'DtNetU16::lsbyte' is uninitialized. Always initialize a member variable (type.6).</DESCRIPTION>
    <FUNCTION>DtNetU16::{ctor}</FUNCTION>
    <DECORATED>??0DtNetU16@@QEAA@G@Z</DECORATED>
    <FUNCLINE>15</FUNCLINE>
    <ADDITIONALINFO>
      <targetSymbol>DtNetU16::lsbyte</targetSymbol>
    </ADDITIONALINFO>
    <PATH></PATH>
  </DEFECT>
  <DEFECT>
    <SFA>
      <FILEPATH>C:\MAK\vrlink5.8\include\vlutil\</FILEPATH>
      <FILENAME>vlNetTypes.inl</FILENAME>
      <LINE>106</LINE>
      <COLUMN>19</COLUMN>
    </SFA>
    <DEFECTCODE>26495</DEFECTCODE>
    <DESCRIPTION>Variable 'DtNetInt16::msbyte' is uninitialized. Always initialize a member variable (type.6).</DESCRIPTION>
    <FUNCTION>DtNetInt16::{ctor}</FUNCTION>
    <DECORATED>??0DtNetInt16@@QEAA@AEBF@Z</DECORATED>
    <FUNCLINE>106</FUNCLINE>
    <ADDITIONALINFO>
      <targetSymbol>DtNetInt16::msbyte</targetSymbol>
    </ADDITIONALINFO>
    <PATH></PATH>
  </DEFECT>
  <DEFECT>
    <SFA>
      <FILEPATH>C:\MAK\vrlink5.8\include\vlutil\</FILEPATH>
      <FILENAME>vlNetTypes.inl</FILENAME>
      <LINE>106</LINE>
      <COLUMN>19</COLUMN>
    </SFA>
    <DEFECTCODE>26495</DEFECTCODE>
    <DESCRIPTION>Variable 'DtNetInt16::lsbyte' is uninitialized. Always initialize a member variable (type.6).</DESCRIPTION>
    <FUNCTION>DtNetInt16::{ctor}</FUNCTION>
    <DECORATED>??0DtNetInt16@@QEAA@AEBF@Z</DECORATED>
    <FUNCLINE>106</FUNCLINE>
    <ADDITIONALINFO>
      <targetSymbol>DtNetInt16::lsbyte</targetSymbol>
    </ADDITIONALINFO>
    <PATH></PATH>
  </DEFECT>
  <DEFECT>
    <SFA>
      <FILEPATH>C:\MAK\vrlink5.8\include\vlutil\</FILEPATH>
      <FILENAME>vlFedTargetTypes.h</FILENAME>
      <LINE>83</LINE>
      <COLUMN>22</COLUMN>
    </SFA>
    <DEFECTCODE>26812</DEFECTCODE>
    <DESCRIPTION>The enum type 'DtCapabilityType' is unscoped. Prefer 'enum class' over 'enum' (Enum.3).</DESCRIPTION>
    <FUNCTION>DtSynchronizationPointsType::{ctor}</FUNCTION>
    <DECORATED>??0DtSynchronizationPointsType@@QEAA@XZ</DECORATED>
    <FUNCLINE>80</FUNCLINE>
    <PATH></PATH>
  </DEFECT>
  <DEFECT>
    <SFA>
      <FILEPATH>C:\MAK\vrlink5.8\include\vlutil\</FILEPATH>
      <FILENAME>vlFedTargetTypes.h</FILENAME>
      <LINE>209</LINE>
      <COLUMN>18</COLUMN>
    </SFA>
    <DEFECTCODE>26812</DEFECTCODE>
    <DESCRIPTION>The enum type 'DtEndianness' is unscoped. Prefer 'enum class' over 'enum' (Enum.3).</DESCRIPTION>
    <FUNCTION>DtBasicDataRepresentationType::{ctor}</FUNCTION>
    <DECORATED>??0DtBasicDataRepresentationType@@QEAA@XZ</DECORATED>
    <FUNCLINE>205</FUNCLINE>
    <PATH></PATH>
  </DEFECT>
  <DEFECT>
    <SFA>
      <FILEPATH>C:\MAK\vrlink5.8\include\vlutil\</FILEPATH>
      <FILENAME>vlDisSocket.h</FILENAME>
      <LINE>53</LINE>
      <COLUMN>9</COLUMN>
    </SFA>
    <DEFECTCODE>26812</DEFECTCODE>
    <DESCRIPTION>The enum type 'DtPduTestOperator' is unscoped. Prefer 'enum class' over 'enum' (Enum.3).</DESCRIPTION>
    <FUNCTION>DtPduFilterTest::setTest</FUNCTION>
    <DECORATED>?setTest@DtPduFilterTest@@QEAAXW4DtPduTestOperator@@K@Z</DECORATED>
    <FUNCLINE>53</FUNCLINE>
    <PATH></PATH>
  </DEFECT>
  <DEFECT>
    <SFA>
      <FILEPATH>C:\MAK\vrlink5.8\include\vlpi\</FILEPATH>
      <FILENAME>disEnums.h</FILENAME>
      <LINE>333</LINE>
      <COLUMN>48</COLUMN>
    </SFA>
    <DEFECTCODE>26812</DEFECTCODE>
    <DESCRIPTION>The enum type 'DtPduKind' is unscoped. Prefer 'enum class' over 'enum' (Enum.3).</DESCRIPTION>
    <FUNCTION></FUNCTION>
    <DECORATED></DECORATED>
    <FUNCLINE>0</FUNCLINE>
    <PATH></PATH>
  </DEFECT>
  <DEFECT>
    <SFA>
      <FILEPATH>C:\MAK\vrlink5.8\include\vlpi\</FILEPATH>
      <FILENAME>disEnums.h</FILENAME>
      <LINE>926</LINE>
      <COLUMN>59</COLUMN>
    </SFA>
    <DEFECTCODE>26812</DEFECTCODE>
    <DESCRIPTION>The enum type 'DtEncodingClass' is unscoped. Prefer 'enum class' over 'enum' (Enum.3).</DESCRIPTION>
    <FUNCTION></FUNCTION>
    <DECORATED></DECORATED>
    <FUNCLINE>0</FUNCLINE>
    <PATH></PATH>
  </DEFECT>
  <DEFECT>
    <SFA>
      <FILEPATH>C:\MAK\vrlink5.8\include\vlpi\</FILEPATH>
      <FILENAME>disEnums.h</FILENAME>
      <LINE>1128</LINE>
      <COLUMN>0</COLUMN>
    </SFA>
    <DEFECTCODE>26812</DEFECTCODE>
    <DESCRIPTION>The enum type 'DtAppearAttributeBitShift' is unscoped. Prefer 'enum class' over 'enum' (Enum.3).</DESCRIPTION>
    <FUNCTION></FUNCTION>
    <DECORATED></DECORATED>
    <FUNCLINE>0</FUNCLINE>
    <PATH></PATH>
  </DEFECT>
  <DEFECT>
    <SFA>
      <FILEPATH>C:\MAK\vrlink5.8\include\vlpi\</FILEPATH>
      <FILENAME>disEnums.h</FILENAME>
      <LINE>1291</LINE>
      <COLUMN>0</COLUMN>
    </SFA>
    <DEFECTCODE>26812</DEFECTCODE>
    <DESCRIPTION>The enum type 'DtAppearAttribute' is unscoped. Prefer 'enum class' over 'enum' (Enum.3).</DESCRIPTION>
    <FUNCTION></FUNCTION>
    <DECORATED></DECORATED>
    <FUNCLINE>0</FUNCLINE>
    <PATH></PATH>
  </DEFECT>
  <DEFECT>
    <SFA>
      <FILEPATH>C:\MAK\vrlink5.8\include\vlpi\</FILEPATH>
      <FILENAME>disEnums.h</FILENAME>
      <LINE>1430</LINE>
      <COLUMN>0</COLUMN>
    </SFA>
    <DEFECTCODE>26812</DEFECTCODE>
    <DESCRIPTION>The enum type 'DtAppearAttrVal' is unscoped. Prefer 'enum class' over 'enum' (Enum.3).</DESCRIPTION>
    <FUNCTION></FUNCTION>
    <DECORATED></DECORATED>
    <FUNCLINE>0</FUNCLINE>
    <PATH></PATH>
  </DEFECT>
  <DEFECT>
    <SFA>
      <FILEPATH>C:\MAK\vrlink5.8\include\vlpi\</FILEPATH>
      <FILENAME>disEnums.h</FILENAME>
      <LINE>1690</LINE>
      <COLUMN>52</COLUMN>
    </SFA>
    <DEFECTCODE>26812</DEFECTCODE>
    <DESCRIPTION>The enum type 'DtLightType' is unscoped. Prefer 'enum class' over 'enum' (Enum.3).</DESCRIPTION>
    <FUNCTION></FUNCTION>
    <DECORATED></DECORATED>
    <FUNCLINE>0</FUNCLINE>
    <PATH></PATH>
  </DEFECT>
  <DEFECT>
    <SFA>
      <FILEPATH>C:\MAK\vrlink5.8\include\mtl\</FILEPATH>
      <FILENAME>configVariable.inl</FILENAME>
      <LINE>157</LINE>
      <COLUMN>12</COLUMN>
    </SFA>
    <DEFECTCODE>26444</DEFECTCODE>
    <DESCRIPTION>Avoid unnamed objects with custom construction and destruction (es.84).</DESCRIPTION>
    <FUNCTION>DtConfigVariable&lt;bool&gt;::getEnvironmentSchemaType</FUNCTION>
    <DECORATED>?getEnvironmentSchemaType@?$DtConfigVariable@_N@@UEBAXVDtEnvironment@@AEAV?$set@VDtString@@U?$less@VDtString@@@std@@V?$allocator@VDtString@@@3@@std@@@Z</DECORATED>
    <FUNCLINE>147</FUNCLINE>
    <PATH></PATH>
  </DEFECT>
  <DEFECT>
    <SFA>
      <FILEPATH>C:\MAK\vrlink5.8\include\mtl\</FILEPATH>
      <FILENAME>configVariable.inl</FILENAME>
      <LINE>167</LINE>
      <COLUMN>9</COLUMN>
    </SFA>
    <DEFECTCODE>26444</DEFECTCODE>
    <DESCRIPTION>Avoid unnamed objects with custom construction and destruction (es.84).</DESCRIPTION>
    <FUNCTION>DtConfigVariable&lt;bool&gt;::getEnvironmentValue</FUNCTION>
    <DECORATED>?getEnvironmentValue@?$DtConfigVariable@_N@@UEAA?AV?$shared_ptr@VDtEnvValue@@@boost_1_55@@VDtEnvironment@@@Z</DECORATED>
    <FUNCLINE>163</FUNCLINE>
    <PATH></PATH>
  </DEFECT>
  <DEFECT>
    <SFA>
      <FILEPATH>C:\MAK\vrlink5.8\include\mtl\</FILEPATH>
      <FILENAME>configVariable.inl</FILENAME>
      <LINE>157</LINE>
      <COLUMN>12</COLUMN>
    </SFA>
    <DEFECTCODE>26444</DEFECTCODE>
    <DESCRIPTION>Avoid unnamed objects with custom construction and destruction (es.84).</DESCRIPTION>
    <FUNCTION>DtConfigVariable&lt;int&gt;::getEnvironmentSchemaType</FUNCTION>
    <DECORATED>?getEnvironmentSchemaType@?$DtConfigVariable@H@@UEBAXVDtEnvironment@@AEAV?$set@VDtString@@U?$less@VDtString@@@std@@V?$allocator@VDtString@@@3@@std@@@Z</DECORATED>
    <FUNCLINE>147</FUNCLINE>
    <PATH></PATH>
  </DEFECT>
  <DEFECT>
    <SFA>
      <FILEPATH>C:\MAK\vrlink5.8\include\mtl\</FILEPATH>
      <FILENAME>configVariable.inl</FILENAME>
      <LINE>167</LINE>
      <COLUMN>9</COLUMN>
    </SFA>
    <DEFECTCODE>26444</DEFECTCODE>
    <DESCRIPTION>Avoid unnamed objects with custom construction and destruction (es.84).</DESCRIPTION>
    <FUNCTION>DtConfigVariable&lt;int&gt;::getEnvironmentValue</FUNCTION>
    <DECORATED>?getEnvironmentValue@?$DtConfigVariable@H@@UEAA?AV?$shared_ptr@VDtEnvValue@@@boost_1_55@@VDtEnvironment@@@Z</DECORATED>
    <FUNCLINE>163</FUNCLINE>
    <PATH></PATH>
  </DEFECT>
  <DEFECT>
    <SFA>
      <FILEPATH>C:\MAK\vrlink5.8\include\mtl\</FILEPATH>
      <FILENAME>configVariable.inl</FILENAME>
      <LINE>157</LINE>
      <COLUMN>12</COLUMN>
    </SFA>
    <DEFECTCODE>26444</DEFECTCODE>
    <DESCRIPTION>Avoid unnamed objects with custom construction and destruction (es.84).</DESCRIPTION>
    <FUNCTION>DtConfigVariable&lt;DtString&gt;::getEnvironmentSchemaType</FUNCTION>
    <DECORATED>?getEnvironmentSchemaType@?$DtConfigVariable@VDtString@@@@UEBAXVDtEnvironment@@AEAV?$set@VDtString@@U?$less@VDtString@@@std@@V?$allocator@VDtString@@@3@@std@@@Z</DECORATED>
    <FUNCLINE>147</FUNCLINE>
    <PATH></PATH>
  </DEFECT>
  <DEFECT>
    <SFA>
      <FILEPATH>C:\MAK\vrlink5.8\include\mtl\</FILEPATH>
      <FILENAME>configVariable.inl</FILENAME>
      <LINE>167</LINE>
      <COLUMN>9</COLUMN>
    </SFA>
    <DEFECTCODE>26444</DEFECTCODE>
    <DESCRIPTION>Avoid unnamed objects with custom construction and destruction (es.84).</DESCRIPTION>
    <FUNCTION>DtConfigVariable&lt;DtString&gt;::getEnvironmentValue</FUNCTION>
    <DECORATED>?getEnvironmentValue@?$DtConfigVariable@VDtString@@@@UEAA?AV?$shared_ptr@VDtEnvValue@@@boost_1_55@@VDtEnvironment@@@Z</DECORATED>
    <FUNCLINE>163</FUNCLINE>
    <PATH></PATH>
  </DEFECT>
  <DEFECT>
    <SFA>
      <FILEPATH>C:\MAK\vrlink5.8\include\mtl\</FILEPATH>
      <FILENAME>multiConfigVariable.inl</FILENAME>
      <LINE>164</LINE>
      <COLUMN>9</COLUMN>
    </SFA>
    <DEFECTCODE>26444</DEFECTCODE>
    <DESCRIPTION>Avoid unnamed objects with custom construction and destruction (es.84).</DESCRIPTION>
    <FUNCTION>DtMultiConfigVariable&lt;DtString&gt;::getEnvironmentValue</FUNCTION>
    <DECORATED>?getEnvironmentValue@?$DtMultiConfigVariable@VDtString@@@@UEAA?AV?$shared_ptr@VDtEnvValue@@@boost_1_55@@VDtEnvironment@@@Z</DECORATED>
    <FUNCLINE>160</FUNCLINE>
    <PATH></PATH>
  </DEFECT>
  <DEFECT>
    <SFA>
      <FILEPATH>C:\MAK\vrlink5.8\include\mtl\</FILEPATH>
      <FILENAME>configVariable.inl</FILENAME>
      <LINE>157</LINE>
      <COLUMN>12</COLUMN>
    </SFA>
    <DEFECTCODE>26444</DEFECTCODE>
    <DESCRIPTION>Avoid unnamed objects with custom construction and destruction (es.84).</DESCRIPTION>
    <FUNCTION>DtConfigVariable&lt;double&gt;::getEnvironmentSchemaType</FUNCTION>
    <DECORATED>?getEnvironmentSchemaType@?$DtConfigVariable@N@@UEBAXVDtEnvironment@@AEAV?$set@VDtString@@U?$less@VDtString@@@std@@V?$allocator@VDtString@@@3@@std@@@Z</DECORATED>
    <FUNCLINE>147</FUNCLINE>
    <PATH></PATH>
  </DEFECT>
  <DEFECT>
    <SFA>
      <FILEPATH>C:\MAK\vrlink5.8\include\mtl\</FILEPATH>
      <FILENAME>configVariable.inl</FILENAME>
      <LINE>167</LINE>
      <COLUMN>9</COLUMN>
    </SFA>
    <DEFECTCODE>26444</DEFECTCODE>
    <DESCRIPTION>Avoid unnamed objects with custom construction and destruction (es.84).</DESCRIPTION>
    <FUNCTION>DtConfigVariable&lt;double&gt;::getEnvironmentValue</FUNCTION>
    <DECORATED>?getEnvironmentValue@?$DtConfigVariable@N@@UEAA?AV?$shared_ptr@VDtEnvValue@@@boost_1_55@@VDtEnvironment@@@Z</DECORATED>
    <FUNCLINE>163</FUNCLINE>
    <PATH></PATH>
  </DEFECT>
  <DEFECT>
    <SFA>
      <FILEPATH>C:\MAK\vrlink5.8\include\boost_1_55\exception\</FILEPATH>
      <FILENAME>exception.hpp</FILENAME>
      <LINE>451</LINE>
      <COLUMN>13</COLUMN>
    </SFA>
    <DEFECTCODE>26439</DEFECTCODE>
    <DESCRIPTION>This kind of function may not throw. Declare it 'noexcept' (f.6).</DESCRIPTION>
    <FUNCTION>boost_1_55::exception_detail::clone_impl&lt;boost_1_55::exception_detail::error_info_injector&lt;boost_1_55::bad_weak_ptr&gt; &gt;::{dtor}</FUNCTION>
    <DECORATED>??1?$clone_impl@U?$error_info_injector@Vbad_weak_ptr@boost_1_55@@@exception_detail@boost_1_55@@@exception_detail@boost_1_55@@UEAA@XZ</DECORATED>
    <FUNCLINE>451</FUNCLINE>
    <PATH></PATH>
  </DEFECT>
  <DEFECT>
    <SFA>
      <FILEPATH>C:\MAK\vrlink5.8\include\boost_1_55\exception\</FILEPATH>
      <FILENAME>exception.hpp</FILENAME>
      <LINE>330</LINE>
      <COLUMN>13</COLUMN>
    </SFA>
    <DEFECTCODE>26439</DEFECTCODE>
    <DESCRIPTION>This kind of function may not throw. Declare it 'noexcept' (f.6).</DESCRIPTION>
    <FUNCTION>boost_1_55::exception_detail::error_info_injector&lt;boost_1_55::bad_weak_ptr&gt;::{dtor}</FUNCTION>
    <DECORATED>??1?$error_info_injector@Vbad_weak_ptr@boost_1_55@@@exception_detail@boost_1_55@@UEAA@XZ</DECORATED>
    <FUNCLINE>330</FUNCLINE>
    <PATH></PATH>
  </DEFECT>
  <DEFECT>
    <SFA>
      <FILEPATH>C:\MAK\vrlink5.8\include\boost_1_55\smart_ptr\</FILEPATH>
      <FILENAME>shared_ptr.hpp</FILENAME>
      <LINE>568</LINE>
      <COLUMN>4</COLUMN>
    </SFA>
    <DEFECTCODE>26439</DEFECTCODE>
    <DESCRIPTION>This kind of function may not throw. Declare it 'noexcept' (f.6).</DESCRIPTION>
    <FUNCTION>boost_1_55::shared_ptr&lt;DtEnvValue&gt;::{ctor}</FUNCTION>
    <DECORATED>??0?$shared_ptr@VDtEnvValue@@@boost_1_55@@QEAA@$$QEAV01@@Z</DECORATED>
    <FUNCLINE>568</FUNCLINE>
    <PATH></PATH>
  </DEFECT>
</DEFECTS>