<?xml version="1.0" encoding="UTF-8"?>
<DEFECTS>
  <DEFECT>
    <SFA>
      <FILEPATH>C:\Users\c2sim\Desktop\C2SIM archive\c2simVRFinterfacev2.24\xercesc\util\</FILEPATH>
      <FILENAME>XMLException.hpp</FILENAME>
      <LINE>142</LINE>
      <COLUMN>4</COLUMN>
    </SFA>
    <DEFECTCODE>26812</DEFECTCODE>
    <DESCRIPTION>The enum type 'xercesc_3_1::XMLExcepts::Codes' is unscoped. Prefer 'enum class' over 'enum' (Enum.3).</DESCRIPTION>
    <FUNCTION>xercesc_3_1::XMLException::getCode</FUNCTION>
    <DECORATED>?getCode@XMLException@xercesc_3_1@@QEBA?AW4Codes@XMLExcepts@2@XZ</DECORATED>
    <FUNCLINE>140</FUNCLINE>
    <PATH></PATH>
  </DEFECT>
  <DEFECT>
    <SFA>
      <FILEPATH>C:\Users\c2sim\Desktop\C2SIM archive\c2simVRFinterfacev2.24\xercesc\util\</FILEPATH>
      <FILENAME>XMLException.hpp</FILENAME>
      <LINE>165</LINE>
      <COLUMN>7</COLUMN>
    </SFA>
    <DEFECTCODE>26812</DEFECTCODE>
    <DESCRIPTION>The enum type 'xercesc_3_1::XMLErrorReporter::ErrTypes' is unscoped. Prefer 'enum class' over 'enum' (Enum.3).</DESCRIPTION>
    <FUNCTION>xercesc_3_1::XMLException::getErrorType</FUNCTION>
    <DECORATED>?getErrorType@XMLException@xercesc_3_1@@QEBA?AW4ErrTypes@XMLErrorReporter@2@XZ</DECORATED>
    <FUNCLINE>162</FUNCLINE>
    <PATH></PATH>
  </DEFECT>
  <DEFECT>
    <SFA>
      <FILEPATH>C:\Users\c2sim\Desktop\C2SIM archive\c2simVRFinterfacev2.24\xercesc\internal\</FILEPATH>
      <FILENAME>XSerializeEngine.hpp</FILENAME>
      <LINE>793</LINE>
      <COLUMN>22</COLUMN>
    </SFA>
    <DEFECTCODE>26451</DEFECTCODE>
    <DESCRIPTION>Arithmetic overflow: Using operator '-' on a 4 byte value and then casting the result to a 8 byte value. Cast the value to the wider type before calling operator '-' to avoid overflow (io.2).</DESCRIPTION>
    <FUNCTION>xercesc_3_1::XSerializeEngine::getBufCurAccumulated</FUNCTION>
    <DECORATED>?getBufCurAccumulated@XSerializeEngine@xercesc_3_1@@QEBA_KXZ</DECORATED>
    <FUNCLINE>791</FUNCLINE>
    <PATH></PATH>
  </DEFECT>
  <DEFECT>
    <SFA>
      <FILEPATH>C:\Users\c2sim\Desktop\C2SIM archive\c2simVRFinterfacev2.24\xercesc\framework\</FILEPATH>
      <FILENAME>XMLAttDef.hpp</FILENAME>
      <LINE>454</LINE>
      <COLUMN>4</COLUMN>
    </SFA>
    <DEFECTCODE>26812</DEFECTCODE>
    <DESCRIPTION>The enum type 'xercesc_3_1::XMLAttDef::DefAttTypes' is unscoped. Prefer 'enum class' over 'enum' (Enum.3).</DESCRIPTION>
    <FUNCTION>xercesc_3_1::XMLAttDef::getDefaultType</FUNCTION>
    <DECORATED>?getDefaultType@XMLAttDef@xercesc_3_1@@QEBA?AW4DefAttTypes@12@XZ</DECORATED>
    <FUNCLINE>452</FUNCLINE>
    <PATH></PATH>
  </DEFECT>
  <DEFECT>
    <SFA>
      <FILEPATH>C:\Users\c2sim\Desktop\C2SIM archive\c2simVRFinterfacev2.24\xercesc\framework\</FILEPATH>
      <FILENAME>XMLAttDef.hpp</FILENAME>
      <LINE>469</LINE>
      <COLUMN>4</COLUMN>
    </SFA>
    <DEFECTCODE>26812</DEFECTCODE>
    <DESCRIPTION>The enum type 'xercesc_3_1::XMLAttDef::AttTypes' is unscoped. Prefer 'enum class' over 'enum' (Enum.3).</DESCRIPTION>
    <FUNCTION>xercesc_3_1::XMLAttDef::getType</FUNCTION>
    <DECORATED>?getType@XMLAttDef@xercesc_3_1@@QEBA?AW4AttTypes@12@XZ</DECORATED>
    <FUNCLINE>467</FUNCLINE>
    <PATH></PATH>
  </DEFECT>
  <DEFECT>
    <SFA>
      <FILEPATH>C:\Users\c2sim\Desktop\C2SIM archive\c2simVRFinterfacev2.24\xercesc\framework\</FILEPATH>
      <FILENAME>XMLAttDef.hpp</FILENAME>
      <LINE>479</LINE>
      <COLUMN>4</COLUMN>
    </SFA>
    <DEFECTCODE>26812</DEFECTCODE>
    <DESCRIPTION>The enum type 'xercesc_3_1::XMLAttDef::CreateReasons' is unscoped. Prefer 'enum class' over 'enum' (Enum.3).</DESCRIPTION>
    <FUNCTION>xercesc_3_1::XMLAttDef::getCreateReason</FUNCTION>
    <DECORATED>?getCreateReason@XMLAttDef@xercesc_3_1@@QEBA?AW4CreateReasons@12@XZ</DECORATED>
    <FUNCLINE>477</FUNCLINE>
    <PATH></PATH>
  </DEFECT>
  <DEFECT>
    <SFA>
      <FILEPATH>C:\Users\c2sim\Desktop\C2SIM archive\c2simVRFinterfacev2.24\xercesc\util\regx\</FILEPATH>
      <FILENAME>Op.hpp</FILENAME>
      <LINE>279</LINE>
      <COLUMN>4</COLUMN>
    </SFA>
    <DEFECTCODE>26812</DEFECTCODE>
    <DESCRIPTION>The enum type 'xercesc_3_1::Op::opType' is unscoped. Prefer 'enum class' over 'enum' (Enum.3).</DESCRIPTION>
    <FUNCTION>xercesc_3_1::Op::getOpType</FUNCTION>
    <DECORATED>?getOpType@Op@xercesc_3_1@@QEBA?AW4opType@12@XZ</DECORATED>
    <FUNCLINE>277</FUNCLINE>
    <PATH></PATH>
  </DEFECT>
  <DEFECT>
    <SFA>
      <FILEPATH>C:\Users\c2sim\Desktop\C2SIM archive\c2simVRFinterfacev2.24\xercesc\util\regx\</FILEPATH>
      <FILENAME>Token.hpp</FILENAME>
      <LINE>150</LINE>
      <COLUMN>4</COLUMN>
    </SFA>
    <DEFECTCODE>26812</DEFECTCODE>
    <DESCRIPTION>The enum type 'xercesc_3_1::Token::tokType' is unscoped. Prefer 'enum class' over 'enum' (Enum.3).</DESCRIPTION>
    <FUNCTION>xercesc_3_1::Token::getTokenType</FUNCTION>
    <DECORATED>?getTokenType@Token@xercesc_3_1@@QEBA?AW4tokType@12@XZ</DECORATED>
    <FUNCLINE>148</FUNCLINE>
    <PATH></PATH>
  </DEFECT>
  <DEFECT>
    <SFA>
      <FILEPATH>C:\Users\c2sim\Desktop\C2SIM archive\c2simVRFinterfacev2.24\xercesc\framework\psvi\</FILEPATH>
      <FILENAME>XSObject.hpp</FILENAME>
      <LINE>147</LINE>
      <COLUMN>4</COLUMN>
    </SFA>
    <DEFECTCODE>26812</DEFECTCODE>
    <DESCRIPTION>The enum type 'xercesc_3_1::XSConstants::COMPONENT_TYPE' is unscoped. Prefer 'enum class' over 'enum' (Enum.3).</DESCRIPTION>
    <FUNCTION>xercesc_3_1::XSObject::getType</FUNCTION>
    <DECORATED>?getType@XSObject@xercesc_3_1@@QEBA?AW4COMPONENT_TYPE@XSConstants@2@XZ</DECORATED>
    <FUNCLINE>145</FUNCLINE>
    <PATH></PATH>
  </DEFECT>
  <DEFECT>
    <SFA>
      <FILEPATH>C:\Users\c2sim\Desktop\C2SIM archive\c2simVRFinterfacev2.24\xercesc\framework\psvi\</FILEPATH>
      <FILENAME>XSTypeDefinition.hpp</FILENAME>
      <LINE>203</LINE>
      <COLUMN>4</COLUMN>
    </SFA>
    <DEFECTCODE>26812</DEFECTCODE>
    <DESCRIPTION>The enum type 'xercesc_3_1::XSTypeDefinition::TYPE_CATEGORY' is unscoped. Prefer 'enum class' over 'enum' (Enum.3).</DESCRIPTION>
    <FUNCTION>xercesc_3_1::XSTypeDefinition::getTypeCategory</FUNCTION>
    <DECORATED>?getTypeCategory@XSTypeDefinition@xercesc_3_1@@QEBA?AW4TYPE_CATEGORY@12@XZ</DECORATED>
    <FUNCLINE>201</FUNCLINE>
    <PATH></PATH>
  </DEFECT>
  <DEFECT>
    <SFA>
      <FILEPATH>C:\Users\c2sim\Desktop\C2SIM archive\c2simVRFinterfacev2.24\xercesc\framework\psvi\</FILEPATH>
      <FILENAME>XSSimpleTypeDefinition.hpp</FILENAME>
      <LINE>390</LINE>
      <COLUMN>4</COLUMN>
    </SFA>
    <DEFECTCODE>26812</DEFECTCODE>
    <DESCRIPTION>The enum type 'xercesc_3_1::XSSimpleTypeDefinition::VARIETY' is unscoped. Prefer 'enum class' over 'enum' (Enum.3).</DESCRIPTION>
    <FUNCTION>xercesc_3_1::XSSimpleTypeDefinition::getVariety</FUNCTION>
    <DECORATED>?getVariety@XSSimpleTypeDefinition@xercesc_3_1@@QEBA?AW4VARIETY@12@XZ</DECORATED>
    <FUNCLINE>388</FUNCLINE>
    <PATH></PATH>
  </DEFECT>
  <DEFECT>
    <SFA>
      <FILEPATH>C:\Users\c2sim\Desktop\C2SIM archive\c2simVRFinterfacev2.24\xercesc\validators\datatype\</FILEPATH>
      <FILENAME>DatatypeValidator.hpp</FILENAME>
      <LINE>578</LINE>
      <COLUMN>4</COLUMN>
    </SFA>
    <DEFECTCODE>26812</DEFECTCODE>
    <DESCRIPTION>The enum type 'xercesc_3_1::DatatypeValidator::ValidatorType' is unscoped. Prefer 'enum class' over 'enum' (Enum.3).</DESCRIPTION>
    <FUNCTION>xercesc_3_1::DatatypeValidator::getType</FUNCTION>
    <DECORATED>?getType@DatatypeValidator@xercesc_3_1@@QEBA?AW4ValidatorType@12@XZ</DECORATED>
    <FUNCLINE>576</FUNCLINE>
    <PATH></PATH>
  </DEFECT>
  <DEFECT>
    <SFA>
      <FILEPATH>C:\Users\c2sim\Desktop\C2SIM archive\c2simVRFinterfacev2.24\xercesc\validators\datatype\</FILEPATH>
      <FILENAME>DatatypeValidator.hpp</FILENAME>
      <LINE>628</LINE>
      <COLUMN>4</COLUMN>
    </SFA>
    <DEFECTCODE>26812</DEFECTCODE>
    <DESCRIPTION>The enum type 'xercesc_3_1::XSSimpleTypeDefinition::ORDERING' is unscoped. Prefer 'enum class' over 'enum' (Enum.3).</DESCRIPTION>
    <FUNCTION>xercesc_3_1::DatatypeValidator::getOrdered</FUNCTION>
    <DECORATED>?getOrdered@DatatypeValidator@xercesc_3_1@@QEBA?AW4ORDERING@XSSimpleTypeDefinition@2@XZ</DECORATED>
    <FUNCLINE>626</FUNCLINE>
    <PATH></PATH>
  </DEFECT>
  <DEFECT>
    <SFA>
      <FILEPATH>C:\Users\c2sim\Desktop\C2SIM archive\c2simVRFinterfacev2.24\xercesc\framework\</FILEPATH>
      <FILENAME>XMLElementDecl.hpp</FILENAME>
      <LINE>505</LINE>
      <COLUMN>4</COLUMN>
    </SFA>
    <DEFECTCODE>26812</DEFECTCODE>
    <DESCRIPTION>The enum type 'xercesc_3_1::XMLElementDecl::CreateReasons' is unscoped. Prefer 'enum class' over 'enum' (Enum.3).</DESCRIPTION>
    <FUNCTION>xercesc_3_1::XMLElementDecl::getCreateReason</FUNCTION>
    <DECORATED>?getCreateReason@XMLElementDecl@xercesc_3_1@@QEBA?AW4CreateReasons@12@XZ</DECORATED>
    <FUNCLINE>503</FUNCLINE>
    <PATH></PATH>
  </DEFECT>
  <DEFECT>
    <SFA>
      <FILEPATH>C:\Users\c2sim\Desktop\C2SIM archive\c2simVRFinterfacev2.24\xercesc\framework\</FILEPATH>
      <FILENAME>XMLFormatter.hpp</FILENAME>
      <LINE>500</LINE>
      <COLUMN>26</COLUMN>
    </SFA>
    <DEFECTCODE>26812</DEFECTCODE>
    <DESCRIPTION>The enum type 'xercesc_3_1::XMLFormatter::EscapeFlags' is unscoped. Prefer 'enum class' over 'enum' (Enum.3).</DESCRIPTION>
    <FUNCTION>xercesc_3_1::XMLFormatter::setEscapeFlags</FUNCTION>
    <DECORATED>?setEscapeFlags@XMLFormatter@xercesc_3_1@@QEAAXW4EscapeFlags@12@@Z</DECORATED>
    <FUNCLINE>500</FUNCLINE>
    <PATH></PATH>
  </DEFECT>
  <DEFECT>
    <SFA>
      <FILEPATH>C:\Users\c2sim\Desktop\C2SIM archive\c2simVRFinterfacev2.24\xercesc\framework\</FILEPATH>
      <FILENAME>XMLFormatter.hpp</FILENAME>
      <LINE>505</LINE>
      <COLUMN>26</COLUMN>
    </SFA>
    <DEFECTCODE>26812</DEFECTCODE>
    <DESCRIPTION>The enum type 'xercesc_3_1::XMLFormatter::UnRepFlags' is unscoped. Prefer 'enum class' over 'enum' (Enum.3).</DESCRIPTION>
    <FUNCTION>xercesc_3_1::XMLFormatter::setUnRepFlags</FUNCTION>
    <DECORATED>?setUnRepFlags@XMLFormatter@xercesc_3_1@@QEAAXW4UnRepFlags@12@@Z</DECORATED>
    <FUNCLINE>505</FUNCLINE>
    <PATH></PATH>
  </DEFECT>
  <DEFECT>
    <SFA>
      <FILEPATH>C:\Users\c2sim\Desktop\C2SIM archive\c2simVRFinterfacev2.24\xercesc\validators\DTD\</FILEPATH>
      <FILENAME>DTDElementDecl.hpp</FILENAME>
      <LINE>233</LINE>
      <COLUMN>4</COLUMN>
    </SFA>
    <DEFECTCODE>26812</DEFECTCODE>
    <DESCRIPTION>The enum type 'xercesc_3_1::DTDElementDecl::ModelTypes' is unscoped. Prefer 'enum class' over 'enum' (Enum.3).</DESCRIPTION>
    <FUNCTION>xercesc_3_1::DTDElementDecl::getModelType</FUNCTION>
    <DECORATED>?getModelType@DTDElementDecl@xercesc_3_1@@QEBA?AW4ModelTypes@12@XZ</DECORATED>
    <FUNCLINE>231</FUNCLINE>
    <PATH></PATH>
  </DEFECT>
</DEFECTS>