<?xml version="1.0" encoding="UTF-8"?><?jaxfront version=3.25;time=2022-07-23 19:28:29.613;xui=file:/C:/Users/c2sim/Desktop/C2SIMGUIv2.12.1/./Config/BMLC2GUIConfigView.xui;xsd=C2SIM_SMX_LOX_ASX_v1.0.1_Order_flat.xsd?><c2s:MessageBody xmlns:c2s="http://www.sisostds.org/schemas/C2SIM/1.1" xmlns:xsi="http://www.w3.org/2001/XMLSchema-instance" xsi:schemaLocation="C2SIM_SMX_LOX_V1.0.2.xsd" xmlns="http://www.sisostds.org/schemas/C2SIM/1.1"><c2s:DomainMessageBody><c2s:OrderBody><c2s:FromSender>00000000-0000-0001-0001-000000000000</c2s:FromSender><c2s:ToReceiver>00000000-0007-0001-0000-000000000000</c2s:ToReceiver><c2s:IssuedTime><c2s:IsoDateTime>0000-00-00T00:00:00Z</c2s:IsoDateTime></c2s:IssuedTime><c2s:OrderID>00000000-0001-0001-1000-200400000000</c2s:OrderID><c2s:Task><c2s:ManeuverWarfareTask><c2s:Location><c2s:GeodeticCoordinate><c2s:Latitude>58.637863</c2s:Latitude><c2s:Longitude>16.162447</c2s:Longitude></c2s:GeodeticCoordinate></c2s:Location><c2s:MapGraphicID>00000000-0001-0001-1000-000000000002</c2s:MapGraphicID><c2s:Name>Move-3BnBCoy-2</c2s:Name><c2s:UUID>00000000-0001-0001-1000-201000000000</c2s:UUID><c2s:AffectedEntity>00000000-0001-0001-1320-000000000000</c2s:AffectedEntity><c2s:DesiredEffectCode>TaskSuccess</c2s:DesiredEffectCode><c2s:PerformingEntity>00000000-0001-0001-1320-000000000000</c2s:PerformingEntity><c2s:StartTime><c2s:RelativeTime><c2s:DelayTimeAmount><c2s:IsoTimeDuration>P00Y00M00DT00H00M00S</c2s:IsoTimeDuration></c2s:DelayTimeAmount><c2s:EventReference>00000000-0001-0001-1000-000900000000</c2s:EventReference><c2s:TimeReferenceCode>IntervalEndTime</c2s:TimeReferenceCode></c2s:RelativeTime></c2s:StartTime><c2s:TaskActionCode>MOVE</c2s:TaskActionCode><c2s:RuleOfEngagement><c2s:MipWeaponUseROE><c2s:WeaponROECode><c2s:WeaponRuleOfEngagementCode>ROEHold</c2s:WeaponRuleOfEngagementCode></c2s:WeaponROECode></c2s:MipWeaponUseROE></c2s:RuleOfEngagement></c2s:ManeuverWarfareTask></c2s:Task></c2s:OrderBody></c2s:DomainMessageBody></c2s:MessageBody>