<?xml version="1.0" encoding="UTF-8"?>
<MessageBody xmlns="http://www.sisostds.org/schemas/C2SIM/1.1"><DomainMessageBody><ReportBody><FromSender>00000000-0000-0000-0000-000000000000</FromSender><ToReceiver>00000000-0000-0000-0000-000000000001</ToReceiver><ReportContent><PositionReportContent xmlns:vc="http://www.w3.org/2007/XMLSchema-versioning" xmlns:xs="http://www.w3.org/2001/XMLSchema" xmlns:xsd="http://www.w3.org/2001/XMLSchema#"><TimeOfObservation><DateTime><IsoDateTime>0</IsoDateTime></DateTime></TimeOfObservation><EntityHealthStatus><OperationalStatus><OperationalStatusCode>MOPS</OperationalStatusCode></OperationalStatus></EntityHealthStatus><SubjectEntity>1/1 OPFOR-ARMOR</SubjectEntity></PositionReportContent></ReportContent><ReportingEntity>1/202 INF</ReportingEntity></ReportBody></DomainMessageBody></MessageBody>