<?xml version="1.0" encoding="UTF-8"?>
<project-private xmlns="http://www.netbeans.org/ns/project-private/1">
    <editor-bookmarks xmlns="http://www.netbeans.org/ns/editor-bookmarks/2" lastBookmarkId="0"/>
    <open-files xmlns="http://www.netbeans.org/ns/projectui-open-files/2">
        <group>
            <file>file:/C:/Users/c2sim/Desktop/C2SIMClientLibv4.8.0.0/src/edu/gmu/c4i/c2simclientlib2/C2SIMHeader.java</file>
            <file>file:/C:/Users/c2sim/Desktop/C2SIMClientLibv4.8.0.0/src/edu/gmu/c4i/c2simclientlib2/C2SIMClientSTOMP_Lib.java</file>
            <file>file:/C:/Users/c2sim/Desktop/C2SIMClientLibv4.8.0.0/src/edu/gmu/c4i/c2simclientlib2/C2SIMClientREST_Lib.java</file>
        </group>
    </open-files>
</project-private>
