<?xml version="1.0" encoding="UTF-8" standalone="yes" ?>
<!DOCTYPE boost_serialization>
<boost_serialization signature="serialization::archive" version="9">
<DtScriptedTaskMetaData class_id="0" tracking_level="0" version="12">
	<myScriptId>set_point_agl</myScriptId>
	<myMenuText>Set Point Altitude AGL</myMenuText>
	<myToolTip></myToolTip>
	<myMenuIcon></myMenuIcon>
	<myVersion>1</myVersion>
	<myScriptEngine>lua</myScriptEngine>
	<myComments></myComments>
	<myMenuLocations class_id="1" tracking_level="0" version="0">
		<count>1</count>
		<item_version>0</item_version>
		<item>Position/$(menutext)&lt;Position/DtVrfSetLocationAction</item>
	</myMenuLocations>
	<myIsSystemScript>1</myIsSystemScript>
	<myDescription></myDescription>
	<myScriptLocation>..\data\simulationModelSets\EntityLevel\scripts\\set_point_location.lua</myScriptLocation>
	<myDirectoryPath>Tactical Graphics</myDirectoryPath>
	<myEntityTypes>
		<count>1</count>
		<item_version>0</item_version>
		<item>16:-1:-1:-1:-1:-1:-1</item>
	</myEntityTypes>
	<myVariables>
		<count>1</count>
		<item_version>0</item_version>
		<item>&lt;?xml version=&quot;1.0&quot; encoding=&quot;UTF-8&quot; standalone=&quot;yes&quot; ?&gt;
&lt;!DOCTYPE boost_serialization&gt;
&lt;boost_serialization signature=&quot;serialization::archive&quot; version=&quot;9&quot;&gt;
&lt;DtScriptedTaskVariable class_id=&quot;0&quot; tracking_level=&quot;0&quot; version=&quot;4&quot;&gt;
	&lt;myVariableName&gt;altitudeAgl&lt;/myVariableName&gt;
	&lt;myType&gt;double&lt;/myType&gt;
	&lt;myLabel&gt;New Altitude AGL (m)&lt;/myLabel&gt;
	&lt;myToolTip&gt;&lt;/myToolTip&gt;
	&lt;myDefaultValue&gt;0&lt;/myDefaultValue&gt;
	&lt;myRangeBottom&gt;-100000&lt;/myRangeBottom&gt;
	&lt;myRangeTop&gt;100000&lt;/myRangeTop&gt;
	&lt;myVariableData&gt;&lt;/myVariableData&gt;
	&lt;myVisible&gt;1&lt;/myVisible&gt;
	&lt;myIndent&gt;0&lt;/myIndent&gt;
	&lt;myInternal&gt;0&lt;/myInternal&gt;
	&lt;myScriptedTaskVariableName&gt;&lt;/myScriptedTaskVariableName&gt;
&lt;/DtScriptedTaskVariable&gt;
</item>
	</myVariables>
	<myScript></myScript>
	<myActionCategories>Movement</myActionCategories>
	<myShowInMenu>1</myShowInMenu>
	<myEncrypted>0</myEncrypted>
	<myScriptType>4</myScriptType>
	<myDoctrines></myDoctrines>
	<myFlags>1</myFlags>
	<myShowInToolbar>0</myShowInToolbar>
	<myToolbarLocation></myToolbarLocation>
	<myExtendedMenuText></myExtendedMenuText>
	<myShortDescription></myShortDescription>
	<myUiLayout></myUiLayout>
	<myAliases class_id="2" tracking_level="0" version="0">
		<count>0</count>
		<item_version>0</item_version>
	</myAliases>
</DtScriptedTaskMetaData>
</boost_serialization>

